faiss_index,corpus_row_index,chunk_id,doc_id
0,0,doc_00000_1ceb318e_chunk_0,doc_00000_1ceb318e
1,1,doc_00001_66c1acd8_chunk_0,doc_00001_66c1acd8
2,2,doc_00002_50f4dcb0_chunk_0,doc_00002_50f4dcb0
3,3,doc_00003_829e480b_chunk_0,doc_00003_829e480b
4,4,doc_00004_b65111b4_chunk_0,doc_00004_b65111b4
5,5,doc_00005_f2061f5c_chunk_0,doc_00005_f2061f5c
6,6,doc_00006_bd9b2f5b_chunk_0,doc_00006_bd9b2f5b
7,7,doc_00007_3bd66e6e_chunk_0,doc_00007_3bd66e6e
8,8,doc_00008_342fe237_chunk_0,doc_00008_342fe237
9,9,doc_00009_50539d57_chunk_0,doc_00009_50539d57
10,10,doc_00010_a0d6cb51_chunk_0,doc_00010_a0d6cb51
11,11,doc_00011_75a54737_chunk_0,doc_00011_75a54737
12,12,doc_00012_d182de32_chunk_0,doc_00012_d182de32
13,13,doc_00013_74960b1d_chunk_0,doc_00013_74960b1d
14,14,doc_00014_edb0a0a9_chunk_0,doc_00014_edb0a0a9
15,15,doc_00015_66356134_chunk_0,doc_00015_66356134
16,16,doc_00016_db2860a7_chunk_0,doc_00016_db2860a7
17,17,doc_00017_666d9ce7_chunk_0,doc_00017_666d9ce7
18,18,doc_00018_697b6e53_chunk_0,doc_00018_697b6e53
19,19,doc_00019_7b3c755e_chunk_0,doc_00019_7b3c755e
20,20,doc_00020_5396d7da_chunk_0,doc_00020_5396d7da
21,21,doc_00021_2eec36cc_chunk_0,doc_00021_2eec36cc
22,22,doc_00022_7538bb53_chunk_0,doc_00022_7538bb53
23,23,doc_00023_5b9ecd4f_chunk_0,doc_00023_5b9ecd4f
24,24,doc_00024_147edfd5_chunk_0,doc_00024_147edfd5
25,25,doc_00025_1bd711b2_chunk_0,doc_00025_1bd711b2
26,26,doc_00026_b1d21a79_chunk_0,doc_00026_b1d21a79
27,27,doc_00027_94e8b617_chunk_0,doc_00027_94e8b617
28,28,doc_00028_5a5ad473_chunk_0,doc_00028_5a5ad473
29,29,doc_00029_4973bfbe_chunk_0,doc_00029_4973bfbe
30,30,doc_00030_6a320df2_chunk_0,doc_00030_6a320df2
31,31,doc_00031_f841e8ca_chunk_0,doc_00031_f841e8ca
32,32,doc_00032_583c6c4a_chunk_0,doc_00032_583c6c4a
33,33,doc_00033_3e32ddc2_chunk_0,doc_00033_3e32ddc2
34,34,doc_00034_db702baa_chunk_0,doc_00034_db702baa
35,35,doc_00035_bcafce7e_chunk_0,doc_00035_bcafce7e
36,36,doc_00036_d50596bf_chunk_0,doc_00036_d50596bf
37,37,doc_00037_675bac75_chunk_0,doc_00037_675bac75
38,38,doc_00038_56177253_chunk_0,doc_00038_56177253
39,39,doc_00039_37fe3435_chunk_0,doc_00039_37fe3435
40,40,doc_00040_283770ac_chunk_0,doc_00040_283770ac
41,41,doc_00041_ef12551e_chunk_0,doc_00041_ef12551e
42,42,doc_00042_c5f62048_chunk_0,doc_00042_c5f62048
43,43,doc_00043_ffdcbbf1_chunk_0,doc_00043_ffdcbbf1
44,44,doc_00044_487dd419_chunk_0,doc_00044_487dd419
45,45,doc_00045_a43e99bd_chunk_0,doc_00045_a43e99bd
46,46,doc_00046_41da7025_chunk_0,doc_00046_41da7025
47,47,doc_00047_a20dbd86_chunk_0,doc_00047_a20dbd86
48,48,doc_00048_973cd775_chunk_0,doc_00048_973cd775
49,49,doc_00049_b2e094f5_chunk_0,doc_00049_b2e094f5
50,50,doc_00050_981b8c62_chunk_0,doc_00050_981b8c62
51,51,doc_00051_42986546_chunk_0,doc_00051_42986546
52,52,doc_00052_96e675b4_chunk_0,doc_00052_96e675b4
53,53,doc_00053_00c3bec0_chunk_0,doc_00053_00c3bec0
54,54,doc_00054_7ea07392_chunk_0,doc_00054_7ea07392
55,55,doc_00055_a87402a0_chunk_0,doc_00055_a87402a0
56,56,doc_00056_ca14b4cf_chunk_0,doc_00056_ca14b4cf
57,57,doc_00057_2a5d3e8d_chunk_0,doc_00057_2a5d3e8d
58,58,doc_00058_d005e721_chunk_0,doc_00058_d005e721
59,59,doc_00059_5b0a341c_chunk_0,doc_00059_5b0a341c
60,60,doc_00060_6615f5ee_chunk_0,doc_00060_6615f5ee
61,61,doc_00061_29983380_chunk_0,doc_00061_29983380
62,62,doc_00062_cec7e82f_chunk_0,doc_00062_cec7e82f
63,63,doc_00063_f73eb77b_chunk_0,doc_00063_f73eb77b
64,64,doc_00064_f6e3964e_chunk_0,doc_00064_f6e3964e
65,65,doc_00065_8cf7e87a_chunk_0,doc_00065_8cf7e87a
66,66,doc_00066_9ddec8a1_chunk_0,doc_00066_9ddec8a1
67,67,doc_00067_9c459ae8_chunk_0,doc_00067_9c459ae8
68,68,doc_00068_258630c7_chunk_0,doc_00068_258630c7
69,69,doc_00069_acdebac5_chunk_0,doc_00069_acdebac5
70,70,doc_00070_b5fb13dd_chunk_0,doc_00070_b5fb13dd
71,71,doc_00071_1d88d1f1_chunk_0,doc_00071_1d88d1f1
72,72,doc_00072_66c28faa_chunk_0,doc_00072_66c28faa
73,73,doc_00073_34a9b8b1_chunk_0,doc_00073_34a9b8b1
74,74,doc_00074_f0b3e052_chunk_0,doc_00074_f0b3e052
75,75,doc_00075_d1ce8c72_chunk_0,doc_00075_d1ce8c72
76,76,doc_00076_e8c264e0_chunk_0,doc_00076_e8c264e0
77,77,doc_00077_ce63bc08_chunk_0,doc_00077_ce63bc08
78,78,doc_00078_875a26bd_chunk_0,doc_00078_875a26bd
79,79,doc_00079_80c24858_chunk_0,doc_00079_80c24858
80,80,doc_00080_0228e3b9_chunk_0,doc_00080_0228e3b9
81,81,doc_00081_ba727465_chunk_0,doc_00081_ba727465
82,82,doc_00082_8289ebbc_chunk_0,doc_00082_8289ebbc
83,83,doc_00083_cafcfc26_chunk_0,doc_00083_cafcfc26
84,84,doc_00084_74d3b1ea_chunk_0,doc_00084_74d3b1ea
85,85,doc_00085_b8f4ed2d_chunk_0,doc_00085_b8f4ed2d
86,86,doc_00086_f44175b6_chunk_0,doc_00086_f44175b6
87,87,doc_00087_63177155_chunk_0,doc_00087_63177155
88,88,doc_00088_420d2641_chunk_0,doc_00088_420d2641
89,89,doc_00089_e3034d92_chunk_0,doc_00089_e3034d92
90,90,doc_00090_b1032106_chunk_0,doc_00090_b1032106
91,91,doc_00091_a1e0a26d_chunk_0,doc_00091_a1e0a26d
92,92,doc_00092_3645bd07_chunk_0,doc_00092_3645bd07
93,93,doc_00093_bc394d67_chunk_0,doc_00093_bc394d67
94,94,doc_00094_415a8910_chunk_0,doc_00094_415a8910
95,95,doc_00095_90900a40_chunk_0,doc_00095_90900a40
96,96,doc_00096_8f916a8b_chunk_0,doc_00096_8f916a8b
97,97,doc_00097_46ad144c_chunk_0,doc_00097_46ad144c
98,98,doc_00098_785a1639_chunk_0,doc_00098_785a1639
99,99,doc_00099_99b34a54_chunk_0,doc_00099_99b34a54
100,100,doc_00100_44fdbf07_chunk_0,doc_00100_44fdbf07
101,101,doc_00101_c5c9de1a_chunk_0,doc_00101_c5c9de1a
102,102,doc_00102_6e8c0151_chunk_0,doc_00102_6e8c0151
103,103,doc_00103_0ddcac83_chunk_0,doc_00103_0ddcac83
104,104,doc_00104_5dee68e2_chunk_0,doc_00104_5dee68e2
105,105,doc_00105_50eba716_chunk_0,doc_00105_50eba716
106,106,doc_00106_e98e0ede_chunk_0,doc_00106_e98e0ede
107,107,doc_00107_e6afaab5_chunk_0,doc_00107_e6afaab5
108,108,doc_00108_f80959fd_chunk_0,doc_00108_f80959fd
109,109,doc_00109_2cdabd52_chunk_0,doc_00109_2cdabd52
110,110,doc_00110_7e2bd625_chunk_0,doc_00110_7e2bd625
111,111,doc_00111_0f0dcd75_chunk_0,doc_00111_0f0dcd75
112,112,doc_00112_eea06ead_chunk_0,doc_00112_eea06ead
113,113,doc_00113_99678c27_chunk_0,doc_00113_99678c27
114,114,doc_00114_3f1c8c1a_chunk_0,doc_00114_3f1c8c1a
115,115,doc_00115_b80ffcc8_chunk_0,doc_00115_b80ffcc8
116,116,doc_00116_036b8f06_chunk_0,doc_00116_036b8f06
117,117,doc_00117_518fbfe6_chunk_0,doc_00117_518fbfe6
118,118,doc_00118_cc780b23_chunk_0,doc_00118_cc780b23
119,119,doc_00119_d8d1a695_chunk_0,doc_00119_d8d1a695
120,120,doc_00120_c3284807_chunk_0,doc_00120_c3284807
121,121,doc_00121_c8ab43f1_chunk_0,doc_00121_c8ab43f1
122,122,doc_00122_62490227_chunk_0,doc_00122_62490227
123,123,doc_00123_09674d66_chunk_0,doc_00123_09674d66
124,124,doc_00124_2a910314_chunk_0,doc_00124_2a910314
125,125,doc_00125_ccbcab44_chunk_0,doc_00125_ccbcab44
126,126,doc_00126_449e19c9_chunk_0,doc_00126_449e19c9
127,127,doc_00127_285f5ca4_chunk_0,doc_00127_285f5ca4
128,128,doc_00128_2864236f_chunk_0,doc_00128_2864236f
129,129,doc_00129_9b918fdb_chunk_0,doc_00129_9b918fdb
130,130,doc_00130_83ead746_chunk_0,doc_00130_83ead746
131,131,doc_00131_28b46b35_chunk_0,doc_00131_28b46b35
132,132,doc_00132_d1b6785b_chunk_0,doc_00132_d1b6785b
133,133,doc_00133_c563bc6c_chunk_0,doc_00133_c563bc6c
134,134,doc_00134_616a1307_chunk_0,doc_00134_616a1307
135,135,doc_00135_66d35383_chunk_0,doc_00135_66d35383
136,136,doc_00136_5b57a137_chunk_0,doc_00136_5b57a137
137,137,doc_00137_bbf7e62e_chunk_0,doc_00137_bbf7e62e
138,138,doc_00138_bd067acb_chunk_0,doc_00138_bd067acb
139,139,doc_00139_0bc0d5a6_chunk_0,doc_00139_0bc0d5a6
140,140,doc_00140_f981db50_chunk_0,doc_00140_f981db50
141,141,doc_00141_2332c45d_chunk_0,doc_00141_2332c45d
142,142,doc_00142_ba298dd6_chunk_0,doc_00142_ba298dd6
143,143,doc_00143_76e17894_chunk_0,doc_00143_76e17894
144,144,doc_00144_55d681c4_chunk_0,doc_00144_55d681c4
145,145,doc_00145_ba47a606_chunk_0,doc_00145_ba47a606
146,146,doc_00146_15217a9a_chunk_0,doc_00146_15217a9a
147,147,doc_00147_63bcb018_chunk_0,doc_00147_63bcb018
148,148,doc_00148_9c713649_chunk_0,doc_00148_9c713649
149,149,doc_00149_b0240d59_chunk_0,doc_00149_b0240d59
150,150,doc_00150_567451f4_chunk_0,doc_00150_567451f4
151,151,doc_00151_5f4e6f37_chunk_0,doc_00151_5f4e6f37
152,152,doc_00152_06b0dc94_chunk_0,doc_00152_06b0dc94
153,153,doc_00153_54563948_chunk_0,doc_00153_54563948
154,154,doc_00154_e2860bf7_chunk_0,doc_00154_e2860bf7
155,155,doc_00155_648adac2_chunk_0,doc_00155_648adac2
156,156,doc_00156_cd178c37_chunk_0,doc_00156_cd178c37
157,157,doc_00157_705ef133_chunk_0,doc_00157_705ef133
158,158,doc_00158_96aa02de_chunk_0,doc_00158_96aa02de
159,159,doc_00159_eb889ecc_chunk_0,doc_00159_eb889ecc
160,160,doc_00160_c06d3142_chunk_0,doc_00160_c06d3142
161,161,doc_00161_bca0fea7_chunk_0,doc_00161_bca0fea7
162,162,doc_00162_db0cc49a_chunk_0,doc_00162_db0cc49a
163,163,doc_00163_9f87c3ed_chunk_0,doc_00163_9f87c3ed
164,164,doc_00164_f4b7c920_chunk_0,doc_00164_f4b7c920
165,165,doc_00165_bfc7a024_chunk_0,doc_00165_bfc7a024
166,166,doc_00166_d10e09fb_chunk_0,doc_00166_d10e09fb
167,167,doc_00167_7d3c5ea4_chunk_0,doc_00167_7d3c5ea4
168,168,doc_00168_0c427cf7_chunk_0,doc_00168_0c427cf7
169,169,doc_00169_3dde5016_chunk_0,doc_00169_3dde5016
170,170,doc_00170_03f8eec2_chunk_0,doc_00170_03f8eec2
171,171,doc_00171_fd61a311_chunk_0,doc_00171_fd61a311
172,172,doc_00172_edf82194_chunk_0,doc_00172_edf82194
173,173,doc_00173_d54b31f1_chunk_0,doc_00173_d54b31f1
174,174,doc_00174_4f6bf4f5_chunk_0,doc_00174_4f6bf4f5
175,175,doc_00175_c5ca1ef9_chunk_0,doc_00175_c5ca1ef9
176,176,doc_00176_66f4fb9b_chunk_0,doc_00176_66f4fb9b
177,177,doc_00177_0fae4c49_chunk_0,doc_00177_0fae4c49
178,178,doc_00178_628d3d33_chunk_0,doc_00178_628d3d33
179,179,doc_00179_27583a2c_chunk_0,doc_00179_27583a2c
180,180,doc_00180_ea926362_chunk_0,doc_00180_ea926362
181,181,doc_00181_4ac90bd2_chunk_0,doc_00181_4ac90bd2
182,182,doc_00182_70d56b53_chunk_0,doc_00182_70d56b53
183,183,doc_00183_626ed104_chunk_0,doc_00183_626ed104
184,184,doc_00184_4400eb23_chunk_0,doc_00184_4400eb23
185,185,doc_00185_0f423bc1_chunk_0,doc_00185_0f423bc1
186,186,doc_00186_a18c1fa2_chunk_0,doc_00186_a18c1fa2
187,187,doc_00187_32a9461a_chunk_0,doc_00187_32a9461a
188,188,doc_00188_b4439e4b_chunk_0,doc_00188_b4439e4b
189,189,doc_00189_e7811d3c_chunk_0,doc_00189_e7811d3c
190,190,doc_00190_749629ef_chunk_0,doc_00190_749629ef
191,191,doc_00191_8e98c77c_chunk_0,doc_00191_8e98c77c
192,192,doc_00192_4a4fdbe1_chunk_0,doc_00192_4a4fdbe1
193,193,doc_00193_2726e87f_chunk_0,doc_00193_2726e87f
194,194,doc_00194_e198af04_chunk_0,doc_00194_e198af04
195,195,doc_00195_0215db1b_chunk_0,doc_00195_0215db1b
196,196,doc_00196_3248ea89_chunk_0,doc_00196_3248ea89
197,197,doc_00197_38b01a84_chunk_0,doc_00197_38b01a84
198,198,doc_00198_1eebad5e_chunk_0,doc_00198_1eebad5e
199,199,doc_00199_2fb988fc_chunk_0,doc_00199_2fb988fc
200,200,doc_00200_86326dbe_chunk_0,doc_00200_86326dbe
201,201,doc_00201_ef359271_chunk_0,doc_00201_ef359271
202,202,doc_00202_e73610d1_chunk_0,doc_00202_e73610d1
203,203,doc_00203_7d3e92ce_chunk_0,doc_00203_7d3e92ce
204,204,doc_00204_cb5652f0_chunk_0,doc_00204_cb5652f0
205,205,doc_00205_b59c1fe5_chunk_0,doc_00205_b59c1fe5
206,206,doc_00206_7218e7be_chunk_0,doc_00206_7218e7be
207,207,doc_00207_03e039e7_chunk_0,doc_00207_03e039e7
208,208,doc_00208_cd4fde03_chunk_0,doc_00208_cd4fde03
209,209,doc_00208_cd4fde03_chunk_1,doc_00208_cd4fde03
210,210,doc_00209_c9533517_chunk_0,doc_00209_c9533517
211,211,doc_00210_a6e0b6a6_chunk_0,doc_00210_a6e0b6a6
212,212,doc_00211_64c67cbf_chunk_0,doc_00211_64c67cbf
213,213,doc_00212_c18d3ab2_chunk_0,doc_00212_c18d3ab2
214,214,doc_00213_c54614c4_chunk_0,doc_00213_c54614c4
215,215,doc_00214_8036027b_chunk_0,doc_00214_8036027b
216,216,doc_00215_3e685093_chunk_0,doc_00215_3e685093
217,217,doc_00216_7d966ba8_chunk_0,doc_00216_7d966ba8
218,218,doc_00217_e3a7544d_chunk_0,doc_00217_e3a7544d
219,219,doc_00218_0e91bf61_chunk_0,doc_00218_0e91bf61
220,220,doc_00219_8436a9bc_chunk_0,doc_00219_8436a9bc
221,221,doc_00220_540bd7ad_chunk_0,doc_00220_540bd7ad
222,222,doc_00221_86ba8e7c_chunk_0,doc_00221_86ba8e7c
223,223,doc_00222_9a11d6f4_chunk_0,doc_00222_9a11d6f4
224,224,doc_00223_6044972c_chunk_0,doc_00223_6044972c
225,225,doc_00224_32a3743c_chunk_0,doc_00224_32a3743c
226,226,doc_00225_4590f362_chunk_0,doc_00225_4590f362
227,227,doc_00226_77c9713e_chunk_0,doc_00226_77c9713e
228,228,doc_00227_cc830960_chunk_0,doc_00227_cc830960
229,229,doc_00228_b8a968fe_chunk_0,doc_00228_b8a968fe
230,230,doc_00229_907c6f2c_chunk_0,doc_00229_907c6f2c
231,231,doc_00230_b522245a_chunk_0,doc_00230_b522245a
232,232,doc_00231_cd42f821_chunk_0,doc_00231_cd42f821
233,233,doc_00232_ed9193e0_chunk_0,doc_00232_ed9193e0
234,234,doc_00233_59cec838_chunk_0,doc_00233_59cec838
235,235,doc_00234_1be12cfc_chunk_0,doc_00234_1be12cfc
236,236,doc_00235_3f7836af_chunk_0,doc_00235_3f7836af
237,237,doc_00236_fad2013f_chunk_0,doc_00236_fad2013f
238,238,doc_00237_94227af8_chunk_0,doc_00237_94227af8
239,239,doc_00238_6b4d55b0_chunk_0,doc_00238_6b4d55b0
240,240,doc_00239_5f394007_chunk_0,doc_00239_5f394007
241,241,doc_00240_df93a2fb_chunk_0,doc_00240_df93a2fb
242,242,doc_00241_69df7f77_chunk_0,doc_00241_69df7f77
243,243,doc_00242_e14f6982_chunk_0,doc_00242_e14f6982
244,244,doc_00243_32e82fe7_chunk_0,doc_00243_32e82fe7
245,245,doc_00244_667714a0_chunk_0,doc_00244_667714a0
246,246,doc_00245_d8158ae3_chunk_0,doc_00245_d8158ae3
247,247,doc_00246_8e38db48_chunk_0,doc_00246_8e38db48
248,248,doc_00247_01dfcf28_chunk_0,doc_00247_01dfcf28
249,249,doc_00248_4ec5a2f2_chunk_0,doc_00248_4ec5a2f2
250,250,doc_00249_84207552_chunk_0,doc_00249_84207552
251,251,doc_00250_b1ee5b2c_chunk_0,doc_00250_b1ee5b2c
252,252,doc_00251_f219242d_chunk_0,doc_00251_f219242d
253,253,doc_00252_314c7d9c_chunk_0,doc_00252_314c7d9c
254,254,doc_00253_a62de809_chunk_0,doc_00253_a62de809
255,255,doc_00254_f2a0d0e0_chunk_0,doc_00254_f2a0d0e0
256,256,doc_00255_3c854b70_chunk_0,doc_00255_3c854b70
257,257,doc_00256_b1934120_chunk_0,doc_00256_b1934120
258,258,doc_00257_c891edea_chunk_0,doc_00257_c891edea
259,259,doc_00258_cb952b19_chunk_0,doc_00258_cb952b19
260,260,doc_00259_0f2d3a80_chunk_0,doc_00259_0f2d3a80
261,261,doc_00260_8be18049_chunk_0,doc_00260_8be18049
262,262,doc_00261_bf6a38ca_chunk_0,doc_00261_bf6a38ca
263,263,doc_00262_e7417695_chunk_0,doc_00262_e7417695
264,264,doc_00263_2563c6a5_chunk_0,doc_00263_2563c6a5
265,265,doc_00264_4e3fef67_chunk_0,doc_00264_4e3fef67
266,266,doc_00265_7f9a2437_chunk_0,doc_00265_7f9a2437
267,267,doc_00266_048dea8f_chunk_0,doc_00266_048dea8f
268,268,doc_00267_4f24ad10_chunk_0,doc_00267_4f24ad10
269,269,doc_00268_666924e3_chunk_0,doc_00268_666924e3
270,270,doc_00269_73111770_chunk_0,doc_00269_73111770
271,271,doc_00270_426f007b_chunk_0,doc_00270_426f007b
272,272,doc_00271_1562f4d4_chunk_0,doc_00271_1562f4d4
273,273,doc_00272_7a504178_chunk_0,doc_00272_7a504178
274,274,doc_00273_dd88cf29_chunk_0,doc_00273_dd88cf29
275,275,doc_00274_f056523d_chunk_0,doc_00274_f056523d
276,276,doc_00275_ba5b022f_chunk_0,doc_00275_ba5b022f
277,277,doc_00276_5ac4d192_chunk_0,doc_00276_5ac4d192
278,278,doc_00277_682542e7_chunk_0,doc_00277_682542e7
279,279,doc_00278_50270ace_chunk_0,doc_00278_50270ace
280,280,doc_00279_c0eb32f7_chunk_0,doc_00279_c0eb32f7
281,281,doc_00280_47bd956d_chunk_0,doc_00280_47bd956d
282,282,doc_00281_972fd5e1_chunk_0,doc_00281_972fd5e1
283,283,doc_00282_506a072a_chunk_0,doc_00282_506a072a
284,284,doc_00283_e13b223a_chunk_0,doc_00283_e13b223a
285,285,doc_00284_eff3878f_chunk_0,doc_00284_eff3878f
286,286,doc_00285_5269abe4_chunk_0,doc_00285_5269abe4
287,287,doc_00286_bc5d846f_chunk_0,doc_00286_bc5d846f
288,288,doc_00286_bc5d846f_chunk_1,doc_00286_bc5d846f
289,289,doc_00287_2f941721_chunk_0,doc_00287_2f941721
290,290,doc_00288_e49c04d1_chunk_0,doc_00288_e49c04d1
291,291,doc_00289_23cea0a4_chunk_0,doc_00289_23cea0a4
292,292,doc_00290_87a1a807_chunk_0,doc_00290_87a1a807
293,293,doc_00291_a830b23d_chunk_0,doc_00291_a830b23d
294,294,doc_00292_a511e574_chunk_0,doc_00292_a511e574
295,295,doc_00293_b95f3a00_chunk_0,doc_00293_b95f3a00
296,296,doc_00294_019c7d50_chunk_0,doc_00294_019c7d50
297,297,doc_00295_be03dc52_chunk_0,doc_00295_be03dc52
298,298,doc_00295_be03dc52_chunk_1,doc_00295_be03dc52
299,299,doc_00296_7b94ea5f_chunk_0,doc_00296_7b94ea5f
300,300,doc_00296_7b94ea5f_chunk_1,doc_00296_7b94ea5f
301,301,doc_00297_466c8d1e_chunk_0,doc_00297_466c8d1e
302,302,doc_00297_466c8d1e_chunk_1,doc_00297_466c8d1e
303,303,doc_00298_af9a1bd7_chunk_0,doc_00298_af9a1bd7
304,304,doc_00299_cc3452de_chunk_0,doc_00299_cc3452de
305,305,doc_00300_4f62a888_chunk_0,doc_00300_4f62a888
306,306,doc_00301_c2c1d8dc_chunk_0,doc_00301_c2c1d8dc
307,307,doc_00302_2a74e847_chunk_0,doc_00302_2a74e847
308,308,doc_00303_1a0f82f0_chunk_0,doc_00303_1a0f82f0
309,309,doc_00303_1a0f82f0_chunk_1,doc_00303_1a0f82f0
310,310,doc_00304_5fd63137_chunk_0,doc_00304_5fd63137
311,311,doc_00304_5fd63137_chunk_1,doc_00304_5fd63137
312,312,doc_00305_df92328d_chunk_0,doc_00305_df92328d
313,313,doc_00306_be62e028_chunk_0,doc_00306_be62e028
314,314,doc_00306_be62e028_chunk_1,doc_00306_be62e028
315,315,doc_00307_22faeca6_chunk_0,doc_00307_22faeca6
316,316,doc_00308_6b0f9b6c_chunk_0,doc_00308_6b0f9b6c
317,317,doc_00309_56bb5c50_chunk_0,doc_00309_56bb5c50
318,318,doc_00310_a955192f_chunk_0,doc_00310_a955192f
319,319,doc_00310_a955192f_chunk_1,doc_00310_a955192f
320,320,doc_00311_aa29c915_chunk_0,doc_00311_aa29c915
321,321,doc_00311_aa29c915_chunk_1,doc_00311_aa29c915
322,322,doc_00312_fcb8f65f_chunk_0,doc_00312_fcb8f65f
323,323,doc_00312_fcb8f65f_chunk_1,doc_00312_fcb8f65f
324,324,doc_00313_47c296a9_chunk_0,doc_00313_47c296a9
325,325,doc_00313_47c296a9_chunk_1,doc_00313_47c296a9
326,326,doc_00314_4824bb59_chunk_0,doc_00314_4824bb59
327,327,doc_00314_4824bb59_chunk_1,doc_00314_4824bb59
328,328,doc_00315_3238ae8d_chunk_0,doc_00315_3238ae8d
329,329,doc_00316_cf88353f_chunk_0,doc_00316_cf88353f
330,330,doc_00316_cf88353f_chunk_1,doc_00316_cf88353f
331,331,doc_00317_7582e729_chunk_0,doc_00317_7582e729
332,332,doc_00318_19d2a9fe_chunk_0,doc_00318_19d2a9fe
333,333,doc_00318_19d2a9fe_chunk_1,doc_00318_19d2a9fe
334,334,doc_00319_f0d52d6f_chunk_0,doc_00319_f0d52d6f
335,335,doc_00320_c72d7a41_chunk_0,doc_00320_c72d7a41
336,336,doc_00320_c72d7a41_chunk_1,doc_00320_c72d7a41
337,337,doc_00321_95c2339c_chunk_0,doc_00321_95c2339c
338,338,doc_00321_95c2339c_chunk_1,doc_00321_95c2339c
339,339,doc_00322_9128ace6_chunk_0,doc_00322_9128ace6
340,340,doc_00323_1c369877_chunk_0,doc_00323_1c369877
341,341,doc_00324_ae54ecc6_chunk_0,doc_00324_ae54ecc6
342,342,doc_00325_e1c4668e_chunk_0,doc_00325_e1c4668e
343,343,doc_00326_d0a99fa3_chunk_0,doc_00326_d0a99fa3
344,344,doc_00327_229b0798_chunk_0,doc_00327_229b0798
345,345,doc_00328_f36ac041_chunk_0,doc_00328_f36ac041
346,346,doc_00329_92cc9609_chunk_0,doc_00329_92cc9609
347,347,doc_00330_0e2f34ba_chunk_0,doc_00330_0e2f34ba
348,348,doc_00331_868ef5d4_chunk_0,doc_00331_868ef5d4
349,349,doc_00332_3ea293aa_chunk_0,doc_00332_3ea293aa
350,350,doc_00333_f2911d3d_chunk_0,doc_00333_f2911d3d
351,351,doc_00334_bf55ad53_chunk_0,doc_00334_bf55ad53
352,352,doc_00335_fe65662b_chunk_0,doc_00335_fe65662b
353,353,doc_00336_195c608e_chunk_0,doc_00336_195c608e
354,354,doc_00337_6a0c9521_chunk_0,doc_00337_6a0c9521
355,355,doc_00338_46340e59_chunk_0,doc_00338_46340e59
356,356,doc_00339_9ea07769_chunk_0,doc_00339_9ea07769
357,357,doc_00340_d08ceab1_chunk_0,doc_00340_d08ceab1
358,358,doc_00341_4e489292_chunk_0,doc_00341_4e489292
359,359,doc_00342_0e6458de_chunk_0,doc_00342_0e6458de
360,360,doc_00343_36ae4fed_chunk_0,doc_00343_36ae4fed
361,361,doc_00344_007755fd_chunk_0,doc_00344_007755fd
362,362,doc_00345_f85c535e_chunk_0,doc_00345_f85c535e
363,363,doc_00346_b7f90836_chunk_0,doc_00346_b7f90836
364,364,doc_00347_a7d87294_chunk_0,doc_00347_a7d87294
365,365,doc_00348_8a7d1674_chunk_0,doc_00348_8a7d1674
366,366,doc_00349_eebdc04f_chunk_0,doc_00349_eebdc04f
367,367,doc_00350_bedfc8d1_chunk_0,doc_00350_bedfc8d1
368,368,doc_00351_4820eafa_chunk_0,doc_00351_4820eafa
369,369,doc_00352_78060b3b_chunk_0,doc_00352_78060b3b
370,370,doc_00353_05e3b985_chunk_0,doc_00353_05e3b985
371,371,doc_00354_ebe7d559_chunk_0,doc_00354_ebe7d559
372,372,doc_00355_7a3c4e1b_chunk_0,doc_00355_7a3c4e1b
373,373,doc_00356_f58fbf6e_chunk_0,doc_00356_f58fbf6e
374,374,doc_00357_b527ac29_chunk_0,doc_00357_b527ac29
375,375,doc_00358_e599a833_chunk_0,doc_00358_e599a833
376,376,doc_00359_e479936c_chunk_0,doc_00359_e479936c
377,377,doc_00360_74194507_chunk_0,doc_00360_74194507
378,378,doc_00361_7a62876a_chunk_0,doc_00361_7a62876a
379,379,doc_00362_b2753991_chunk_0,doc_00362_b2753991
380,380,doc_00363_7e8978e5_chunk_0,doc_00363_7e8978e5
381,381,doc_00364_0e8d7814_chunk_0,doc_00364_0e8d7814
382,382,doc_00365_e79678aa_chunk_0,doc_00365_e79678aa
383,383,doc_00366_aa6f6114_chunk_0,doc_00366_aa6f6114
384,384,doc_00367_4a7a04b4_chunk_0,doc_00367_4a7a04b4
385,385,doc_00368_ad1913f3_chunk_0,doc_00368_ad1913f3
386,386,doc_00369_91bd562a_chunk_0,doc_00369_91bd562a
387,387,doc_00370_aaf9a18a_chunk_0,doc_00370_aaf9a18a
388,388,doc_00371_53dfaf3b_chunk_0,doc_00371_53dfaf3b
389,389,doc_00372_8e2fcfc4_chunk_0,doc_00372_8e2fcfc4
390,390,doc_00373_4b9f24f1_chunk_0,doc_00373_4b9f24f1
391,391,doc_00374_7f5b56b2_chunk_0,doc_00374_7f5b56b2
392,392,doc_00375_02bc3b62_chunk_0,doc_00375_02bc3b62
393,393,doc_00376_839441a8_chunk_0,doc_00376_839441a8
394,394,doc_00377_4d1e6e67_chunk_0,doc_00377_4d1e6e67
395,395,doc_00378_3f11afaa_chunk_0,doc_00378_3f11afaa
396,396,doc_00379_53eb2559_chunk_0,doc_00379_53eb2559
397,397,doc_00380_7a010486_chunk_0,doc_00380_7a010486
398,398,doc_00381_f59a5cc8_chunk_0,doc_00381_f59a5cc8
399,399,doc_00382_4c9d3bbc_chunk_0,doc_00382_4c9d3bbc
400,400,doc_00383_887990b2_chunk_0,doc_00383_887990b2
401,401,doc_00384_f1071f22_chunk_0,doc_00384_f1071f22
402,402,doc_00385_56bfdd25_chunk_0,doc_00385_56bfdd25
403,403,doc_00386_b95097b4_chunk_0,doc_00386_b95097b4
404,404,doc_00387_40276ca2_chunk_0,doc_00387_40276ca2
405,405,doc_00388_ffb48ff2_chunk_0,doc_00388_ffb48ff2
406,406,doc_00389_2b618760_chunk_0,doc_00389_2b618760
407,407,doc_00390_d7dc9b43_chunk_0,doc_00390_d7dc9b43
408,408,doc_00391_511f772a_chunk_0,doc_00391_511f772a
409,409,doc_00392_5133777d_chunk_0,doc_00392_5133777d
410,410,doc_00393_28330bc5_chunk_0,doc_00393_28330bc5
411,411,doc_00394_325ad340_chunk_0,doc_00394_325ad340
412,412,doc_00395_97697645_chunk_0,doc_00395_97697645
413,413,doc_00396_96bc515b_chunk_0,doc_00396_96bc515b
414,414,doc_00397_246261f0_chunk_0,doc_00397_246261f0
415,415,doc_00398_6cd385b0_chunk_0,doc_00398_6cd385b0
416,416,doc_00399_83951231_chunk_0,doc_00399_83951231
417,417,doc_00400_ca69211b_chunk_0,doc_00400_ca69211b
418,418,doc_00401_123de76a_chunk_0,doc_00401_123de76a
419,419,doc_00402_2eb70b59_chunk_0,doc_00402_2eb70b59
420,420,doc_00403_3fb36241_chunk_0,doc_00403_3fb36241
421,421,doc_00404_3bdec67d_chunk_0,doc_00404_3bdec67d
422,422,doc_00405_f665e0ee_chunk_0,doc_00405_f665e0ee
423,423,doc_00406_73cfb8d1_chunk_0,doc_00406_73cfb8d1
424,424,doc_00407_622db8c9_chunk_0,doc_00407_622db8c9
425,425,doc_00408_7597ee08_chunk_0,doc_00408_7597ee08
426,426,doc_00409_f92f1726_chunk_0,doc_00409_f92f1726
427,427,doc_00410_c3a909ae_chunk_0,doc_00410_c3a909ae
428,428,doc_00411_b67155bf_chunk_0,doc_00411_b67155bf
429,429,doc_00412_e5618a98_chunk_0,doc_00412_e5618a98
430,430,doc_00413_132ee9a1_chunk_0,doc_00413_132ee9a1
431,431,doc_00414_a006b1e8_chunk_0,doc_00414_a006b1e8
432,432,doc_00415_e166d9b4_chunk_0,doc_00415_e166d9b4
433,433,doc_00416_fea9f70e_chunk_0,doc_00416_fea9f70e
434,434,doc_00417_8cc93148_chunk_0,doc_00417_8cc93148
435,435,doc_00418_1333a116_chunk_0,doc_00418_1333a116
436,436,doc_00419_94b176e8_chunk_0,doc_00419_94b176e8
437,437,doc_00420_043fae38_chunk_0,doc_00420_043fae38
438,438,doc_00421_6eebb902_chunk_0,doc_00421_6eebb902
439,439,doc_00422_928e9401_chunk_0,doc_00422_928e9401
440,440,doc_00423_4534c9d2_chunk_0,doc_00423_4534c9d2
441,441,doc_00424_019edc6c_chunk_0,doc_00424_019edc6c
442,442,doc_00425_13a79f52_chunk_0,doc_00425_13a79f52
443,443,doc_00426_44afbc0a_chunk_0,doc_00426_44afbc0a
444,444,doc_00427_7862d0a4_chunk_0,doc_00427_7862d0a4
445,445,doc_00428_572cb616_chunk_0,doc_00428_572cb616
446,446,doc_00429_328d0367_chunk_0,doc_00429_328d0367
447,447,doc_00430_4a130c06_chunk_0,doc_00430_4a130c06
448,448,doc_00431_42cb56ae_chunk_0,doc_00431_42cb56ae
449,449,doc_00432_2312d8a7_chunk_0,doc_00432_2312d8a7
450,450,doc_00433_9a5efb70_chunk_0,doc_00433_9a5efb70
451,451,doc_00434_506f8bf2_chunk_0,doc_00434_506f8bf2
452,452,doc_00435_2873e27c_chunk_0,doc_00435_2873e27c
453,453,doc_00436_729a9e33_chunk_0,doc_00436_729a9e33
454,454,doc_00437_f8f6746c_chunk_0,doc_00437_f8f6746c
455,455,doc_00438_5bf63d49_chunk_0,doc_00438_5bf63d49
456,456,doc_00439_dae1fb5c_chunk_0,doc_00439_dae1fb5c
457,457,doc_00440_466d88c1_chunk_0,doc_00440_466d88c1
458,458,doc_00441_ebdb9b70_chunk_0,doc_00441_ebdb9b70
459,459,doc_00442_c85c6d0e_chunk_0,doc_00442_c85c6d0e
460,460,doc_00443_409b4084_chunk_0,doc_00443_409b4084
461,461,doc_00444_fd31f500_chunk_0,doc_00444_fd31f500
462,462,doc_00445_b44e21c9_chunk_0,doc_00445_b44e21c9
463,463,doc_00446_25fa65d6_chunk_0,doc_00446_25fa65d6
464,464,doc_00447_2e04c037_chunk_0,doc_00447_2e04c037
465,465,doc_00448_6f1ec9e3_chunk_0,doc_00448_6f1ec9e3
466,466,doc_00449_24cb1554_chunk_0,doc_00449_24cb1554
467,467,doc_00450_cf3f272b_chunk_0,doc_00450_cf3f272b
468,468,doc_00451_8e368ef2_chunk_0,doc_00451_8e368ef2
469,469,doc_00452_9d3e10ae_chunk_0,doc_00452_9d3e10ae
470,470,doc_00453_4d4fd27e_chunk_0,doc_00453_4d4fd27e
471,471,doc_00454_72dd7742_chunk_0,doc_00454_72dd7742
472,472,doc_00455_ba3b70ba_chunk_0,doc_00455_ba3b70ba
473,473,doc_00456_9d97377c_chunk_0,doc_00456_9d97377c
474,474,doc_00457_afeb7bf1_chunk_0,doc_00457_afeb7bf1
475,475,doc_00458_a94268e4_chunk_0,doc_00458_a94268e4
476,476,doc_00459_cd6e08a6_chunk_0,doc_00459_cd6e08a6
477,477,doc_00460_e2d860ee_chunk_0,doc_00460_e2d860ee
478,478,doc_00461_8df3228f_chunk_0,doc_00461_8df3228f
479,479,doc_00462_858be31d_chunk_0,doc_00462_858be31d
480,480,doc_00463_83b6ec18_chunk_0,doc_00463_83b6ec18
481,481,doc_00464_3889d138_chunk_0,doc_00464_3889d138
482,482,doc_00465_5a60ab2d_chunk_0,doc_00465_5a60ab2d
483,483,doc_00466_c1d75080_chunk_0,doc_00466_c1d75080
484,484,doc_00467_886f9658_chunk_0,doc_00467_886f9658
485,485,doc_00468_d24a3af9_chunk_0,doc_00468_d24a3af9
486,486,doc_00469_0cc1c0b8_chunk_0,doc_00469_0cc1c0b8
487,487,doc_00470_44aa2581_chunk_0,doc_00470_44aa2581
488,488,doc_00471_d1bedb67_chunk_0,doc_00471_d1bedb67
489,489,doc_00472_95c5ccc9_chunk_0,doc_00472_95c5ccc9
490,490,doc_00473_47f24bf4_chunk_0,doc_00473_47f24bf4
491,491,doc_00474_3b703dbd_chunk_0,doc_00474_3b703dbd
492,492,doc_00475_fe9c1832_chunk_0,doc_00475_fe9c1832
493,493,doc_00476_196f9fa1_chunk_0,doc_00476_196f9fa1
494,494,doc_00477_4e0b4431_chunk_0,doc_00477_4e0b4431
495,495,doc_00478_c1dc30a0_chunk_0,doc_00478_c1dc30a0
496,496,doc_00479_b41190d6_chunk_0,doc_00479_b41190d6
497,497,doc_00480_eb64ebe7_chunk_0,doc_00480_eb64ebe7
498,498,doc_00481_f4961d56_chunk_0,doc_00481_f4961d56
499,499,doc_00482_4939a066_chunk_0,doc_00482_4939a066
500,500,doc_00483_e5bf9905_chunk_0,doc_00483_e5bf9905
501,501,doc_00484_06db22b2_chunk_0,doc_00484_06db22b2
502,502,doc_00485_7aa11120_chunk_0,doc_00485_7aa11120
503,503,doc_00486_537b2a73_chunk_0,doc_00486_537b2a73
504,504,doc_00487_618c1c2e_chunk_0,doc_00487_618c1c2e
505,505,doc_00488_0ec6e7cf_chunk_0,doc_00488_0ec6e7cf
506,506,doc_00489_817f610d_chunk_0,doc_00489_817f610d
507,507,doc_00490_8574e1d5_chunk_0,doc_00490_8574e1d5
508,508,doc_00491_4a43865c_chunk_0,doc_00491_4a43865c
509,509,doc_00492_05533d42_chunk_0,doc_00492_05533d42
510,510,doc_00493_ce7aae2c_chunk_0,doc_00493_ce7aae2c
511,511,doc_00494_001cfc15_chunk_0,doc_00494_001cfc15
512,512,doc_00495_a2a16f20_chunk_0,doc_00495_a2a16f20
513,513,doc_00496_602e6bb7_chunk_0,doc_00496_602e6bb7
514,514,doc_00497_96adb410_chunk_0,doc_00497_96adb410
515,515,doc_00498_0a7958e8_chunk_0,doc_00498_0a7958e8
516,516,doc_00499_e2b455a6_chunk_0,doc_00499_e2b455a6
517,517,doc_00500_8f3306f5_chunk_0,doc_00500_8f3306f5
518,518,doc_00501_62c48af0_chunk_0,doc_00501_62c48af0
519,519,doc_00502_66fcab6c_chunk_0,doc_00502_66fcab6c
520,520,doc_00503_d1871e11_chunk_0,doc_00503_d1871e11
521,521,doc_00504_94894489_chunk_0,doc_00504_94894489
522,522,doc_00505_677efcb6_chunk_0,doc_00505_677efcb6
523,523,doc_00506_5d9cd1ca_chunk_0,doc_00506_5d9cd1ca
524,524,doc_00507_66916760_chunk_0,doc_00507_66916760
525,525,doc_00508_d0ea3add_chunk_0,doc_00508_d0ea3add
526,526,doc_00509_a15fba4a_chunk_0,doc_00509_a15fba4a
527,527,doc_00510_d16561a7_chunk_0,doc_00510_d16561a7
528,528,doc_00511_0b25b432_chunk_0,doc_00511_0b25b432
529,529,doc_00512_ff80d6f4_chunk_0,doc_00512_ff80d6f4
530,530,doc_00513_a7e63457_chunk_0,doc_00513_a7e63457
531,531,doc_00514_8fe7c60d_chunk_0,doc_00514_8fe7c60d
532,532,doc_00515_5b57defd_chunk_0,doc_00515_5b57defd
533,533,doc_00516_e11a0c59_chunk_0,doc_00516_e11a0c59
534,534,doc_00517_170b161e_chunk_0,doc_00517_170b161e
535,535,doc_00518_e630df52_chunk_0,doc_00518_e630df52
536,536,doc_00519_3e9de6c9_chunk_0,doc_00519_3e9de6c9
537,537,doc_00520_40da037c_chunk_0,doc_00520_40da037c
538,538,doc_00521_3ba01b31_chunk_0,doc_00521_3ba01b31
539,539,doc_00522_8a3fecab_chunk_0,doc_00522_8a3fecab
540,540,doc_00523_29a22cd0_chunk_0,doc_00523_29a22cd0
541,541,doc_00524_9c8698b7_chunk_0,doc_00524_9c8698b7
542,542,doc_00525_bb5af9e8_chunk_0,doc_00525_bb5af9e8
543,543,doc_00526_a6b9d231_chunk_0,doc_00526_a6b9d231
544,544,doc_00527_c5146f84_chunk_0,doc_00527_c5146f84
545,545,doc_00528_7d18c7e2_chunk_0,doc_00528_7d18c7e2
546,546,doc_00529_031629a4_chunk_0,doc_00529_031629a4
547,547,doc_00530_b1ea768d_chunk_0,doc_00530_b1ea768d
548,548,doc_00531_c0aa40f7_chunk_0,doc_00531_c0aa40f7
549,549,doc_00532_57e69050_chunk_0,doc_00532_57e69050
550,550,doc_00533_97459aa7_chunk_0,doc_00533_97459aa7
551,551,doc_00534_802712ae_chunk_0,doc_00534_802712ae
552,552,doc_00535_354c68a2_chunk_0,doc_00535_354c68a2
553,553,doc_00536_64fd4101_chunk_0,doc_00536_64fd4101
554,554,doc_00537_c3b2f3ed_chunk_0,doc_00537_c3b2f3ed
555,555,doc_00538_6c05a5b6_chunk_0,doc_00538_6c05a5b6
556,556,doc_00539_a6573150_chunk_0,doc_00539_a6573150
557,557,doc_00540_566fd945_chunk_0,doc_00540_566fd945
558,558,doc_00541_3097885a_chunk_0,doc_00541_3097885a
559,559,doc_00542_dca6c6d4_chunk_0,doc_00542_dca6c6d4
560,560,doc_00543_54574dda_chunk_0,doc_00543_54574dda
561,561,doc_00544_e25684df_chunk_0,doc_00544_e25684df
562,562,doc_00545_5313698e_chunk_0,doc_00545_5313698e
563,563,doc_00546_97b6a6e1_chunk_0,doc_00546_97b6a6e1
564,564,doc_00547_0823e77c_chunk_0,doc_00547_0823e77c
565,565,doc_00548_30643d97_chunk_0,doc_00548_30643d97
566,566,doc_00549_84b05e8d_chunk_0,doc_00549_84b05e8d
567,567,doc_00550_b13b6ded_chunk_0,doc_00550_b13b6ded
568,568,doc_00551_8d19fabe_chunk_0,doc_00551_8d19fabe
569,569,doc_00552_9e976809_chunk_0,doc_00552_9e976809
570,570,doc_00553_f45d4411_chunk_0,doc_00553_f45d4411
571,571,doc_00553_f45d4411_chunk_1,doc_00553_f45d4411
572,572,doc_00554_c5d6d0ed_chunk_0,doc_00554_c5d6d0ed
573,573,doc_00555_12bab23d_chunk_0,doc_00555_12bab23d
574,574,doc_00556_c43b224f_chunk_0,doc_00556_c43b224f
575,575,doc_00557_723b5c67_chunk_0,doc_00557_723b5c67
576,576,doc_00558_d4530b2d_chunk_0,doc_00558_d4530b2d
577,577,doc_00559_e43e6218_chunk_0,doc_00559_e43e6218
578,578,doc_00560_4199e8db_chunk_0,doc_00560_4199e8db
579,579,doc_00561_fc09db4c_chunk_0,doc_00561_fc09db4c
580,580,doc_00562_fe14755d_chunk_0,doc_00562_fe14755d
581,581,doc_00563_11e7110d_chunk_0,doc_00563_11e7110d
582,582,doc_00564_f8a2f241_chunk_0,doc_00564_f8a2f241
583,583,doc_00565_5d08bcb0_chunk_0,doc_00565_5d08bcb0
584,584,doc_00566_4015ba71_chunk_0,doc_00566_4015ba71
585,585,doc_00567_f6db7446_chunk_0,doc_00567_f6db7446
586,586,doc_00568_fc9334fa_chunk_0,doc_00568_fc9334fa
587,587,doc_00569_718fc5c0_chunk_0,doc_00569_718fc5c0
588,588,doc_00570_d53a1c98_chunk_0,doc_00570_d53a1c98
589,589,doc_00571_6e28b9e9_chunk_0,doc_00571_6e28b9e9
590,590,doc_00572_2b4f4517_chunk_0,doc_00572_2b4f4517
591,591,doc_00573_b2ac0805_chunk_0,doc_00573_b2ac0805
592,592,doc_00574_d0299556_chunk_0,doc_00574_d0299556
593,593,doc_00575_30f99525_chunk_0,doc_00575_30f99525
594,594,doc_00576_5fbaa853_chunk_0,doc_00576_5fbaa853
595,595,doc_00577_717ba2fc_chunk_0,doc_00577_717ba2fc
596,596,doc_00578_70f04f6a_chunk_0,doc_00578_70f04f6a
597,597,doc_00579_0386548c_chunk_0,doc_00579_0386548c
598,598,doc_00580_a21cfdf0_chunk_0,doc_00580_a21cfdf0
599,599,doc_00581_5f8324cd_chunk_0,doc_00581_5f8324cd
600,600,doc_00582_9f99879b_chunk_0,doc_00582_9f99879b
601,601,doc_00583_8a8348e3_chunk_0,doc_00583_8a8348e3
602,602,doc_00584_3a856bc1_chunk_0,doc_00584_3a856bc1
603,603,doc_00585_f188fb0f_chunk_0,doc_00585_f188fb0f
604,604,doc_00586_2fcff03a_chunk_0,doc_00586_2fcff03a
605,605,doc_00587_0b714ead_chunk_0,doc_00587_0b714ead
606,606,doc_00588_d0ef78e2_chunk_0,doc_00588_d0ef78e2
607,607,doc_00589_ea94593e_chunk_0,doc_00589_ea94593e
608,608,doc_00590_219b6a0c_chunk_0,doc_00590_219b6a0c
609,609,doc_00591_f83b98cd_chunk_0,doc_00591_f83b98cd
610,610,doc_00592_c633636b_chunk_0,doc_00592_c633636b
611,611,doc_00593_5f5c48e5_chunk_0,doc_00593_5f5c48e5
612,612,doc_00594_c85efb2b_chunk_0,doc_00594_c85efb2b
613,613,doc_00595_5509c122_chunk_0,doc_00595_5509c122
614,614,doc_00596_9b59a262_chunk_0,doc_00596_9b59a262
615,615,doc_00597_17de85fb_chunk_0,doc_00597_17de85fb
616,616,doc_00598_71252486_chunk_0,doc_00598_71252486
617,617,doc_00599_63e88c41_chunk_0,doc_00599_63e88c41
618,618,doc_00600_725eb3ca_chunk_0,doc_00600_725eb3ca
619,619,doc_00601_8d0bd1e6_chunk_0,doc_00601_8d0bd1e6
620,620,doc_00602_21e55929_chunk_0,doc_00602_21e55929
621,621,doc_00603_7c25261f_chunk_0,doc_00603_7c25261f
622,622,doc_00604_63cebf56_chunk_0,doc_00604_63cebf56
623,623,doc_00605_e08aa820_chunk_0,doc_00605_e08aa820
624,624,doc_00606_5dc41707_chunk_0,doc_00606_5dc41707
625,625,doc_00607_0e383921_chunk_0,doc_00607_0e383921
626,626,doc_00608_e2de496d_chunk_0,doc_00608_e2de496d
627,627,doc_00609_0ec42680_chunk_0,doc_00609_0ec42680
628,628,doc_00610_373758fa_chunk_0,doc_00610_373758fa
629,629,doc_00611_195578b2_chunk_0,doc_00611_195578b2
630,630,doc_00612_d2208a5a_chunk_0,doc_00612_d2208a5a
631,631,doc_00613_3b15d40c_chunk_0,doc_00613_3b15d40c
632,632,doc_00614_06f622a1_chunk_0,doc_00614_06f622a1
633,633,doc_00615_81b404de_chunk_0,doc_00615_81b404de
634,634,doc_00616_efbaf7ba_chunk_0,doc_00616_efbaf7ba
635,635,doc_00617_dc0b1c7e_chunk_0,doc_00617_dc0b1c7e
636,636,doc_00618_5c816e58_chunk_0,doc_00618_5c816e58
637,637,doc_00619_257e0327_chunk_0,doc_00619_257e0327
638,638,doc_00620_96f87140_chunk_0,doc_00620_96f87140
639,639,doc_00621_14568db3_chunk_0,doc_00621_14568db3
640,640,doc_00622_fb33af92_chunk_0,doc_00622_fb33af92
641,641,doc_00623_2c92db11_chunk_0,doc_00623_2c92db11
642,642,doc_00624_19178c27_chunk_0,doc_00624_19178c27
643,643,doc_00625_370f2961_chunk_0,doc_00625_370f2961
644,644,doc_00625_370f2961_chunk_1,doc_00625_370f2961
645,645,doc_00626_08523537_chunk_0,doc_00626_08523537
646,646,doc_00627_4224f8f3_chunk_0,doc_00627_4224f8f3
647,647,doc_00628_46056cd6_chunk_0,doc_00628_46056cd6
648,648,doc_00629_f23d884e_chunk_0,doc_00629_f23d884e
649,649,doc_00630_eca515a9_chunk_0,doc_00630_eca515a9
650,650,doc_00631_c57230f1_chunk_0,doc_00631_c57230f1
651,651,doc_00632_c4665c98_chunk_0,doc_00632_c4665c98
652,652,doc_00633_669574ef_chunk_0,doc_00633_669574ef
653,653,doc_00634_55c60521_chunk_0,doc_00634_55c60521
654,654,doc_00635_f43f2156_chunk_0,doc_00635_f43f2156
655,655,doc_00636_896af1d9_chunk_0,doc_00636_896af1d9
656,656,doc_00637_d7b0bfac_chunk_0,doc_00637_d7b0bfac
657,657,doc_00638_4a282512_chunk_0,doc_00638_4a282512
658,658,doc_00639_7eb87d0f_chunk_0,doc_00639_7eb87d0f
659,659,doc_00640_021962d4_chunk_0,doc_00640_021962d4
660,660,doc_00641_6505a59c_chunk_0,doc_00641_6505a59c
661,661,doc_00642_dace9a06_chunk_0,doc_00642_dace9a06
662,662,doc_00643_f7cba134_chunk_0,doc_00643_f7cba134
663,663,doc_00644_f3d9a631_chunk_0,doc_00644_f3d9a631
664,664,doc_00645_b8deb6c8_chunk_0,doc_00645_b8deb6c8
665,665,doc_00646_60b5b4eb_chunk_0,doc_00646_60b5b4eb
666,666,doc_00647_4064c0cd_chunk_0,doc_00647_4064c0cd
667,667,doc_00647_4064c0cd_chunk_1,doc_00647_4064c0cd
668,668,doc_00648_28a18b5a_chunk_0,doc_00648_28a18b5a
669,669,doc_00648_28a18b5a_chunk_1,doc_00648_28a18b5a
670,670,doc_00649_2935c6e0_chunk_0,doc_00649_2935c6e0
671,671,doc_00650_986aaebb_chunk_0,doc_00650_986aaebb
672,672,doc_00651_269b6906_chunk_0,doc_00651_269b6906
673,673,doc_00652_faa10513_chunk_0,doc_00652_faa10513
674,674,doc_00653_d639ae6f_chunk_0,doc_00653_d639ae6f
675,675,doc_00654_5d38a817_chunk_0,doc_00654_5d38a817
676,676,doc_00655_d1223280_chunk_0,doc_00655_d1223280
677,677,doc_00656_d69ed24e_chunk_0,doc_00656_d69ed24e
678,678,doc_00657_43744d45_chunk_0,doc_00657_43744d45
679,679,doc_00658_3dc216b0_chunk_0,doc_00658_3dc216b0
680,680,doc_00659_a4f79d70_chunk_0,doc_00659_a4f79d70
681,681,doc_00660_794a36a0_chunk_0,doc_00660_794a36a0
682,682,doc_00661_d773c79f_chunk_0,doc_00661_d773c79f
683,683,doc_00662_dea7cf5c_chunk_0,doc_00662_dea7cf5c
684,684,doc_00663_5dea9140_chunk_0,doc_00663_5dea9140
685,685,doc_00664_a6bb032c_chunk_0,doc_00664_a6bb032c
686,686,doc_00665_409c62f2_chunk_0,doc_00665_409c62f2
687,687,doc_00666_4f043e83_chunk_0,doc_00666_4f043e83
688,688,doc_00667_6425cadd_chunk_0,doc_00667_6425cadd
689,689,doc_00668_705b465a_chunk_0,doc_00668_705b465a
690,690,doc_00669_c490e477_chunk_0,doc_00669_c490e477
691,691,doc_00670_30e06505_chunk_0,doc_00670_30e06505
692,692,doc_00671_08407be5_chunk_0,doc_00671_08407be5
693,693,doc_00672_a0f006aa_chunk_0,doc_00672_a0f006aa
694,694,doc_00673_b3b838ac_chunk_0,doc_00673_b3b838ac
695,695,doc_00674_aabf643f_chunk_0,doc_00674_aabf643f
696,696,doc_00675_f373c210_chunk_0,doc_00675_f373c210
697,697,doc_00676_776735af_chunk_0,doc_00676_776735af
698,698,doc_00677_d1938f42_chunk_0,doc_00677_d1938f42
699,699,doc_00678_1664bcf9_chunk_0,doc_00678_1664bcf9
700,700,doc_00678_1664bcf9_chunk_1,doc_00678_1664bcf9
701,701,doc_00679_f4b7399b_chunk_0,doc_00679_f4b7399b
702,702,doc_00679_f4b7399b_chunk_1,doc_00679_f4b7399b
703,703,doc_00680_5f09d676_chunk_0,doc_00680_5f09d676
704,704,doc_00680_5f09d676_chunk_1,doc_00680_5f09d676
705,705,doc_00681_1d5e6820_chunk_0,doc_00681_1d5e6820
706,706,doc_00682_c5607ff5_chunk_0,doc_00682_c5607ff5
707,707,doc_00682_c5607ff5_chunk_1,doc_00682_c5607ff5
708,708,doc_00683_a94a54e5_chunk_0,doc_00683_a94a54e5
709,709,doc_00683_a94a54e5_chunk_1,doc_00683_a94a54e5
710,710,doc_00684_6adbf7e8_chunk_0,doc_00684_6adbf7e8
711,711,doc_00684_6adbf7e8_chunk_1,doc_00684_6adbf7e8
712,712,doc_00685_8f17446c_chunk_0,doc_00685_8f17446c
713,713,doc_00686_0af69343_chunk_0,doc_00686_0af69343
714,714,doc_00687_d7f7a70c_chunk_0,doc_00687_d7f7a70c
715,715,doc_00688_0496a231_chunk_0,doc_00688_0496a231
716,716,doc_00689_d4f5dec5_chunk_0,doc_00689_d4f5dec5
717,717,doc_00690_5b11a5de_chunk_0,doc_00690_5b11a5de
718,718,doc_00691_15168b56_chunk_0,doc_00691_15168b56
719,719,doc_00692_62fb33f2_chunk_0,doc_00692_62fb33f2
720,720,doc_00693_463f78db_chunk_0,doc_00693_463f78db
721,721,doc_00694_eb4a778a_chunk_0,doc_00694_eb4a778a
722,722,doc_00695_fc1296c9_chunk_0,doc_00695_fc1296c9
723,723,doc_00696_95e31104_chunk_0,doc_00696_95e31104
724,724,doc_00697_68c209a2_chunk_0,doc_00697_68c209a2
725,725,doc_00698_276b558f_chunk_0,doc_00698_276b558f
726,726,doc_00699_849ef715_chunk_0,doc_00699_849ef715
727,727,doc_00700_a563e791_chunk_0,doc_00700_a563e791
728,728,doc_00701_b84fe9d4_chunk_0,doc_00701_b84fe9d4
729,729,doc_00702_a2602454_chunk_0,doc_00702_a2602454
730,730,doc_00703_de1df5f1_chunk_0,doc_00703_de1df5f1
731,731,doc_00704_1ad0878f_chunk_0,doc_00704_1ad0878f
732,732,doc_00705_570c6efe_chunk_0,doc_00705_570c6efe
733,733,doc_00706_0464b993_chunk_0,doc_00706_0464b993
734,734,doc_00707_44de5e1d_chunk_0,doc_00707_44de5e1d
735,735,doc_00708_66a396ad_chunk_0,doc_00708_66a396ad
736,736,doc_00709_6d1f888d_chunk_0,doc_00709_6d1f888d
737,737,doc_00710_a632ac65_chunk_0,doc_00710_a632ac65
738,738,doc_00711_a31eccd9_chunk_0,doc_00711_a31eccd9
739,739,doc_00712_9119ebf0_chunk_0,doc_00712_9119ebf0
740,740,doc_00712_9119ebf0_chunk_1,doc_00712_9119ebf0
741,741,doc_00713_d538a75b_chunk_0,doc_00713_d538a75b
742,742,doc_00714_937bcabc_chunk_0,doc_00714_937bcabc
743,743,doc_00715_88c24de2_chunk_0,doc_00715_88c24de2
744,744,doc_00716_50eaa062_chunk_0,doc_00716_50eaa062
745,745,doc_00717_8dcb02ff_chunk_0,doc_00717_8dcb02ff
746,746,doc_00718_9261fc6f_chunk_0,doc_00718_9261fc6f
747,747,doc_00719_90e73cbf_chunk_0,doc_00719_90e73cbf
748,748,doc_00720_02666300_chunk_0,doc_00720_02666300
749,749,doc_00721_48d162f3_chunk_0,doc_00721_48d162f3
750,750,doc_00722_f56d341f_chunk_0,doc_00722_f56d341f
751,751,doc_00723_47303034_chunk_0,doc_00723_47303034
752,752,doc_00724_bcae0585_chunk_0,doc_00724_bcae0585
753,753,doc_00725_0221bbe8_chunk_0,doc_00725_0221bbe8
754,754,doc_00726_6157be55_chunk_0,doc_00726_6157be55
755,755,doc_00727_aa09ffc2_chunk_0,doc_00727_aa09ffc2
756,756,doc_00728_3069f9a6_chunk_0,doc_00728_3069f9a6
757,757,doc_00729_9f10e956_chunk_0,doc_00729_9f10e956
758,758,doc_00730_6c74508f_chunk_0,doc_00730_6c74508f
759,759,doc_00731_6ea1f3f2_chunk_0,doc_00731_6ea1f3f2
760,760,doc_00732_41a03c41_chunk_0,doc_00732_41a03c41
761,761,doc_00733_ea28b951_chunk_0,doc_00733_ea28b951
762,762,doc_00734_461e60c4_chunk_0,doc_00734_461e60c4
763,763,doc_00735_e8837e46_chunk_0,doc_00735_e8837e46
764,764,doc_00736_843f16c1_chunk_0,doc_00736_843f16c1
765,765,doc_00737_3c56e93c_chunk_0,doc_00737_3c56e93c
766,766,doc_00738_afa95fc3_chunk_0,doc_00738_afa95fc3
767,767,doc_00739_1fb51740_chunk_0,doc_00739_1fb51740
768,768,doc_00740_6019ab55_chunk_0,doc_00740_6019ab55
769,769,doc_00741_5c605192_chunk_0,doc_00741_5c605192
770,770,doc_00742_199d9c0a_chunk_0,doc_00742_199d9c0a
771,771,doc_00743_b7dfe013_chunk_0,doc_00743_b7dfe013
772,772,doc_00744_8e605cf0_chunk_0,doc_00744_8e605cf0
773,773,doc_00745_faab40f0_chunk_0,doc_00745_faab40f0
774,774,doc_00746_6ab18d38_chunk_0,doc_00746_6ab18d38
775,775,doc_00747_15513743_chunk_0,doc_00747_15513743
776,776,doc_00748_72f90387_chunk_0,doc_00748_72f90387
777,777,doc_00749_08b7d633_chunk_0,doc_00749_08b7d633
778,778,doc_00750_3ea16485_chunk_0,doc_00750_3ea16485
779,779,doc_00751_179a3404_chunk_0,doc_00751_179a3404
780,780,doc_00752_bf248438_chunk_0,doc_00752_bf248438
781,781,doc_00753_5900d866_chunk_0,doc_00753_5900d866
782,782,doc_00754_e93742b2_chunk_0,doc_00754_e93742b2
783,783,doc_00755_71979748_chunk_0,doc_00755_71979748
784,784,doc_00756_02a48281_chunk_0,doc_00756_02a48281
785,785,doc_00757_b08cb799_chunk_0,doc_00757_b08cb799
786,786,doc_00758_9c6cd55b_chunk_0,doc_00758_9c6cd55b
787,787,doc_00759_2608b4f9_chunk_0,doc_00759_2608b4f9
788,788,doc_00760_e6277bf8_chunk_0,doc_00760_e6277bf8
789,789,doc_00761_4229b548_chunk_0,doc_00761_4229b548
790,790,doc_00762_0cc743f8_chunk_0,doc_00762_0cc743f8
791,791,doc_00763_da6367fb_chunk_0,doc_00763_da6367fb
792,792,doc_00764_94df3b9c_chunk_0,doc_00764_94df3b9c
793,793,doc_00765_15206878_chunk_0,doc_00765_15206878
794,794,doc_00766_b56fcebc_chunk_0,doc_00766_b56fcebc
795,795,doc_00767_73de143d_chunk_0,doc_00767_73de143d
796,796,doc_00768_fe1c82b1_chunk_0,doc_00768_fe1c82b1
797,797,doc_00769_00987641_chunk_0,doc_00769_00987641
798,798,doc_00770_f2ed5653_chunk_0,doc_00770_f2ed5653
799,799,doc_00771_07b16609_chunk_0,doc_00771_07b16609
800,800,doc_00772_d139cd46_chunk_0,doc_00772_d139cd46
801,801,doc_00773_94bf02e5_chunk_0,doc_00773_94bf02e5
802,802,doc_00774_69c9c26e_chunk_0,doc_00774_69c9c26e
803,803,doc_00775_c70ff0f8_chunk_0,doc_00775_c70ff0f8
804,804,doc_00776_bd239f09_chunk_0,doc_00776_bd239f09
805,805,doc_00777_495031d3_chunk_0,doc_00777_495031d3
806,806,doc_00778_a22d018d_chunk_0,doc_00778_a22d018d
807,807,doc_00779_bcdd3e6f_chunk_0,doc_00779_bcdd3e6f
808,808,doc_00780_29fb6291_chunk_0,doc_00780_29fb6291
809,809,doc_00781_0b72d4cb_chunk_0,doc_00781_0b72d4cb
810,810,doc_00781_0b72d4cb_chunk_1,doc_00781_0b72d4cb
811,811,doc_00782_ae7befbc_chunk_0,doc_00782_ae7befbc
812,812,doc_00783_30bab944_chunk_0,doc_00783_30bab944
813,813,doc_00784_b79d359c_chunk_0,doc_00784_b79d359c
814,814,doc_00785_8b92d439_chunk_0,doc_00785_8b92d439
815,815,doc_00786_817e83e8_chunk_0,doc_00786_817e83e8
816,816,doc_00787_1012cbab_chunk_0,doc_00787_1012cbab
817,817,doc_00788_ab69357c_chunk_0,doc_00788_ab69357c
818,818,doc_00789_146d74a1_chunk_0,doc_00789_146d74a1
819,819,doc_00790_c4c2ab5f_chunk_0,doc_00790_c4c2ab5f
820,820,doc_00791_864f5804_chunk_0,doc_00791_864f5804
821,821,doc_00792_dc4b6302_chunk_0,doc_00792_dc4b6302
822,822,doc_00793_308d96b8_chunk_0,doc_00793_308d96b8
823,823,doc_00794_a192d84b_chunk_0,doc_00794_a192d84b
824,824,doc_00795_e9af578f_chunk_0,doc_00795_e9af578f
825,825,doc_00796_283d18ed_chunk_0,doc_00796_283d18ed
826,826,doc_00797_bc9cc8e2_chunk_0,doc_00797_bc9cc8e2
827,827,doc_00798_a1c8cac0_chunk_0,doc_00798_a1c8cac0
828,828,doc_00799_ac51af3d_chunk_0,doc_00799_ac51af3d
829,829,doc_00800_fe5ed18e_chunk_0,doc_00800_fe5ed18e
830,830,doc_00801_f925dc94_chunk_0,doc_00801_f925dc94
831,831,doc_00802_f8a10f5c_chunk_0,doc_00802_f8a10f5c
832,832,doc_00803_617ce4dc_chunk_0,doc_00803_617ce4dc
833,833,doc_00804_25822d9a_chunk_0,doc_00804_25822d9a
834,834,doc_00805_b5848c55_chunk_0,doc_00805_b5848c55
835,835,doc_00806_9f322eab_chunk_0,doc_00806_9f322eab
836,836,doc_00807_92b80809_chunk_0,doc_00807_92b80809
837,837,doc_00807_92b80809_chunk_1,doc_00807_92b80809
838,838,doc_00808_f489ff00_chunk_0,doc_00808_f489ff00
839,839,doc_00808_f489ff00_chunk_1,doc_00808_f489ff00
840,840,doc_00809_e02c5d2c_chunk_0,doc_00809_e02c5d2c
841,841,doc_00809_e02c5d2c_chunk_1,doc_00809_e02c5d2c
842,842,doc_00810_04324cc4_chunk_0,doc_00810_04324cc4
843,843,doc_00810_04324cc4_chunk_1,doc_00810_04324cc4
844,844,doc_00811_883e3393_chunk_0,doc_00811_883e3393
845,845,doc_00812_e177447b_chunk_0,doc_00812_e177447b
846,846,doc_00813_f1c5f807_chunk_0,doc_00813_f1c5f807
847,847,doc_00814_b89727c3_chunk_0,doc_00814_b89727c3
848,848,doc_00815_02bcf78c_chunk_0,doc_00815_02bcf78c
849,849,doc_00816_0246f078_chunk_0,doc_00816_0246f078
850,850,doc_00816_0246f078_chunk_1,doc_00816_0246f078
851,851,doc_00817_b75ee162_chunk_0,doc_00817_b75ee162
852,852,doc_00818_00857b60_chunk_0,doc_00818_00857b60
853,853,doc_00818_00857b60_chunk_1,doc_00818_00857b60
854,854,doc_00819_771a9ffa_chunk_0,doc_00819_771a9ffa
855,855,doc_00819_771a9ffa_chunk_1,doc_00819_771a9ffa
856,856,doc_00820_7daaef0e_chunk_0,doc_00820_7daaef0e
857,857,doc_00820_7daaef0e_chunk_1,doc_00820_7daaef0e
858,858,doc_00821_9e3c931d_chunk_0,doc_00821_9e3c931d
859,859,doc_00821_9e3c931d_chunk_1,doc_00821_9e3c931d
860,860,doc_00822_a7f52988_chunk_0,doc_00822_a7f52988
861,861,doc_00822_a7f52988_chunk_1,doc_00822_a7f52988
862,862,doc_00823_e90f00a2_chunk_0,doc_00823_e90f00a2
863,863,doc_00823_e90f00a2_chunk_1,doc_00823_e90f00a2
864,864,doc_00824_5cd25305_chunk_0,doc_00824_5cd25305
865,865,doc_00825_92c0bd2b_chunk_0,doc_00825_92c0bd2b
866,866,doc_00826_e9e10d61_chunk_0,doc_00826_e9e10d61
867,867,doc_00826_e9e10d61_chunk_1,doc_00826_e9e10d61
868,868,doc_00827_3867f273_chunk_0,doc_00827_3867f273
869,869,doc_00828_1bf69875_chunk_0,doc_00828_1bf69875
870,870,doc_00829_e8015a97_chunk_0,doc_00829_e8015a97
871,871,doc_00830_4855685b_chunk_0,doc_00830_4855685b
872,872,doc_00831_b4a6ce93_chunk_0,doc_00831_b4a6ce93
873,873,doc_00832_d155013e_chunk_0,doc_00832_d155013e
874,874,doc_00833_97d5a9d0_chunk_0,doc_00833_97d5a9d0
875,875,doc_00834_cf2c2f34_chunk_0,doc_00834_cf2c2f34
876,876,doc_00835_1c60972d_chunk_0,doc_00835_1c60972d
877,877,doc_00836_359dbb99_chunk_0,doc_00836_359dbb99
878,878,doc_00837_20646d03_chunk_0,doc_00837_20646d03
879,879,doc_00838_173a1e93_chunk_0,doc_00838_173a1e93
880,880,doc_00839_3cc777a2_chunk_0,doc_00839_3cc777a2
881,881,doc_00840_a77cfc10_chunk_0,doc_00840_a77cfc10
882,882,doc_00841_9ab0da2b_chunk_0,doc_00841_9ab0da2b
883,883,doc_00842_ce0023bf_chunk_0,doc_00842_ce0023bf
884,884,doc_00843_f986351e_chunk_0,doc_00843_f986351e
885,885,doc_00844_6a385230_chunk_0,doc_00844_6a385230
886,886,doc_00845_476b03f5_chunk_0,doc_00845_476b03f5
887,887,doc_00846_a79f69fe_chunk_0,doc_00846_a79f69fe
888,888,doc_00847_5ceda55d_chunk_0,doc_00847_5ceda55d
889,889,doc_00848_06ef3bc5_chunk_0,doc_00848_06ef3bc5
890,890,doc_00849_80f47ed7_chunk_0,doc_00849_80f47ed7
891,891,doc_00850_bb73ce6f_chunk_0,doc_00850_bb73ce6f
892,892,doc_00851_2a6e77a6_chunk_0,doc_00851_2a6e77a6
893,893,doc_00852_b5466de3_chunk_0,doc_00852_b5466de3
894,894,doc_00853_7392618c_chunk_0,doc_00853_7392618c
895,895,doc_00854_0f47436d_chunk_0,doc_00854_0f47436d
896,896,doc_00855_6d81bb4c_chunk_0,doc_00855_6d81bb4c
897,897,doc_00856_40ff0a2a_chunk_0,doc_00856_40ff0a2a
898,898,doc_00857_9ba391cb_chunk_0,doc_00857_9ba391cb
899,899,doc_00858_adc67fd5_chunk_0,doc_00858_adc67fd5
900,900,doc_00859_8fe2d2ac_chunk_0,doc_00859_8fe2d2ac
901,901,doc_00860_4677f64d_chunk_0,doc_00860_4677f64d
902,902,doc_00861_ca101abb_chunk_0,doc_00861_ca101abb
903,903,doc_00862_b29362cf_chunk_0,doc_00862_b29362cf
904,904,doc_00863_635c098a_chunk_0,doc_00863_635c098a
905,905,doc_00864_2bf9a57e_chunk_0,doc_00864_2bf9a57e
906,906,doc_00865_83aab9ab_chunk_0,doc_00865_83aab9ab
907,907,doc_00866_b5d7efab_chunk_0,doc_00866_b5d7efab
908,908,doc_00867_079fd1f4_chunk_0,doc_00867_079fd1f4
909,909,doc_00868_6e0e75c5_chunk_0,doc_00868_6e0e75c5
910,910,doc_00869_f86e64aa_chunk_0,doc_00869_f86e64aa
911,911,doc_00870_5d8e6f37_chunk_0,doc_00870_5d8e6f37
912,912,doc_00871_e02a3301_chunk_0,doc_00871_e02a3301
913,913,doc_00872_8c266e6e_chunk_0,doc_00872_8c266e6e
914,914,doc_00873_2d0f4acb_chunk_0,doc_00873_2d0f4acb
915,915,doc_00874_97280d6f_chunk_0,doc_00874_97280d6f
916,916,doc_00875_63e1062f_chunk_0,doc_00875_63e1062f
917,917,doc_00876_585f0047_chunk_0,doc_00876_585f0047
918,918,doc_00877_6ddebe00_chunk_0,doc_00877_6ddebe00
919,919,doc_00878_f567830f_chunk_0,doc_00878_f567830f
920,920,doc_00879_1738397a_chunk_0,doc_00879_1738397a
921,921,doc_00880_66812e9f_chunk_0,doc_00880_66812e9f
922,922,doc_00881_bc9b8af1_chunk_0,doc_00881_bc9b8af1
923,923,doc_00882_5b0c3ad8_chunk_0,doc_00882_5b0c3ad8
924,924,doc_00883_ed85e3e0_chunk_0,doc_00883_ed85e3e0
925,925,doc_00884_da488b70_chunk_0,doc_00884_da488b70
926,926,doc_00885_9cefb720_chunk_0,doc_00885_9cefb720
927,927,doc_00886_6ab7fea8_chunk_0,doc_00886_6ab7fea8
928,928,doc_00887_59983980_chunk_0,doc_00887_59983980
929,929,doc_00888_c07c2f7d_chunk_0,doc_00888_c07c2f7d
930,930,doc_00889_a3720795_chunk_0,doc_00889_a3720795
931,931,doc_00890_120c13e1_chunk_0,doc_00890_120c13e1
932,932,doc_00891_9c570eae_chunk_0,doc_00891_9c570eae
933,933,doc_00892_c93e373f_chunk_0,doc_00892_c93e373f
934,934,doc_00893_6463e4b4_chunk_0,doc_00893_6463e4b4
935,935,doc_00894_ce4bd360_chunk_0,doc_00894_ce4bd360
936,936,doc_00895_5867639f_chunk_0,doc_00895_5867639f
937,937,doc_00896_05e86452_chunk_0,doc_00896_05e86452
938,938,doc_00897_db0536b8_chunk_0,doc_00897_db0536b8
939,939,doc_00898_8a538fcf_chunk_0,doc_00898_8a538fcf
940,940,doc_00899_7834ce34_chunk_0,doc_00899_7834ce34
941,941,doc_00900_b75827df_chunk_0,doc_00900_b75827df
942,942,doc_00901_77dd4069_chunk_0,doc_00901_77dd4069
943,943,doc_00902_7c8bc239_chunk_0,doc_00902_7c8bc239
944,944,doc_00903_6c6b722b_chunk_0,doc_00903_6c6b722b
945,945,doc_00904_68986453_chunk_0,doc_00904_68986453
946,946,doc_00905_26f7b08c_chunk_0,doc_00905_26f7b08c
947,947,doc_00906_0343b02c_chunk_0,doc_00906_0343b02c
948,948,doc_00907_c29759f6_chunk_0,doc_00907_c29759f6
949,949,doc_00908_233da0f7_chunk_0,doc_00908_233da0f7
950,950,doc_00909_43a95d3c_chunk_0,doc_00909_43a95d3c
951,951,doc_00910_c6c2553d_chunk_0,doc_00910_c6c2553d
952,952,doc_00911_4b503eda_chunk_0,doc_00911_4b503eda
953,953,doc_00912_67bb98ba_chunk_0,doc_00912_67bb98ba
954,954,doc_00913_62f38c63_chunk_0,doc_00913_62f38c63
955,955,doc_00914_0d67e075_chunk_0,doc_00914_0d67e075
956,956,doc_00915_8f01c0b5_chunk_0,doc_00915_8f01c0b5
957,957,doc_00916_f2fdabf6_chunk_0,doc_00916_f2fdabf6
958,958,doc_00917_c41ea2c4_chunk_0,doc_00917_c41ea2c4
959,959,doc_00918_2b17c245_chunk_0,doc_00918_2b17c245
960,960,doc_00919_388fd983_chunk_0,doc_00919_388fd983
961,961,doc_00920_4c805c6f_chunk_0,doc_00920_4c805c6f
962,962,doc_00921_3aed1f97_chunk_0,doc_00921_3aed1f97
963,963,doc_00922_ada4e4fc_chunk_0,doc_00922_ada4e4fc
964,964,doc_00923_d25a6f88_chunk_0,doc_00923_d25a6f88
965,965,doc_00924_0a669a3d_chunk_0,doc_00924_0a669a3d
966,966,doc_00925_8154b7f9_chunk_0,doc_00925_8154b7f9
967,967,doc_00926_f0f37507_chunk_0,doc_00926_f0f37507
968,968,doc_00927_6d2a1e72_chunk_0,doc_00927_6d2a1e72
969,969,doc_00928_e86e765e_chunk_0,doc_00928_e86e765e
970,970,doc_00929_ffb7ee73_chunk_0,doc_00929_ffb7ee73
971,971,doc_00930_e157e419_chunk_0,doc_00930_e157e419
972,972,doc_00931_dea9ee9c_chunk_0,doc_00931_dea9ee9c
973,973,doc_00932_4015ae5d_chunk_0,doc_00932_4015ae5d
974,974,doc_00933_5b325cdf_chunk_0,doc_00933_5b325cdf
975,975,doc_00934_8b845aba_chunk_0,doc_00934_8b845aba
976,976,doc_00935_b82a5c96_chunk_0,doc_00935_b82a5c96
977,977,doc_00936_864ea657_chunk_0,doc_00936_864ea657
978,978,doc_00937_69526713_chunk_0,doc_00937_69526713
979,979,doc_00938_76d671ec_chunk_0,doc_00938_76d671ec
980,980,doc_00939_4e3a1ab3_chunk_0,doc_00939_4e3a1ab3
981,981,doc_00939_4e3a1ab3_chunk_1,doc_00939_4e3a1ab3
982,982,doc_00940_08efe98b_chunk_0,doc_00940_08efe98b
983,983,doc_00941_3d10e9d2_chunk_0,doc_00941_3d10e9d2
984,984,doc_00942_109a3b7e_chunk_0,doc_00942_109a3b7e
985,985,doc_00943_4111bea3_chunk_0,doc_00943_4111bea3
986,986,doc_00944_ab8cde0f_chunk_0,doc_00944_ab8cde0f
987,987,doc_00945_1c13f9d9_chunk_0,doc_00945_1c13f9d9
988,988,doc_00946_ba2627e7_chunk_0,doc_00946_ba2627e7
989,989,doc_00947_430d1731_chunk_0,doc_00947_430d1731
990,990,doc_00948_57127ed1_chunk_0,doc_00948_57127ed1
991,991,doc_00949_5a7ff731_chunk_0,doc_00949_5a7ff731
992,992,doc_00950_817c2f97_chunk_0,doc_00950_817c2f97
993,993,doc_00951_736c1b49_chunk_0,doc_00951_736c1b49
994,994,doc_00952_52513d29_chunk_0,doc_00952_52513d29
995,995,doc_00953_878fa420_chunk_0,doc_00953_878fa420
996,996,doc_00954_3d56a027_chunk_0,doc_00954_3d56a027
997,997,doc_00955_a7a3e40c_chunk_0,doc_00955_a7a3e40c
998,998,doc_00956_a12d1ead_chunk_0,doc_00956_a12d1ead
999,999,doc_00957_5a9d73f6_chunk_0,doc_00957_5a9d73f6
1000,1000,doc_00958_6fad7fce_chunk_0,doc_00958_6fad7fce
1001,1001,doc_00959_43e7569f_chunk_0,doc_00959_43e7569f
1002,1002,doc_00960_2e6bc405_chunk_0,doc_00960_2e6bc405
1003,1003,doc_00961_d0fdda34_chunk_0,doc_00961_d0fdda34
1004,1004,doc_00962_898ce1e4_chunk_0,doc_00962_898ce1e4
1005,1005,doc_00963_732e2eb4_chunk_0,doc_00963_732e2eb4
1006,1006,doc_00964_949fc553_chunk_0,doc_00964_949fc553
1007,1007,doc_00965_b1d36893_chunk_0,doc_00965_b1d36893
1008,1008,doc_00966_c01d237f_chunk_0,doc_00966_c01d237f
1009,1009,doc_00967_a6a415a3_chunk_0,doc_00967_a6a415a3
1010,1010,doc_00968_2530017a_chunk_0,doc_00968_2530017a
1011,1011,doc_00969_1d41d771_chunk_0,doc_00969_1d41d771
1012,1012,doc_00970_682f9ab3_chunk_0,doc_00970_682f9ab3
1013,1013,doc_00971_2c76dfa7_chunk_0,doc_00971_2c76dfa7
1014,1014,doc_00972_0775df16_chunk_0,doc_00972_0775df16
1015,1015,doc_00973_64e53678_chunk_0,doc_00973_64e53678
1016,1016,doc_00974_136bc4f1_chunk_0,doc_00974_136bc4f1
1017,1017,doc_00975_0ea62e48_chunk_0,doc_00975_0ea62e48
1018,1018,doc_00976_9299a93f_chunk_0,doc_00976_9299a93f
1019,1019,doc_00977_34f143ea_chunk_0,doc_00977_34f143ea
1020,1020,doc_00978_ecc1514f_chunk_0,doc_00978_ecc1514f
1021,1021,doc_00979_f5dabae3_chunk_0,doc_00979_f5dabae3
1022,1022,doc_00980_b93f5414_chunk_0,doc_00980_b93f5414
1023,1023,doc_00981_c1977656_chunk_0,doc_00981_c1977656
1024,1024,doc_00982_4dfadef5_chunk_0,doc_00982_4dfadef5
1025,1025,doc_00983_f10f6d73_chunk_0,doc_00983_f10f6d73
1026,1026,doc_00984_9fc061e4_chunk_0,doc_00984_9fc061e4
1027,1027,doc_00985_fe413a8b_chunk_0,doc_00985_fe413a8b
1028,1028,doc_00986_108d1b3d_chunk_0,doc_00986_108d1b3d
1029,1029,doc_00987_c5ebabbb_chunk_0,doc_00987_c5ebabbb
1030,1030,doc_00988_b9991fba_chunk_0,doc_00988_b9991fba
1031,1031,doc_00989_daad3ce2_chunk_0,doc_00989_daad3ce2
1032,1032,doc_00990_ee8f5c00_chunk_0,doc_00990_ee8f5c00
1033,1033,doc_00991_2ad74ceb_chunk_0,doc_00991_2ad74ceb
1034,1034,doc_00992_022976a3_chunk_0,doc_00992_022976a3
1035,1035,doc_00993_0c529c88_chunk_0,doc_00993_0c529c88
1036,1036,doc_00994_24b06902_chunk_0,doc_00994_24b06902
1037,1037,doc_00995_5257fe20_chunk_0,doc_00995_5257fe20
1038,1038,doc_00996_bfa3df49_chunk_0,doc_00996_bfa3df49
1039,1039,doc_00997_0f4bd8af_chunk_0,doc_00997_0f4bd8af
1040,1040,doc_00998_c0d51dff_chunk_0,doc_00998_c0d51dff
1041,1041,doc_00999_03d3fa67_chunk_0,doc_00999_03d3fa67
1042,1042,doc_01000_71912666_chunk_0,doc_01000_71912666
1043,1043,doc_01001_1644bd71_chunk_0,doc_01001_1644bd71
1044,1044,doc_01002_9f4e9f80_chunk_0,doc_01002_9f4e9f80
1045,1045,doc_01003_c428dff4_chunk_0,doc_01003_c428dff4
1046,1046,doc_01004_d8e6f506_chunk_0,doc_01004_d8e6f506
1047,1047,doc_01005_8b0e50cf_chunk_0,doc_01005_8b0e50cf
1048,1048,doc_01006_412a8a84_chunk_0,doc_01006_412a8a84
1049,1049,doc_01007_8ed98877_chunk_0,doc_01007_8ed98877
1050,1050,doc_01008_91c7d0ad_chunk_0,doc_01008_91c7d0ad
1051,1051,doc_01009_32b6926a_chunk_0,doc_01009_32b6926a
1052,1052,doc_01010_291c5488_chunk_0,doc_01010_291c5488
1053,1053,doc_01011_28a3d620_chunk_0,doc_01011_28a3d620
1054,1054,doc_01012_880d52a4_chunk_0,doc_01012_880d52a4
1055,1055,doc_01013_7f1b3072_chunk_0,doc_01013_7f1b3072
1056,1056,doc_01014_02cca2c4_chunk_0,doc_01014_02cca2c4
1057,1057,doc_01015_ab447d03_chunk_0,doc_01015_ab447d03
1058,1058,doc_01016_c69f9c30_chunk_0,doc_01016_c69f9c30
1059,1059,doc_01017_6358a78b_chunk_0,doc_01017_6358a78b
1060,1060,doc_01018_42caac5f_chunk_0,doc_01018_42caac5f
1061,1061,doc_01019_ffeba35b_chunk_0,doc_01019_ffeba35b
1062,1062,doc_01020_0c0c57ef_chunk_0,doc_01020_0c0c57ef
1063,1063,doc_01021_07bdb986_chunk_0,doc_01021_07bdb986
1064,1064,doc_01022_15265797_chunk_0,doc_01022_15265797
1065,1065,doc_01023_f7f30873_chunk_0,doc_01023_f7f30873
1066,1066,doc_01024_03a0a8ed_chunk_0,doc_01024_03a0a8ed
1067,1067,doc_01025_7fffc21c_chunk_0,doc_01025_7fffc21c
1068,1068,doc_01026_d25c70b5_chunk_0,doc_01026_d25c70b5
1069,1069,doc_01027_1976d69c_chunk_0,doc_01027_1976d69c
1070,1070,doc_01028_2aa1a5ac_chunk_0,doc_01028_2aa1a5ac
1071,1071,doc_01029_a189c51c_chunk_0,doc_01029_a189c51c
1072,1072,doc_01030_54f96c87_chunk_0,doc_01030_54f96c87
1073,1073,doc_01031_a6239853_chunk_0,doc_01031_a6239853
1074,1074,doc_01032_961885c8_chunk_0,doc_01032_961885c8
1075,1075,doc_01033_ecde96eb_chunk_0,doc_01033_ecde96eb
1076,1076,doc_01034_a825175d_chunk_0,doc_01034_a825175d
1077,1077,doc_01035_a87ca425_chunk_0,doc_01035_a87ca425
1078,1078,doc_01036_c4dde7e1_chunk_0,doc_01036_c4dde7e1
1079,1079,doc_01037_2bbbd683_chunk_0,doc_01037_2bbbd683
1080,1080,doc_01038_cf54a1c1_chunk_0,doc_01038_cf54a1c1
1081,1081,doc_01039_e5d8523d_chunk_0,doc_01039_e5d8523d
1082,1082,doc_01040_6806351f_chunk_0,doc_01040_6806351f
1083,1083,doc_01041_26fdefb6_chunk_0,doc_01041_26fdefb6
1084,1084,doc_01042_82bdc754_chunk_0,doc_01042_82bdc754
1085,1085,doc_01043_33102407_chunk_0,doc_01043_33102407
1086,1086,doc_01044_2cdfd66c_chunk_0,doc_01044_2cdfd66c
1087,1087,doc_01045_803286d4_chunk_0,doc_01045_803286d4
1088,1088,doc_01046_c49bbb97_chunk_0,doc_01046_c49bbb97
1089,1089,doc_01047_49bc5237_chunk_0,doc_01047_49bc5237
1090,1090,doc_01048_c31c39b4_chunk_0,doc_01048_c31c39b4
1091,1091,doc_01049_de3f3124_chunk_0,doc_01049_de3f3124
1092,1092,doc_01050_a22e18c9_chunk_0,doc_01050_a22e18c9
1093,1093,doc_01051_e24cb2e3_chunk_0,doc_01051_e24cb2e3
1094,1094,doc_01052_bcb11bda_chunk_0,doc_01052_bcb11bda
1095,1095,doc_01053_267c0b8c_chunk_0,doc_01053_267c0b8c
1096,1096,doc_01054_3e6f1bea_chunk_0,doc_01054_3e6f1bea
1097,1097,doc_01055_de1064b2_chunk_0,doc_01055_de1064b2
1098,1098,doc_01056_5af153cc_chunk_0,doc_01056_5af153cc
1099,1099,doc_01057_74c1ee26_chunk_0,doc_01057_74c1ee26
1100,1100,doc_01058_837d74b3_chunk_0,doc_01058_837d74b3
1101,1101,doc_01059_d3f4a119_chunk_0,doc_01059_d3f4a119
1102,1102,doc_01060_bc842157_chunk_0,doc_01060_bc842157
1103,1103,doc_01061_99a1ba8b_chunk_0,doc_01061_99a1ba8b
1104,1104,doc_01062_cfbe4339_chunk_0,doc_01062_cfbe4339
1105,1105,doc_01063_067047f3_chunk_0,doc_01063_067047f3
1106,1106,doc_01064_b03f6ec6_chunk_0,doc_01064_b03f6ec6
1107,1107,doc_01065_8215ac29_chunk_0,doc_01065_8215ac29
1108,1108,doc_01066_f5c3f749_chunk_0,doc_01066_f5c3f749
1109,1109,doc_01067_a342bfb8_chunk_0,doc_01067_a342bfb8
1110,1110,doc_01068_809bd3e7_chunk_0,doc_01068_809bd3e7
1111,1111,doc_01069_98d5c4ff_chunk_0,doc_01069_98d5c4ff
1112,1112,doc_01070_630d4f6d_chunk_0,doc_01070_630d4f6d
1113,1113,doc_01071_1bb0cc36_chunk_0,doc_01071_1bb0cc36
1114,1114,doc_01072_5363d968_chunk_0,doc_01072_5363d968
1115,1115,doc_01073_104e775a_chunk_0,doc_01073_104e775a
1116,1116,doc_01074_feff9185_chunk_0,doc_01074_feff9185
1117,1117,doc_01075_64cdc09c_chunk_0,doc_01075_64cdc09c
1118,1118,doc_01076_1d61f5bb_chunk_0,doc_01076_1d61f5bb
1119,1119,doc_01077_327d031b_chunk_0,doc_01077_327d031b
1120,1120,doc_01078_c900dc84_chunk_0,doc_01078_c900dc84
1121,1121,doc_01079_cfbe802c_chunk_0,doc_01079_cfbe802c
1122,1122,doc_01080_5df087c7_chunk_0,doc_01080_5df087c7
1123,1123,doc_01081_4fa66ae9_chunk_0,doc_01081_4fa66ae9
1124,1124,doc_01082_43b15f41_chunk_0,doc_01082_43b15f41
1125,1125,doc_01083_f8cf9beb_chunk_0,doc_01083_f8cf9beb
1126,1126,doc_01084_71503531_chunk_0,doc_01084_71503531
1127,1127,doc_01085_9646a330_chunk_0,doc_01085_9646a330
1128,1128,doc_01086_771a4a7c_chunk_0,doc_01086_771a4a7c
1129,1129,doc_01087_cd353ca1_chunk_0,doc_01087_cd353ca1
1130,1130,doc_01088_0f71a0c7_chunk_0,doc_01088_0f71a0c7
1131,1131,doc_01089_250d9a77_chunk_0,doc_01089_250d9a77
1132,1132,doc_01090_85932653_chunk_0,doc_01090_85932653
1133,1133,doc_01091_84127727_chunk_0,doc_01091_84127727
1134,1134,doc_01091_84127727_chunk_1,doc_01091_84127727
1135,1135,doc_01092_33b0f537_chunk_0,doc_01092_33b0f537
1136,1136,doc_01093_f3c3994a_chunk_0,doc_01093_f3c3994a
1137,1137,doc_01094_980f9848_chunk_0,doc_01094_980f9848
1138,1138,doc_01095_94ae9347_chunk_0,doc_01095_94ae9347
1139,1139,doc_01096_0880ad60_chunk_0,doc_01096_0880ad60
1140,1140,doc_01097_db828b5e_chunk_0,doc_01097_db828b5e
1141,1141,doc_01098_8bea602b_chunk_0,doc_01098_8bea602b
1142,1142,doc_01099_f5d0f660_chunk_0,doc_01099_f5d0f660
1143,1143,doc_01100_dba4ee18_chunk_0,doc_01100_dba4ee18
1144,1144,doc_01101_a9f67f75_chunk_0,doc_01101_a9f67f75
1145,1145,doc_01102_786194f3_chunk_0,doc_01102_786194f3
1146,1146,doc_01103_2ec0d90d_chunk_0,doc_01103_2ec0d90d
1147,1147,doc_01104_84f5c965_chunk_0,doc_01104_84f5c965
1148,1148,doc_01105_7bb6bd9d_chunk_0,doc_01105_7bb6bd9d
1149,1149,doc_01106_3a22ebdc_chunk_0,doc_01106_3a22ebdc
1150,1150,doc_01107_a3ccfff5_chunk_0,doc_01107_a3ccfff5
1151,1151,doc_01108_5e08daf2_chunk_0,doc_01108_5e08daf2
1152,1152,doc_01109_34357c7e_chunk_0,doc_01109_34357c7e
1153,1153,doc_01110_4a40d5ea_chunk_0,doc_01110_4a40d5ea
1154,1154,doc_01111_2cda2640_chunk_0,doc_01111_2cda2640
1155,1155,doc_01112_f3ba0daf_chunk_0,doc_01112_f3ba0daf
1156,1156,doc_01113_437a43e8_chunk_0,doc_01113_437a43e8
1157,1157,doc_01114_2f002f4a_chunk_0,doc_01114_2f002f4a
1158,1158,doc_01115_d3a6980b_chunk_0,doc_01115_d3a6980b
1159,1159,doc_01115_d3a6980b_chunk_1,doc_01115_d3a6980b
1160,1160,doc_01115_d3a6980b_chunk_2,doc_01115_d3a6980b
1161,1161,doc_01115_d3a6980b_chunk_3,doc_01115_d3a6980b
1162,1162,doc_01115_d3a6980b_chunk_4,doc_01115_d3a6980b
1163,1163,doc_01115_d3a6980b_chunk_5,doc_01115_d3a6980b
1164,1164,doc_01116_13565ab6_chunk_0,doc_01116_13565ab6
1165,1165,doc_01116_13565ab6_chunk_1,doc_01116_13565ab6
1166,1166,doc_01116_13565ab6_chunk_2,doc_01116_13565ab6
1167,1167,doc_01117_127cf583_chunk_0,doc_01117_127cf583
1168,1168,doc_01117_127cf583_chunk_1,doc_01117_127cf583
1169,1169,doc_01117_127cf583_chunk_2,doc_01117_127cf583
1170,1170,doc_01117_127cf583_chunk_3,doc_01117_127cf583
1171,1171,doc_01118_a1251b72_chunk_0,doc_01118_a1251b72
1172,1172,doc_01118_a1251b72_chunk_1,doc_01118_a1251b72
1173,1173,doc_01118_a1251b72_chunk_2,doc_01118_a1251b72
1174,1174,doc_01118_a1251b72_chunk_3,doc_01118_a1251b72
1175,1175,doc_01119_21aae889_chunk_0,doc_01119_21aae889
1176,1176,doc_01119_21aae889_chunk_1,doc_01119_21aae889
1177,1177,doc_01119_21aae889_chunk_2,doc_01119_21aae889
1178,1178,doc_01119_21aae889_chunk_3,doc_01119_21aae889
1179,1179,doc_01119_21aae889_chunk_4,doc_01119_21aae889
1180,1180,doc_01120_11ef6862_chunk_0,doc_01120_11ef6862
1181,1181,doc_01120_11ef6862_chunk_1,doc_01120_11ef6862
1182,1182,doc_01120_11ef6862_chunk_2,doc_01120_11ef6862
1183,1183,doc_01121_a9c5eb17_chunk_0,doc_01121_a9c5eb17
1184,1184,doc_01121_a9c5eb17_chunk_1,doc_01121_a9c5eb17
1185,1185,doc_01121_a9c5eb17_chunk_2,doc_01121_a9c5eb17
1186,1186,doc_01121_a9c5eb17_chunk_3,doc_01121_a9c5eb17
1187,1187,doc_01121_a9c5eb17_chunk_4,doc_01121_a9c5eb17
1188,1188,doc_01122_f3bcd640_chunk_0,doc_01122_f3bcd640
1189,1189,doc_01122_f3bcd640_chunk_1,doc_01122_f3bcd640
1190,1190,doc_01122_f3bcd640_chunk_2,doc_01122_f3bcd640
1191,1191,doc_01123_74ce1a75_chunk_0,doc_01123_74ce1a75
1192,1192,doc_01124_b41fb9fc_chunk_0,doc_01124_b41fb9fc
1193,1193,doc_01125_920f7812_chunk_0,doc_01125_920f7812
1194,1194,doc_01126_07b12fe0_chunk_0,doc_01126_07b12fe0
1195,1195,doc_01127_70c720be_chunk_0,doc_01127_70c720be
1196,1196,doc_01128_b9bb278f_chunk_0,doc_01128_b9bb278f
1197,1197,doc_01129_67ecedcd_chunk_0,doc_01129_67ecedcd
1198,1198,doc_01130_08031d01_chunk_0,doc_01130_08031d01
1199,1199,doc_01131_643e0de2_chunk_0,doc_01131_643e0de2
1200,1200,doc_01132_7ecb88d5_chunk_0,doc_01132_7ecb88d5
1201,1201,doc_01133_4ec3b95c_chunk_0,doc_01133_4ec3b95c
1202,1202,doc_01134_20f4e671_chunk_0,doc_01134_20f4e671
1203,1203,doc_01135_751e2630_chunk_0,doc_01135_751e2630
1204,1204,doc_01136_4cacfc5f_chunk_0,doc_01136_4cacfc5f
1205,1205,doc_01137_aeb9413e_chunk_0,doc_01137_aeb9413e
1206,1206,doc_01138_8fef4550_chunk_0,doc_01138_8fef4550
1207,1207,doc_01139_c03374d1_chunk_0,doc_01139_c03374d1
1208,1208,doc_01140_e3c55ed6_chunk_0,doc_01140_e3c55ed6
1209,1209,doc_01141_79a71127_chunk_0,doc_01141_79a71127
1210,1210,doc_01142_9164f481_chunk_0,doc_01142_9164f481
1211,1211,doc_01143_ad248230_chunk_0,doc_01143_ad248230
1212,1212,doc_01144_a4455f5f_chunk_0,doc_01144_a4455f5f
1213,1213,doc_01145_5370f2ea_chunk_0,doc_01145_5370f2ea
1214,1214,doc_01146_826ccba1_chunk_0,doc_01146_826ccba1
1215,1215,doc_01147_7ca8785b_chunk_0,doc_01147_7ca8785b
1216,1216,doc_01148_d81c0221_chunk_0,doc_01148_d81c0221
1217,1217,doc_01149_4ca164ce_chunk_0,doc_01149_4ca164ce
1218,1218,doc_01150_6ee2c48d_chunk_0,doc_01150_6ee2c48d
1219,1219,doc_01151_a6446ae7_chunk_0,doc_01151_a6446ae7
1220,1220,doc_01152_20dc01c6_chunk_0,doc_01152_20dc01c6
1221,1221,doc_01153_520aee2a_chunk_0,doc_01153_520aee2a
1222,1222,doc_01154_456272e9_chunk_0,doc_01154_456272e9
1223,1223,doc_01155_6adc3fe4_chunk_0,doc_01155_6adc3fe4
1224,1224,doc_01156_07f7eb37_chunk_0,doc_01156_07f7eb37
1225,1225,doc_01157_7db2af19_chunk_0,doc_01157_7db2af19
1226,1226,doc_01158_8b37481b_chunk_0,doc_01158_8b37481b
1227,1227,doc_01159_6ea5b444_chunk_0,doc_01159_6ea5b444
1228,1228,doc_01160_ec30091f_chunk_0,doc_01160_ec30091f
1229,1229,doc_01161_5d8db14d_chunk_0,doc_01161_5d8db14d
1230,1230,doc_01162_383bd665_chunk_0,doc_01162_383bd665
1231,1231,doc_01163_36b037ae_chunk_0,doc_01163_36b037ae
1232,1232,doc_01164_20a88292_chunk_0,doc_01164_20a88292
1233,1233,doc_01165_86bf7ceb_chunk_0,doc_01165_86bf7ceb
1234,1234,doc_01166_899a8e68_chunk_0,doc_01166_899a8e68
1235,1235,doc_01167_41cb3d1a_chunk_0,doc_01167_41cb3d1a
1236,1236,doc_01168_d81ae51f_chunk_0,doc_01168_d81ae51f
1237,1237,doc_01169_ae7666d9_chunk_0,doc_01169_ae7666d9
1238,1238,doc_01170_e8fb11ef_chunk_0,doc_01170_e8fb11ef
1239,1239,doc_01171_449191a9_chunk_0,doc_01171_449191a9
1240,1240,doc_01172_158f2d31_chunk_0,doc_01172_158f2d31
1241,1241,doc_01173_06cec8e0_chunk_0,doc_01173_06cec8e0
1242,1242,doc_01174_d319f82c_chunk_0,doc_01174_d319f82c
1243,1243,doc_01175_9c52d20e_chunk_0,doc_01175_9c52d20e
1244,1244,doc_01176_a6d059b8_chunk_0,doc_01176_a6d059b8
1245,1245,doc_01177_f7d76e9f_chunk_0,doc_01177_f7d76e9f
1246,1246,doc_01178_816f0c2f_chunk_0,doc_01178_816f0c2f
1247,1247,doc_01179_f37932ce_chunk_0,doc_01179_f37932ce
1248,1248,doc_01180_36262856_chunk_0,doc_01180_36262856
1249,1249,doc_01181_ae364d80_chunk_0,doc_01181_ae364d80
1250,1250,doc_01182_bb5f8df9_chunk_0,doc_01182_bb5f8df9
1251,1251,doc_01183_4da6594f_chunk_0,doc_01183_4da6594f
1252,1252,doc_01184_230fe4f8_chunk_0,doc_01184_230fe4f8
1253,1253,doc_01185_4cd409b3_chunk_0,doc_01185_4cd409b3
1254,1254,doc_01186_4a364d73_chunk_0,doc_01186_4a364d73
1255,1255,doc_01187_6a0b0796_chunk_0,doc_01187_6a0b0796
1256,1256,doc_01188_350a2d12_chunk_0,doc_01188_350a2d12
1257,1257,doc_01189_6db2d2d1_chunk_0,doc_01189_6db2d2d1
1258,1258,doc_01190_1f979848_chunk_0,doc_01190_1f979848
1259,1259,doc_01191_b2e418ce_chunk_0,doc_01191_b2e418ce
1260,1260,doc_01192_e5bfea54_chunk_0,doc_01192_e5bfea54
1261,1261,doc_01193_1d4601d3_chunk_0,doc_01193_1d4601d3
1262,1262,doc_01194_3f913381_chunk_0,doc_01194_3f913381
1263,1263,doc_01195_92d6eccc_chunk_0,doc_01195_92d6eccc
1264,1264,doc_01196_7edb5155_chunk_0,doc_01196_7edb5155
1265,1265,doc_01197_6cea6f74_chunk_0,doc_01197_6cea6f74
1266,1266,doc_01198_d979ebac_chunk_0,doc_01198_d979ebac
1267,1267,doc_01199_bd3c9969_chunk_0,doc_01199_bd3c9969
1268,1268,doc_01200_723cfdda_chunk_0,doc_01200_723cfdda
1269,1269,doc_01201_6c754371_chunk_0,doc_01201_6c754371
1270,1270,doc_01202_852bfcca_chunk_0,doc_01202_852bfcca
1271,1271,doc_01203_1372bd17_chunk_0,doc_01203_1372bd17
1272,1272,doc_01204_e979a045_chunk_0,doc_01204_e979a045
1273,1273,doc_01205_542be2af_chunk_0,doc_01205_542be2af
1274,1274,doc_01206_b5f29feb_chunk_0,doc_01206_b5f29feb
1275,1275,doc_01207_180e1df5_chunk_0,doc_01207_180e1df5
1276,1276,doc_01208_e5471273_chunk_0,doc_01208_e5471273
1277,1277,doc_01209_ced355bb_chunk_0,doc_01209_ced355bb
1278,1278,doc_01210_b430393c_chunk_0,doc_01210_b430393c
1279,1279,doc_01211_2ee05a77_chunk_0,doc_01211_2ee05a77
1280,1280,doc_01212_d3306f2b_chunk_0,doc_01212_d3306f2b
1281,1281,doc_01213_a2f78367_chunk_0,doc_01213_a2f78367
1282,1282,doc_01214_63fe9312_chunk_0,doc_01214_63fe9312
1283,1283,doc_01215_79f69d91_chunk_0,doc_01215_79f69d91
1284,1284,doc_01216_d504e26a_chunk_0,doc_01216_d504e26a
1285,1285,doc_01217_8a352e91_chunk_0,doc_01217_8a352e91
1286,1286,doc_01218_0c737949_chunk_0,doc_01218_0c737949
1287,1287,doc_01219_8971f000_chunk_0,doc_01219_8971f000
1288,1288,doc_01220_b23f6d4a_chunk_0,doc_01220_b23f6d4a
1289,1289,doc_01221_6605d1f0_chunk_0,doc_01221_6605d1f0
1290,1290,doc_01222_b8e4f3a7_chunk_0,doc_01222_b8e4f3a7
1291,1291,doc_01223_071e6afa_chunk_0,doc_01223_071e6afa
1292,1292,doc_01224_89eefbcf_chunk_0,doc_01224_89eefbcf
1293,1293,doc_01225_11379ff4_chunk_0,doc_01225_11379ff4
1294,1294,doc_01226_5e5a6b9d_chunk_0,doc_01226_5e5a6b9d
1295,1295,doc_01227_15800a2e_chunk_0,doc_01227_15800a2e
1296,1296,doc_01228_bb5faf87_chunk_0,doc_01228_bb5faf87
1297,1297,doc_01229_96fb347f_chunk_0,doc_01229_96fb347f
1298,1298,doc_01230_7f7ff4ee_chunk_0,doc_01230_7f7ff4ee
1299,1299,doc_01231_8d2874df_chunk_0,doc_01231_8d2874df
1300,1300,doc_01232_47117b8a_chunk_0,doc_01232_47117b8a
1301,1301,doc_01233_d3648e2b_chunk_0,doc_01233_d3648e2b
1302,1302,doc_01234_0d40b224_chunk_0,doc_01234_0d40b224
1303,1303,doc_01235_9847965d_chunk_0,doc_01235_9847965d
1304,1304,doc_01236_dd884615_chunk_0,doc_01236_dd884615
1305,1305,doc_01237_9d498670_chunk_0,doc_01237_9d498670
1306,1306,doc_01238_00d05e58_chunk_0,doc_01238_00d05e58
1307,1307,doc_01239_bd2f538a_chunk_0,doc_01239_bd2f538a
1308,1308,doc_01240_ac5ab804_chunk_0,doc_01240_ac5ab804
1309,1309,doc_01241_cf7e261e_chunk_0,doc_01241_cf7e261e
1310,1310,doc_01242_3f1a4025_chunk_0,doc_01242_3f1a4025
1311,1311,doc_01243_6f830189_chunk_0,doc_01243_6f830189
1312,1312,doc_01244_3aa41065_chunk_0,doc_01244_3aa41065
1313,1313,doc_01245_80840d15_chunk_0,doc_01245_80840d15
1314,1314,doc_01246_d9fe460f_chunk_0,doc_01246_d9fe460f
1315,1315,doc_01247_a38309b6_chunk_0,doc_01247_a38309b6
1316,1316,doc_01248_56599237_chunk_0,doc_01248_56599237
1317,1317,doc_01249_6abb2f9b_chunk_0,doc_01249_6abb2f9b
1318,1318,doc_01250_ebf353ef_chunk_0,doc_01250_ebf353ef
1319,1319,doc_01251_bdc1c488_chunk_0,doc_01251_bdc1c488
1320,1320,doc_01252_fb28a402_chunk_0,doc_01252_fb28a402
1321,1321,doc_01253_666ca951_chunk_0,doc_01253_666ca951
1322,1322,doc_01254_7ba64b14_chunk_0,doc_01254_7ba64b14
1323,1323,doc_01255_ce2d5a12_chunk_0,doc_01255_ce2d5a12
1324,1324,doc_01256_76d70051_chunk_0,doc_01256_76d70051
1325,1325,doc_01257_cdbc6dda_chunk_0,doc_01257_cdbc6dda
1326,1326,doc_01258_17cceb33_chunk_0,doc_01258_17cceb33
1327,1327,doc_01259_3bf1a53c_chunk_0,doc_01259_3bf1a53c
1328,1328,doc_01260_a24b6991_chunk_0,doc_01260_a24b6991
1329,1329,doc_01261_8bd4afe5_chunk_0,doc_01261_8bd4afe5
1330,1330,doc_01262_be3cfd15_chunk_0,doc_01262_be3cfd15
1331,1331,doc_01263_22341d95_chunk_0,doc_01263_22341d95
1332,1332,doc_01264_d5b7413e_chunk_0,doc_01264_d5b7413e
1333,1333,doc_01265_c7ff7ac2_chunk_0,doc_01265_c7ff7ac2
1334,1334,doc_01266_589bc585_chunk_0,doc_01266_589bc585
1335,1335,doc_01267_6ba6434f_chunk_0,doc_01267_6ba6434f
1336,1336,doc_01268_f2e7655b_chunk_0,doc_01268_f2e7655b
1337,1337,doc_01269_59cbb80d_chunk_0,doc_01269_59cbb80d
1338,1338,doc_01270_33990845_chunk_0,doc_01270_33990845
1339,1339,doc_01271_0a24cf7d_chunk_0,doc_01271_0a24cf7d
1340,1340,doc_01272_9acf2ac2_chunk_0,doc_01272_9acf2ac2
1341,1341,doc_01273_9794ead5_chunk_0,doc_01273_9794ead5
1342,1342,doc_01274_f6c139af_chunk_0,doc_01274_f6c139af
1343,1343,doc_01275_ce70b6b1_chunk_0,doc_01275_ce70b6b1
1344,1344,doc_01275_ce70b6b1_chunk_1,doc_01275_ce70b6b1
1345,1345,doc_01276_77d0dfc4_chunk_0,doc_01276_77d0dfc4
1346,1346,doc_01277_99b04b1f_chunk_0,doc_01277_99b04b1f
1347,1347,doc_01278_42c04c3e_chunk_0,doc_01278_42c04c3e
1348,1348,doc_01279_25771da7_chunk_0,doc_01279_25771da7
1349,1349,doc_01280_9297e1a6_chunk_0,doc_01280_9297e1a6
1350,1350,doc_01281_7e4339d9_chunk_0,doc_01281_7e4339d9
1351,1351,doc_01282_e57c222e_chunk_0,doc_01282_e57c222e
1352,1352,doc_01283_f68d49c4_chunk_0,doc_01283_f68d49c4
1353,1353,doc_01284_b5b1963e_chunk_0,doc_01284_b5b1963e
1354,1354,doc_01285_80e20477_chunk_0,doc_01285_80e20477
1355,1355,doc_01286_637476e7_chunk_0,doc_01286_637476e7
1356,1356,doc_01287_cf5934f2_chunk_0,doc_01287_cf5934f2
1357,1357,doc_01288_18f24a06_chunk_0,doc_01288_18f24a06
1358,1358,doc_01289_1180e443_chunk_0,doc_01289_1180e443
1359,1359,doc_01290_b01f41ff_chunk_0,doc_01290_b01f41ff
1360,1360,doc_01291_b7b36247_chunk_0,doc_01291_b7b36247
1361,1361,doc_01292_f647cb89_chunk_0,doc_01292_f647cb89
1362,1362,doc_01293_65726356_chunk_0,doc_01293_65726356
1363,1363,doc_01294_7ac623a1_chunk_0,doc_01294_7ac623a1
1364,1364,doc_01295_ccec0636_chunk_0,doc_01295_ccec0636
1365,1365,doc_01296_ea21738a_chunk_0,doc_01296_ea21738a
1366,1366,doc_01297_a99165ae_chunk_0,doc_01297_a99165ae
1367,1367,doc_01298_2a852f6c_chunk_0,doc_01298_2a852f6c
1368,1368,doc_01299_93f16a59_chunk_0,doc_01299_93f16a59
1369,1369,doc_01300_0bedeb8c_chunk_0,doc_01300_0bedeb8c
1370,1370,doc_01301_e70157e5_chunk_0,doc_01301_e70157e5
1371,1371,doc_01302_1842aabd_chunk_0,doc_01302_1842aabd
1372,1372,doc_01303_0ec7a348_chunk_0,doc_01303_0ec7a348
1373,1373,doc_01304_66f4f4f8_chunk_0,doc_01304_66f4f4f8
1374,1374,doc_01305_2a6988c8_chunk_0,doc_01305_2a6988c8
1375,1375,doc_01306_266ef36a_chunk_0,doc_01306_266ef36a
1376,1376,doc_01307_ed840ad6_chunk_0,doc_01307_ed840ad6
1377,1377,doc_01308_d0319a15_chunk_0,doc_01308_d0319a15
1378,1378,doc_01309_318de23e_chunk_0,doc_01309_318de23e
1379,1379,doc_01310_a5bef09b_chunk_0,doc_01310_a5bef09b
1380,1380,doc_01311_43370f4a_chunk_0,doc_01311_43370f4a
1381,1381,doc_01312_2c685c4c_chunk_0,doc_01312_2c685c4c
1382,1382,doc_01313_6114d82f_chunk_0,doc_01313_6114d82f
1383,1383,doc_01314_4f17e7c3_chunk_0,doc_01314_4f17e7c3
1384,1384,doc_01315_70e8da2c_chunk_0,doc_01315_70e8da2c
1385,1385,doc_01316_ad57441c_chunk_0,doc_01316_ad57441c
1386,1386,doc_01317_4251f3f7_chunk_0,doc_01317_4251f3f7
1387,1387,doc_01318_ed17d92d_chunk_0,doc_01318_ed17d92d
1388,1388,doc_01319_358058db_chunk_0,doc_01319_358058db
1389,1389,doc_01320_0d033afe_chunk_0,doc_01320_0d033afe
1390,1390,doc_01320_0d033afe_chunk_1,doc_01320_0d033afe
1391,1391,doc_01321_8d410b00_chunk_0,doc_01321_8d410b00
1392,1392,doc_01321_8d410b00_chunk_1,doc_01321_8d410b00
1393,1393,doc_01322_c31b91b6_chunk_0,doc_01322_c31b91b6
1394,1394,doc_01323_97876dec_chunk_0,doc_01323_97876dec
1395,1395,doc_01324_e11db7db_chunk_0,doc_01324_e11db7db
1396,1396,doc_01325_8a171917_chunk_0,doc_01325_8a171917
1397,1397,doc_01326_e9319a4c_chunk_0,doc_01326_e9319a4c
1398,1398,doc_01327_21ccfa84_chunk_0,doc_01327_21ccfa84
1399,1399,doc_01328_2a3687f6_chunk_0,doc_01328_2a3687f6
1400,1400,doc_01329_1d11f51f_chunk_0,doc_01329_1d11f51f
1401,1401,doc_01330_cf092640_chunk_0,doc_01330_cf092640
1402,1402,doc_01331_5461a682_chunk_0,doc_01331_5461a682
1403,1403,doc_01332_a12575e3_chunk_0,doc_01332_a12575e3
1404,1404,doc_01333_9a8d5f5b_chunk_0,doc_01333_9a8d5f5b
1405,1405,doc_01334_a7b121b6_chunk_0,doc_01334_a7b121b6
1406,1406,doc_01335_ebcf2a60_chunk_0,doc_01335_ebcf2a60
1407,1407,doc_01336_5c0830a6_chunk_0,doc_01336_5c0830a6
1408,1408,doc_01337_abdfc5b1_chunk_0,doc_01337_abdfc5b1
1409,1409,doc_01338_492a82cc_chunk_0,doc_01338_492a82cc
1410,1410,doc_01339_263a78bf_chunk_0,doc_01339_263a78bf
1411,1411,doc_01340_367cefc7_chunk_0,doc_01340_367cefc7
1412,1412,doc_01341_161588e3_chunk_0,doc_01341_161588e3
1413,1413,doc_01342_918a3761_chunk_0,doc_01342_918a3761
1414,1414,doc_01343_918b1287_chunk_0,doc_01343_918b1287
1415,1415,doc_01344_f4f96a27_chunk_0,doc_01344_f4f96a27
1416,1416,doc_01345_98cb3d9b_chunk_0,doc_01345_98cb3d9b
1417,1417,doc_01346_3bddc9cc_chunk_0,doc_01346_3bddc9cc
1418,1418,doc_01347_359632ab_chunk_0,doc_01347_359632ab
1419,1419,doc_01348_a8468094_chunk_0,doc_01348_a8468094
1420,1420,doc_01349_348d9403_chunk_0,doc_01349_348d9403
1421,1421,doc_01350_f6cd2019_chunk_0,doc_01350_f6cd2019
1422,1422,doc_01351_22a05b41_chunk_0,doc_01351_22a05b41
1423,1423,doc_01352_126284c1_chunk_0,doc_01352_126284c1
1424,1424,doc_01353_ad6548dc_chunk_0,doc_01353_ad6548dc
1425,1425,doc_01354_54f8b3ad_chunk_0,doc_01354_54f8b3ad
1426,1426,doc_01355_a5d67bc0_chunk_0,doc_01355_a5d67bc0
1427,1427,doc_01356_605d20b9_chunk_0,doc_01356_605d20b9
1428,1428,doc_01357_74fd58fe_chunk_0,doc_01357_74fd58fe
1429,1429,doc_01358_fd76ad86_chunk_0,doc_01358_fd76ad86
1430,1430,doc_01359_ce6d3552_chunk_0,doc_01359_ce6d3552
1431,1431,doc_01360_e912f2f0_chunk_0,doc_01360_e912f2f0
1432,1432,doc_01361_8449f31d_chunk_0,doc_01361_8449f31d
1433,1433,doc_01362_6ff3801b_chunk_0,doc_01362_6ff3801b
1434,1434,doc_01363_0d639ac7_chunk_0,doc_01363_0d639ac7
1435,1435,doc_01364_b4c705bd_chunk_0,doc_01364_b4c705bd
1436,1436,doc_01365_45d5b88f_chunk_0,doc_01365_45d5b88f
1437,1437,doc_01366_e1b60914_chunk_0,doc_01366_e1b60914
1438,1438,doc_01367_8a0b44d5_chunk_0,doc_01367_8a0b44d5
1439,1439,doc_01368_fd5ab478_chunk_0,doc_01368_fd5ab478
1440,1440,doc_01369_a03aa015_chunk_0,doc_01369_a03aa015
1441,1441,doc_01370_0da777f6_chunk_0,doc_01370_0da777f6
1442,1442,doc_01371_65706605_chunk_0,doc_01371_65706605
1443,1443,doc_01372_ac477dbf_chunk_0,doc_01372_ac477dbf
1444,1444,doc_01373_9ad9866e_chunk_0,doc_01373_9ad9866e
1445,1445,doc_01374_0f2d09ce_chunk_0,doc_01374_0f2d09ce
1446,1446,doc_01375_a08a536a_chunk_0,doc_01375_a08a536a
1447,1447,doc_01376_3b3551fa_chunk_0,doc_01376_3b3551fa
1448,1448,doc_01377_c1523b5d_chunk_0,doc_01377_c1523b5d
1449,1449,doc_01378_70b06af3_chunk_0,doc_01378_70b06af3
1450,1450,doc_01379_ab3fce95_chunk_0,doc_01379_ab3fce95
1451,1451,doc_01380_33fd3e80_chunk_0,doc_01380_33fd3e80
1452,1452,doc_01381_079f1137_chunk_0,doc_01381_079f1137
1453,1453,doc_01382_c58d0eda_chunk_0,doc_01382_c58d0eda
1454,1454,doc_01383_f095cca8_chunk_0,doc_01383_f095cca8
1455,1455,doc_01384_32068d53_chunk_0,doc_01384_32068d53
1456,1456,doc_01385_bdc33074_chunk_0,doc_01385_bdc33074
1457,1457,doc_01386_6f7192f5_chunk_0,doc_01386_6f7192f5
1458,1458,doc_01387_fafa28af_chunk_0,doc_01387_fafa28af
1459,1459,doc_01388_a7841e48_chunk_0,doc_01388_a7841e48
1460,1460,doc_01389_d422c135_chunk_0,doc_01389_d422c135
1461,1461,doc_01390_2b6c8699_chunk_0,doc_01390_2b6c8699
1462,1462,doc_01391_289907ff_chunk_0,doc_01391_289907ff
1463,1463,doc_01392_968c68bd_chunk_0,doc_01392_968c68bd
1464,1464,doc_01393_ea7710c8_chunk_0,doc_01393_ea7710c8
1465,1465,doc_01394_e084a6ee_chunk_0,doc_01394_e084a6ee
1466,1466,doc_01395_eb59cac4_chunk_0,doc_01395_eb59cac4
1467,1467,doc_01396_3516556c_chunk_0,doc_01396_3516556c
1468,1468,doc_01397_d27134cc_chunk_0,doc_01397_d27134cc
1469,1469,doc_01398_8a649403_chunk_0,doc_01398_8a649403
1470,1470,doc_01399_e01114c2_chunk_0,doc_01399_e01114c2
1471,1471,doc_01400_2c142c47_chunk_0,doc_01400_2c142c47
1472,1472,doc_01401_c4b71992_chunk_0,doc_01401_c4b71992
1473,1473,doc_01402_fc798f04_chunk_0,doc_01402_fc798f04
1474,1474,doc_01403_6e41bd5d_chunk_0,doc_01403_6e41bd5d
1475,1475,doc_01404_fb447ef1_chunk_0,doc_01404_fb447ef1
1476,1476,doc_01405_bf236e8e_chunk_0,doc_01405_bf236e8e
1477,1477,doc_01406_1334a985_chunk_0,doc_01406_1334a985
1478,1478,doc_01407_c2e3d605_chunk_0,doc_01407_c2e3d605
1479,1479,doc_01408_14489269_chunk_0,doc_01408_14489269
1480,1480,doc_01409_a9554511_chunk_0,doc_01409_a9554511
1481,1481,doc_01410_7fb87a4a_chunk_0,doc_01410_7fb87a4a
1482,1482,doc_01411_dba01489_chunk_0,doc_01411_dba01489
1483,1483,doc_01412_dd35e205_chunk_0,doc_01412_dd35e205
1484,1484,doc_01413_771e2ae9_chunk_0,doc_01413_771e2ae9
1485,1485,doc_01414_e47555a5_chunk_0,doc_01414_e47555a5
1486,1486,doc_01415_ae9f9159_chunk_0,doc_01415_ae9f9159
1487,1487,doc_01416_2702ab42_chunk_0,doc_01416_2702ab42
1488,1488,doc_01417_9d013295_chunk_0,doc_01417_9d013295
1489,1489,doc_01418_d5ef2826_chunk_0,doc_01418_d5ef2826
1490,1490,doc_01419_cb7a0eeb_chunk_0,doc_01419_cb7a0eeb
1491,1491,doc_01420_3c0701b1_chunk_0,doc_01420_3c0701b1
1492,1492,doc_01421_0db1d73a_chunk_0,doc_01421_0db1d73a
1493,1493,doc_01422_3699761a_chunk_0,doc_01422_3699761a
1494,1494,doc_01423_00c2aaae_chunk_0,doc_01423_00c2aaae
1495,1495,doc_01424_7631de08_chunk_0,doc_01424_7631de08
1496,1496,doc_01425_05760ec5_chunk_0,doc_01425_05760ec5
1497,1497,doc_01426_534f2cf9_chunk_0,doc_01426_534f2cf9
1498,1498,doc_01427_c5da7cae_chunk_0,doc_01427_c5da7cae
1499,1499,doc_01428_22be7a51_chunk_0,doc_01428_22be7a51
1500,1500,doc_01429_2366c0a5_chunk_0,doc_01429_2366c0a5
1501,1501,doc_01430_f8f7a0c3_chunk_0,doc_01430_f8f7a0c3
1502,1502,doc_01431_8f69fbea_chunk_0,doc_01431_8f69fbea
1503,1503,doc_01432_12200c3a_chunk_0,doc_01432_12200c3a
1504,1504,doc_01433_4382c872_chunk_0,doc_01433_4382c872
1505,1505,doc_01434_efa2ce9c_chunk_0,doc_01434_efa2ce9c
1506,1506,doc_01435_716d4480_chunk_0,doc_01435_716d4480
1507,1507,doc_01436_e21c1d7e_chunk_0,doc_01436_e21c1d7e
1508,1508,doc_01437_74e340bd_chunk_0,doc_01437_74e340bd
1509,1509,doc_01438_d37a2377_chunk_0,doc_01438_d37a2377
1510,1510,doc_01439_9a5a066f_chunk_0,doc_01439_9a5a066f
1511,1511,doc_01440_5528bbde_chunk_0,doc_01440_5528bbde
1512,1512,doc_01441_f50396ce_chunk_0,doc_01441_f50396ce
1513,1513,doc_01442_b0a57c46_chunk_0,doc_01442_b0a57c46
1514,1514,doc_01443_d4200a4e_chunk_0,doc_01443_d4200a4e
1515,1515,doc_01444_8a6b7619_chunk_0,doc_01444_8a6b7619
1516,1516,doc_01445_789fa2bf_chunk_0,doc_01445_789fa2bf
1517,1517,doc_01446_71a28f6b_chunk_0,doc_01446_71a28f6b
1518,1518,doc_01447_7665c4e7_chunk_0,doc_01447_7665c4e7
1519,1519,doc_01448_f5383d25_chunk_0,doc_01448_f5383d25
1520,1520,doc_01449_d46697bd_chunk_0,doc_01449_d46697bd
1521,1521,doc_01450_f4e2cf49_chunk_0,doc_01450_f4e2cf49
1522,1522,doc_01451_3347b76c_chunk_0,doc_01451_3347b76c
1523,1523,doc_01452_97c849a5_chunk_0,doc_01452_97c849a5
1524,1524,doc_01453_da66b93a_chunk_0,doc_01453_da66b93a
1525,1525,doc_01454_0b69c87a_chunk_0,doc_01454_0b69c87a
1526,1526,doc_01455_5e353262_chunk_0,doc_01455_5e353262
1527,1527,doc_01456_1d859143_chunk_0,doc_01456_1d859143
1528,1528,doc_01457_6c3404ca_chunk_0,doc_01457_6c3404ca
1529,1529,doc_01458_66b5112b_chunk_0,doc_01458_66b5112b
1530,1530,doc_01459_f61ed5f9_chunk_0,doc_01459_f61ed5f9
1531,1531,doc_01460_58d4a664_chunk_0,doc_01460_58d4a664
1532,1532,doc_01461_feb3ab03_chunk_0,doc_01461_feb3ab03
1533,1533,doc_01462_155d3ce2_chunk_0,doc_01462_155d3ce2
1534,1534,doc_01463_2369e2a6_chunk_0,doc_01463_2369e2a6
1535,1535,doc_01464_02e9d6cb_chunk_0,doc_01464_02e9d6cb
1536,1536,doc_01465_8873e35f_chunk_0,doc_01465_8873e35f
1537,1537,doc_01465_8873e35f_chunk_1,doc_01465_8873e35f
1538,1538,doc_01466_6c557e8a_chunk_0,doc_01466_6c557e8a
1539,1539,doc_01467_5e1e0e93_chunk_0,doc_01467_5e1e0e93
1540,1540,doc_01468_e694ae1a_chunk_0,doc_01468_e694ae1a
1541,1541,doc_01469_d6236dc4_chunk_0,doc_01469_d6236dc4
1542,1542,doc_01470_7ae72a1c_chunk_0,doc_01470_7ae72a1c
1543,1543,doc_01471_00b37d09_chunk_0,doc_01471_00b37d09
1544,1544,doc_01472_422eb2b7_chunk_0,doc_01472_422eb2b7
1545,1545,doc_01473_d8124724_chunk_0,doc_01473_d8124724
1546,1546,doc_01474_2f033f7a_chunk_0,doc_01474_2f033f7a
1547,1547,doc_01475_1874da9e_chunk_0,doc_01475_1874da9e
1548,1548,doc_01476_3c854c3f_chunk_0,doc_01476_3c854c3f
1549,1549,doc_01477_764362e5_chunk_0,doc_01477_764362e5
1550,1550,doc_01478_2844c285_chunk_0,doc_01478_2844c285
1551,1551,doc_01479_3b3a8dc0_chunk_0,doc_01479_3b3a8dc0
1552,1552,doc_01480_5c910211_chunk_0,doc_01480_5c910211
1553,1553,doc_01481_e8f3938c_chunk_0,doc_01481_e8f3938c
1554,1554,doc_01482_4d5f3182_chunk_0,doc_01482_4d5f3182
1555,1555,doc_01483_f20f6ecc_chunk_0,doc_01483_f20f6ecc
1556,1556,doc_01484_ff134d5e_chunk_0,doc_01484_ff134d5e
1557,1557,doc_01485_7affd489_chunk_0,doc_01485_7affd489
1558,1558,doc_01486_6628b08e_chunk_0,doc_01486_6628b08e
1559,1559,doc_01487_7996321e_chunk_0,doc_01487_7996321e
1560,1560,doc_01488_5c28ad0b_chunk_0,doc_01488_5c28ad0b
1561,1561,doc_01489_22453e9c_chunk_0,doc_01489_22453e9c
1562,1562,doc_01490_61b5dd00_chunk_0,doc_01490_61b5dd00
1563,1563,doc_01491_717a6ace_chunk_0,doc_01491_717a6ace
1564,1564,doc_01492_e7a391c0_chunk_0,doc_01492_e7a391c0
1565,1565,doc_01493_c5a9dddc_chunk_0,doc_01493_c5a9dddc
1566,1566,doc_01494_cd68157a_chunk_0,doc_01494_cd68157a
1567,1567,doc_01495_00b80c4d_chunk_0,doc_01495_00b80c4d
1568,1568,doc_01496_d06d21fa_chunk_0,doc_01496_d06d21fa
1569,1569,doc_01497_b80f7f2a_chunk_0,doc_01497_b80f7f2a
1570,1570,doc_01498_1fbd39a2_chunk_0,doc_01498_1fbd39a2
1571,1571,doc_01499_306195cb_chunk_0,doc_01499_306195cb
1572,1572,doc_01500_790e5a63_chunk_0,doc_01500_790e5a63
1573,1573,doc_01501_32a9c6d0_chunk_0,doc_01501_32a9c6d0
1574,1574,doc_01502_d80d16e1_chunk_0,doc_01502_d80d16e1
1575,1575,doc_01503_63d8e5b4_chunk_0,doc_01503_63d8e5b4
1576,1576,doc_01504_a7d939e7_chunk_0,doc_01504_a7d939e7
1577,1577,doc_01505_8902a0d3_chunk_0,doc_01505_8902a0d3
1578,1578,doc_01506_47609c04_chunk_0,doc_01506_47609c04
1579,1579,doc_01507_ab7b9dd9_chunk_0,doc_01507_ab7b9dd9
1580,1580,doc_01508_c1c648d4_chunk_0,doc_01508_c1c648d4
1581,1581,doc_01509_23fe1fef_chunk_0,doc_01509_23fe1fef
1582,1582,doc_01510_fcc6ebaf_chunk_0,doc_01510_fcc6ebaf
1583,1583,doc_01511_6af4b9ff_chunk_0,doc_01511_6af4b9ff
1584,1584,doc_01512_6a396cbe_chunk_0,doc_01512_6a396cbe
1585,1585,doc_01513_b253713a_chunk_0,doc_01513_b253713a
1586,1586,doc_01514_40a3a445_chunk_0,doc_01514_40a3a445
1587,1587,doc_01515_fb0f907c_chunk_0,doc_01515_fb0f907c
1588,1588,doc_01516_47b07c1d_chunk_0,doc_01516_47b07c1d
1589,1589,doc_01517_71c0ddeb_chunk_0,doc_01517_71c0ddeb
1590,1590,doc_01518_7a16ae6b_chunk_0,doc_01518_7a16ae6b
1591,1591,doc_01519_10400522_chunk_0,doc_01519_10400522
1592,1592,doc_01520_4e78506e_chunk_0,doc_01520_4e78506e
1593,1593,doc_01521_27573661_chunk_0,doc_01521_27573661
1594,1594,doc_01522_a3617b2f_chunk_0,doc_01522_a3617b2f
1595,1595,doc_01523_69baf250_chunk_0,doc_01523_69baf250
1596,1596,doc_01524_34e024dc_chunk_0,doc_01524_34e024dc
1597,1597,doc_01525_9c9c2847_chunk_0,doc_01525_9c9c2847
1598,1598,doc_01526_a31e203b_chunk_0,doc_01526_a31e203b
1599,1599,doc_01527_29665015_chunk_0,doc_01527_29665015
1600,1600,doc_01528_9b4f3a20_chunk_0,doc_01528_9b4f3a20
1601,1601,doc_01529_9c26a74b_chunk_0,doc_01529_9c26a74b
1602,1602,doc_01530_afb9ec21_chunk_0,doc_01530_afb9ec21
1603,1603,doc_01531_d029dc96_chunk_0,doc_01531_d029dc96
1604,1604,doc_01532_686ce4de_chunk_0,doc_01532_686ce4de
1605,1605,doc_01533_307537f9_chunk_0,doc_01533_307537f9
1606,1606,doc_01534_94862375_chunk_0,doc_01534_94862375
1607,1607,doc_01535_b7b7f376_chunk_0,doc_01535_b7b7f376
1608,1608,doc_01536_9a42b9ef_chunk_0,doc_01536_9a42b9ef
1609,1609,doc_01537_84e207b1_chunk_0,doc_01537_84e207b1
1610,1610,doc_01538_5ebf6b6e_chunk_0,doc_01538_5ebf6b6e
1611,1611,doc_01539_507f1bd7_chunk_0,doc_01539_507f1bd7
1612,1612,doc_01540_4f416702_chunk_0,doc_01540_4f416702
1613,1613,doc_01541_5b826371_chunk_0,doc_01541_5b826371
1614,1614,doc_01542_80139eda_chunk_0,doc_01542_80139eda
1615,1615,doc_01543_432c204c_chunk_0,doc_01543_432c204c
1616,1616,doc_01544_397f5b84_chunk_0,doc_01544_397f5b84
1617,1617,doc_01545_7add9760_chunk_0,doc_01545_7add9760
1618,1618,doc_01546_c160eb50_chunk_0,doc_01546_c160eb50
1619,1619,doc_01547_49bb653e_chunk_0,doc_01547_49bb653e
1620,1620,doc_01548_d4947dda_chunk_0,doc_01548_d4947dda
1621,1621,doc_01549_cb30e5a9_chunk_0,doc_01549_cb30e5a9
1622,1622,doc_01550_02ecfc63_chunk_0,doc_01550_02ecfc63
1623,1623,doc_01551_ae22f664_chunk_0,doc_01551_ae22f664
1624,1624,doc_01552_93682fef_chunk_0,doc_01552_93682fef
1625,1625,doc_01553_a0025e03_chunk_0,doc_01553_a0025e03
1626,1626,doc_01554_f23dc6d8_chunk_0,doc_01554_f23dc6d8
1627,1627,doc_01555_d14c43a6_chunk_0,doc_01555_d14c43a6
1628,1628,doc_01556_e9426b0e_chunk_0,doc_01556_e9426b0e
1629,1629,doc_01557_f4699c29_chunk_0,doc_01557_f4699c29
1630,1630,doc_01558_93fe3329_chunk_0,doc_01558_93fe3329
1631,1631,doc_01559_6b71b5d9_chunk_0,doc_01559_6b71b5d9
1632,1632,doc_01560_52cd568c_chunk_0,doc_01560_52cd568c
1633,1633,doc_01561_1987a1e7_chunk_0,doc_01561_1987a1e7
1634,1634,doc_01562_e5374b32_chunk_0,doc_01562_e5374b32
1635,1635,doc_01563_8696f840_chunk_0,doc_01563_8696f840
1636,1636,doc_01564_138ef39d_chunk_0,doc_01564_138ef39d
1637,1637,doc_01565_1208c6f3_chunk_0,doc_01565_1208c6f3
1638,1638,doc_01566_ca1621bf_chunk_0,doc_01566_ca1621bf
1639,1639,doc_01567_d20e9923_chunk_0,doc_01567_d20e9923
1640,1640,doc_01568_cacfe971_chunk_0,doc_01568_cacfe971
1641,1641,doc_01569_e2490096_chunk_0,doc_01569_e2490096
1642,1642,doc_01570_b5be9298_chunk_0,doc_01570_b5be9298
1643,1643,doc_01571_0b0376fc_chunk_0,doc_01571_0b0376fc
1644,1644,doc_01572_48a32a52_chunk_0,doc_01572_48a32a52
1645,1645,doc_01573_6aa302e7_chunk_0,doc_01573_6aa302e7
1646,1646,doc_01574_2a419ac7_chunk_0,doc_01574_2a419ac7
1647,1647,doc_01575_c8d789a3_chunk_0,doc_01575_c8d789a3
1648,1648,doc_01576_aba68fb4_chunk_0,doc_01576_aba68fb4
1649,1649,doc_01577_39e1f7b9_chunk_0,doc_01577_39e1f7b9
1650,1650,doc_01578_02dc8643_chunk_0,doc_01578_02dc8643
1651,1651,doc_01579_7dffce6e_chunk_0,doc_01579_7dffce6e
1652,1652,doc_01580_9bf2ec38_chunk_0,doc_01580_9bf2ec38
1653,1653,doc_01581_c203f2fa_chunk_0,doc_01581_c203f2fa
1654,1654,doc_01582_c582a5db_chunk_0,doc_01582_c582a5db
1655,1655,doc_01583_0a9da837_chunk_0,doc_01583_0a9da837
1656,1656,doc_01584_f463a16d_chunk_0,doc_01584_f463a16d
1657,1657,doc_01585_96ed2b5e_chunk_0,doc_01585_96ed2b5e
1658,1658,doc_01586_8493f978_chunk_0,doc_01586_8493f978
1659,1659,doc_01587_8575f77a_chunk_0,doc_01587_8575f77a
1660,1660,doc_01588_ff426ba6_chunk_0,doc_01588_ff426ba6
1661,1661,doc_01589_fe991e92_chunk_0,doc_01589_fe991e92
1662,1662,doc_01590_82a8a7fb_chunk_0,doc_01590_82a8a7fb
1663,1663,doc_01591_e490abfa_chunk_0,doc_01591_e490abfa
1664,1664,doc_01592_dd4c1711_chunk_0,doc_01592_dd4c1711
1665,1665,doc_01593_e423cd73_chunk_0,doc_01593_e423cd73
1666,1666,doc_01594_83bddb87_chunk_0,doc_01594_83bddb87
1667,1667,doc_01595_c5a9af26_chunk_0,doc_01595_c5a9af26
1668,1668,doc_01596_fefd3b00_chunk_0,doc_01596_fefd3b00
1669,1669,doc_01597_15920ffc_chunk_0,doc_01597_15920ffc
1670,1670,doc_01598_2d7851b3_chunk_0,doc_01598_2d7851b3
1671,1671,doc_01599_fb37764f_chunk_0,doc_01599_fb37764f
1672,1672,doc_01600_c1d79650_chunk_0,doc_01600_c1d79650
1673,1673,doc_01601_a7b8cef6_chunk_0,doc_01601_a7b8cef6
1674,1674,doc_01602_daf3a150_chunk_0,doc_01602_daf3a150
1675,1675,doc_01603_9ac32c0d_chunk_0,doc_01603_9ac32c0d
1676,1676,doc_01604_9e26fc9a_chunk_0,doc_01604_9e26fc9a
1677,1677,doc_01605_f313170d_chunk_0,doc_01605_f313170d
1678,1678,doc_01606_302bb6f6_chunk_0,doc_01606_302bb6f6
1679,1679,doc_01607_82b10c07_chunk_0,doc_01607_82b10c07
1680,1680,doc_01608_512304e6_chunk_0,doc_01608_512304e6
1681,1681,doc_01609_5c4a7fea_chunk_0,doc_01609_5c4a7fea
1682,1682,doc_01610_038bcfef_chunk_0,doc_01610_038bcfef
1683,1683,doc_01611_41c4db39_chunk_0,doc_01611_41c4db39
1684,1684,doc_01612_08c5af1a_chunk_0,doc_01612_08c5af1a
1685,1685,doc_01613_9bb12d4a_chunk_0,doc_01613_9bb12d4a
1686,1686,doc_01614_380a4f96_chunk_0,doc_01614_380a4f96
1687,1687,doc_01615_fb028253_chunk_0,doc_01615_fb028253
1688,1688,doc_01616_d5df4d22_chunk_0,doc_01616_d5df4d22
1689,1689,doc_01617_a54cbf34_chunk_0,doc_01617_a54cbf34
1690,1690,doc_01618_28998bb8_chunk_0,doc_01618_28998bb8
1691,1691,doc_01619_f0aa541a_chunk_0,doc_01619_f0aa541a
1692,1692,doc_01620_b3783be1_chunk_0,doc_01620_b3783be1
1693,1693,doc_01621_e05ac4e5_chunk_0,doc_01621_e05ac4e5
1694,1694,doc_01622_1a5b8e13_chunk_0,doc_01622_1a5b8e13
1695,1695,doc_01623_e747a201_chunk_0,doc_01623_e747a201
1696,1696,doc_01624_faf7e213_chunk_0,doc_01624_faf7e213
1697,1697,doc_01625_08fae906_chunk_0,doc_01625_08fae906
1698,1698,doc_01626_6f389361_chunk_0,doc_01626_6f389361
1699,1699,doc_01627_5fad5113_chunk_0,doc_01627_5fad5113
1700,1700,doc_01628_6a65c7d7_chunk_0,doc_01628_6a65c7d7
1701,1701,doc_01629_7640bf06_chunk_0,doc_01629_7640bf06
1702,1702,doc_01630_ada18856_chunk_0,doc_01630_ada18856
1703,1703,doc_01631_9575cb2d_chunk_0,doc_01631_9575cb2d
1704,1704,doc_01632_6c34dc2f_chunk_0,doc_01632_6c34dc2f
1705,1705,doc_01633_7b94e5be_chunk_0,doc_01633_7b94e5be
1706,1706,doc_01634_19ec3b95_chunk_0,doc_01634_19ec3b95
1707,1707,doc_01635_060e6c85_chunk_0,doc_01635_060e6c85
1708,1708,doc_01636_c7efecf5_chunk_0,doc_01636_c7efecf5
1709,1709,doc_01637_f3cc368a_chunk_0,doc_01637_f3cc368a
1710,1710,doc_01638_c2739469_chunk_0,doc_01638_c2739469
1711,1711,doc_01639_114daf2c_chunk_0,doc_01639_114daf2c
1712,1712,doc_01640_9a441210_chunk_0,doc_01640_9a441210
1713,1713,doc_01641_7cfb9e9a_chunk_0,doc_01641_7cfb9e9a
1714,1714,doc_01642_fc32cf86_chunk_0,doc_01642_fc32cf86
1715,1715,doc_01643_7c47d6f9_chunk_0,doc_01643_7c47d6f9
1716,1716,doc_01644_7cd101e7_chunk_0,doc_01644_7cd101e7
1717,1717,doc_01645_5c246938_chunk_0,doc_01645_5c246938
1718,1718,doc_01646_a6056dff_chunk_0,doc_01646_a6056dff
1719,1719,doc_01647_e493fd43_chunk_0,doc_01647_e493fd43
1720,1720,doc_01648_b0ea928b_chunk_0,doc_01648_b0ea928b
1721,1721,doc_01649_454b38dd_chunk_0,doc_01649_454b38dd
1722,1722,doc_01650_a1cc9a32_chunk_0,doc_01650_a1cc9a32
1723,1723,doc_01651_763275b7_chunk_0,doc_01651_763275b7
1724,1724,doc_01652_bd31bac0_chunk_0,doc_01652_bd31bac0
1725,1725,doc_01653_687edd01_chunk_0,doc_01653_687edd01
1726,1726,doc_01654_680415d4_chunk_0,doc_01654_680415d4
1727,1727,doc_01655_e5a500d0_chunk_0,doc_01655_e5a500d0
1728,1728,doc_01656_8bce3f85_chunk_0,doc_01656_8bce3f85
1729,1729,doc_01657_e020a5e9_chunk_0,doc_01657_e020a5e9
1730,1730,doc_01658_3bea0116_chunk_0,doc_01658_3bea0116
1731,1731,doc_01659_9be04594_chunk_0,doc_01659_9be04594
1732,1732,doc_01660_65015869_chunk_0,doc_01660_65015869
1733,1733,doc_01661_bff2e1fc_chunk_0,doc_01661_bff2e1fc
1734,1734,doc_01662_35d3d7a7_chunk_0,doc_01662_35d3d7a7
1735,1735,doc_01663_4e9345fb_chunk_0,doc_01663_4e9345fb
1736,1736,doc_01664_6a37d2d9_chunk_0,doc_01664_6a37d2d9
1737,1737,doc_01665_1d826f4c_chunk_0,doc_01665_1d826f4c
1738,1738,doc_01666_29b5fe99_chunk_0,doc_01666_29b5fe99
1739,1739,doc_01667_c2603b38_chunk_0,doc_01667_c2603b38
1740,1740,doc_01668_1ab5a1b2_chunk_0,doc_01668_1ab5a1b2
1741,1741,doc_01668_1ab5a1b2_chunk_1,doc_01668_1ab5a1b2
1742,1742,doc_01669_812668ba_chunk_0,doc_01669_812668ba
1743,1743,doc_01669_812668ba_chunk_1,doc_01669_812668ba
1744,1744,doc_01670_c2455a7c_chunk_0,doc_01670_c2455a7c
1745,1745,doc_01670_c2455a7c_chunk_1,doc_01670_c2455a7c
1746,1746,doc_01671_d6283557_chunk_0,doc_01671_d6283557
1747,1747,doc_01671_d6283557_chunk_1,doc_01671_d6283557
1748,1748,doc_01672_3c32c4c7_chunk_0,doc_01672_3c32c4c7
1749,1749,doc_01673_9d77e190_chunk_0,doc_01673_9d77e190
1750,1750,doc_01674_b68b3be9_chunk_0,doc_01674_b68b3be9
1751,1751,doc_01674_b68b3be9_chunk_1,doc_01674_b68b3be9
1752,1752,doc_01675_98be3e35_chunk_0,doc_01675_98be3e35
1753,1753,doc_01675_98be3e35_chunk_1,doc_01675_98be3e35
1754,1754,doc_01676_2ac271dd_chunk_0,doc_01676_2ac271dd
1755,1755,doc_01676_2ac271dd_chunk_1,doc_01676_2ac271dd
1756,1756,doc_01677_1beb0f67_chunk_0,doc_01677_1beb0f67
1757,1757,doc_01678_2a98e47e_chunk_0,doc_01678_2a98e47e
1758,1758,doc_01679_0a66adb3_chunk_0,doc_01679_0a66adb3
1759,1759,doc_01680_660fb7ed_chunk_0,doc_01680_660fb7ed
1760,1760,doc_01681_67b00b93_chunk_0,doc_01681_67b00b93
1761,1761,doc_01682_26955cdb_chunk_0,doc_01682_26955cdb
1762,1762,doc_01683_4ae018f1_chunk_0,doc_01683_4ae018f1
1763,1763,doc_01684_50327bf5_chunk_0,doc_01684_50327bf5
1764,1764,doc_01685_b910728b_chunk_0,doc_01685_b910728b
1765,1765,doc_01686_d571e82c_chunk_0,doc_01686_d571e82c
1766,1766,doc_01687_fce4c462_chunk_0,doc_01687_fce4c462
1767,1767,doc_01688_6362ccbf_chunk_0,doc_01688_6362ccbf
1768,1768,doc_01689_39949aab_chunk_0,doc_01689_39949aab
1769,1769,doc_01690_b1ff8ea6_chunk_0,doc_01690_b1ff8ea6
1770,1770,doc_01691_8a786e44_chunk_0,doc_01691_8a786e44
1771,1771,doc_01692_c31de60b_chunk_0,doc_01692_c31de60b
1772,1772,doc_01693_2297b229_chunk_0,doc_01693_2297b229
1773,1773,doc_01694_4e58d2ee_chunk_0,doc_01694_4e58d2ee
1774,1774,doc_01695_7941834d_chunk_0,doc_01695_7941834d
1775,1775,doc_01696_315635d9_chunk_0,doc_01696_315635d9
1776,1776,doc_01697_f9849e56_chunk_0,doc_01697_f9849e56
1777,1777,doc_01698_d5699c43_chunk_0,doc_01698_d5699c43
1778,1778,doc_01699_9e546dc6_chunk_0,doc_01699_9e546dc6
1779,1779,doc_01700_ca0687d5_chunk_0,doc_01700_ca0687d5
1780,1780,doc_01701_3b6b7625_chunk_0,doc_01701_3b6b7625
1781,1781,doc_01702_fc2d62a8_chunk_0,doc_01702_fc2d62a8
1782,1782,doc_01703_06b812fc_chunk_0,doc_01703_06b812fc
1783,1783,doc_01704_787b2e0e_chunk_0,doc_01704_787b2e0e
1784,1784,doc_01705_23adc4b0_chunk_0,doc_01705_23adc4b0
1785,1785,doc_01706_14983828_chunk_0,doc_01706_14983828
1786,1786,doc_01707_b4330f11_chunk_0,doc_01707_b4330f11
1787,1787,doc_01707_b4330f11_chunk_1,doc_01707_b4330f11
1788,1788,doc_01708_2d21b9b5_chunk_0,doc_01708_2d21b9b5
1789,1789,doc_01709_5cffc01a_chunk_0,doc_01709_5cffc01a
1790,1790,doc_01710_1124b86e_chunk_0,doc_01710_1124b86e
1791,1791,doc_01711_3ecfa91d_chunk_0,doc_01711_3ecfa91d
1792,1792,doc_01712_4114597e_chunk_0,doc_01712_4114597e
1793,1793,doc_01713_64124b49_chunk_0,doc_01713_64124b49
1794,1794,doc_01714_0d788600_chunk_0,doc_01714_0d788600
1795,1795,doc_01715_030deefe_chunk_0,doc_01715_030deefe
1796,1796,doc_01716_7a0a64a9_chunk_0,doc_01716_7a0a64a9
1797,1797,doc_01717_35a5c6aa_chunk_0,doc_01717_35a5c6aa
1798,1798,doc_01718_7095abd5_chunk_0,doc_01718_7095abd5
1799,1799,doc_01719_1e184999_chunk_0,doc_01719_1e184999
1800,1800,doc_01720_6acccecd_chunk_0,doc_01720_6acccecd
1801,1801,doc_01721_f91fd847_chunk_0,doc_01721_f91fd847
1802,1802,doc_01722_1083323b_chunk_0,doc_01722_1083323b
1803,1803,doc_01723_8c94b653_chunk_0,doc_01723_8c94b653
1804,1804,doc_01724_0b84958f_chunk_0,doc_01724_0b84958f
1805,1805,doc_01725_7792b421_chunk_0,doc_01725_7792b421
1806,1806,doc_01726_cfb209db_chunk_0,doc_01726_cfb209db
1807,1807,doc_01727_47b7ba92_chunk_0,doc_01727_47b7ba92
1808,1808,doc_01727_47b7ba92_chunk_1,doc_01727_47b7ba92
1809,1809,doc_01728_e570ca89_chunk_0,doc_01728_e570ca89
1810,1810,doc_01729_81c5bd55_chunk_0,doc_01729_81c5bd55
1811,1811,doc_01730_03449428_chunk_0,doc_01730_03449428
1812,1812,doc_01730_03449428_chunk_1,doc_01730_03449428
1813,1813,doc_01731_12acc3c4_chunk_0,doc_01731_12acc3c4
1814,1814,doc_01732_7c09b604_chunk_0,doc_01732_7c09b604
1815,1815,doc_01733_4dd4d5d2_chunk_0,doc_01733_4dd4d5d2
1816,1816,doc_01734_a675baa0_chunk_0,doc_01734_a675baa0
1817,1817,doc_01735_74bac99a_chunk_0,doc_01735_74bac99a
1818,1818,doc_01736_e0dae9e3_chunk_0,doc_01736_e0dae9e3
1819,1819,doc_01737_b2d25615_chunk_0,doc_01737_b2d25615
1820,1820,doc_01738_99d93332_chunk_0,doc_01738_99d93332
1821,1821,doc_01739_bb1ce107_chunk_0,doc_01739_bb1ce107
1822,1822,doc_01740_6c5c7e56_chunk_0,doc_01740_6c5c7e56
1823,1823,doc_01741_e8c5ba38_chunk_0,doc_01741_e8c5ba38
1824,1824,doc_01742_b2e14735_chunk_0,doc_01742_b2e14735
1825,1825,doc_01743_c41a568d_chunk_0,doc_01743_c41a568d
1826,1826,doc_01744_4fb25e7f_chunk_0,doc_01744_4fb25e7f
1827,1827,doc_01745_a776c966_chunk_0,doc_01745_a776c966
1828,1828,doc_01746_dd976e7f_chunk_0,doc_01746_dd976e7f
1829,1829,doc_01747_816ab1ec_chunk_0,doc_01747_816ab1ec
1830,1830,doc_01748_7019c21e_chunk_0,doc_01748_7019c21e
1831,1831,doc_01749_7ce25189_chunk_0,doc_01749_7ce25189
1832,1832,doc_01750_f2b9ae11_chunk_0,doc_01750_f2b9ae11
1833,1833,doc_01751_b4d5b283_chunk_0,doc_01751_b4d5b283
1834,1834,doc_01752_1ac4d963_chunk_0,doc_01752_1ac4d963
1835,1835,doc_01753_f9f14902_chunk_0,doc_01753_f9f14902
1836,1836,doc_01754_9b7ea1bc_chunk_0,doc_01754_9b7ea1bc
1837,1837,doc_01755_5be2491f_chunk_0,doc_01755_5be2491f
1838,1838,doc_01756_e4d92d2a_chunk_0,doc_01756_e4d92d2a
1839,1839,doc_01757_2c5b4f27_chunk_0,doc_01757_2c5b4f27
1840,1840,doc_01758_5c10bfbd_chunk_0,doc_01758_5c10bfbd
1841,1841,doc_01759_7892d019_chunk_0,doc_01759_7892d019
1842,1842,doc_01760_83572b4e_chunk_0,doc_01760_83572b4e
1843,1843,doc_01761_2748ec54_chunk_0,doc_01761_2748ec54
1844,1844,doc_01762_0dc452c7_chunk_0,doc_01762_0dc452c7
1845,1845,doc_01763_aa63184f_chunk_0,doc_01763_aa63184f
1846,1846,doc_01764_90b4e2a3_chunk_0,doc_01764_90b4e2a3
1847,1847,doc_01764_90b4e2a3_chunk_1,doc_01764_90b4e2a3
1848,1848,doc_01765_49d9a9a8_chunk_0,doc_01765_49d9a9a8
1849,1849,doc_01766_f128579c_chunk_0,doc_01766_f128579c
1850,1850,doc_01767_79e3b522_chunk_0,doc_01767_79e3b522
1851,1851,doc_01768_be76f7c1_chunk_0,doc_01768_be76f7c1
1852,1852,doc_01769_3ed233d1_chunk_0,doc_01769_3ed233d1
1853,1853,doc_01770_34ce88af_chunk_0,doc_01770_34ce88af
1854,1854,doc_01771_b931a7c0_chunk_0,doc_01771_b931a7c0
1855,1855,doc_01772_90019fad_chunk_0,doc_01772_90019fad
1856,1856,doc_01773_d5f2eaff_chunk_0,doc_01773_d5f2eaff
1857,1857,doc_01774_a6dac69a_chunk_0,doc_01774_a6dac69a
1858,1858,doc_01775_42a80d3f_chunk_0,doc_01775_42a80d3f
1859,1859,doc_01776_08a0ba50_chunk_0,doc_01776_08a0ba50
1860,1860,doc_01777_41e90cf8_chunk_0,doc_01777_41e90cf8
1861,1861,doc_01778_d9813f74_chunk_0,doc_01778_d9813f74
1862,1862,doc_01779_44b49b92_chunk_0,doc_01779_44b49b92
1863,1863,doc_01780_089efe71_chunk_0,doc_01780_089efe71
1864,1864,doc_01781_f7ad73cc_chunk_0,doc_01781_f7ad73cc
1865,1865,doc_01782_e34e5e89_chunk_0,doc_01782_e34e5e89
1866,1866,doc_01783_fdc7f35f_chunk_0,doc_01783_fdc7f35f
1867,1867,doc_01784_d2513a40_chunk_0,doc_01784_d2513a40
1868,1868,doc_01785_a919e090_chunk_0,doc_01785_a919e090
1869,1869,doc_01786_96c916e4_chunk_0,doc_01786_96c916e4
1870,1870,doc_01787_16143245_chunk_0,doc_01787_16143245
1871,1871,doc_01788_207e6335_chunk_0,doc_01788_207e6335
1872,1872,doc_01789_86bf6f8b_chunk_0,doc_01789_86bf6f8b
1873,1873,doc_01790_7953a7ee_chunk_0,doc_01790_7953a7ee
1874,1874,doc_01791_564d4813_chunk_0,doc_01791_564d4813
1875,1875,doc_01792_021d3e40_chunk_0,doc_01792_021d3e40
1876,1876,doc_01793_b7b834a2_chunk_0,doc_01793_b7b834a2
1877,1877,doc_01794_f76a5251_chunk_0,doc_01794_f76a5251
1878,1878,doc_01795_c3584e8f_chunk_0,doc_01795_c3584e8f
1879,1879,doc_01796_3568c434_chunk_0,doc_01796_3568c434
1880,1880,doc_01797_7d3515ba_chunk_0,doc_01797_7d3515ba
1881,1881,doc_01798_92491275_chunk_0,doc_01798_92491275
1882,1882,doc_01799_c3e91931_chunk_0,doc_01799_c3e91931
1883,1883,doc_01800_68af51cf_chunk_0,doc_01800_68af51cf
1884,1884,doc_01801_3c2a9873_chunk_0,doc_01801_3c2a9873
1885,1885,doc_01802_32b13135_chunk_0,doc_01802_32b13135
1886,1886,doc_01803_5182e801_chunk_0,doc_01803_5182e801
1887,1887,doc_01804_d5af30b8_chunk_0,doc_01804_d5af30b8
1888,1888,doc_01805_566dfff3_chunk_0,doc_01805_566dfff3
1889,1889,doc_01806_cc8ce4fa_chunk_0,doc_01806_cc8ce4fa
1890,1890,doc_01807_d37b5977_chunk_0,doc_01807_d37b5977
1891,1891,doc_01808_0b74387e_chunk_0,doc_01808_0b74387e
1892,1892,doc_01809_75f645ce_chunk_0,doc_01809_75f645ce
1893,1893,doc_01810_eda3af91_chunk_0,doc_01810_eda3af91
1894,1894,doc_01811_42a860b3_chunk_0,doc_01811_42a860b3
1895,1895,doc_01812_fd74b305_chunk_0,doc_01812_fd74b305
1896,1896,doc_01813_2987a581_chunk_0,doc_01813_2987a581
1897,1897,doc_01814_32dca315_chunk_0,doc_01814_32dca315
1898,1898,doc_01815_f5c794f8_chunk_0,doc_01815_f5c794f8
1899,1899,doc_01816_06053a72_chunk_0,doc_01816_06053a72
1900,1900,doc_01817_11c5961f_chunk_0,doc_01817_11c5961f
1901,1901,doc_01818_39c37382_chunk_0,doc_01818_39c37382
1902,1902,doc_01819_0a4bcfc5_chunk_0,doc_01819_0a4bcfc5
1903,1903,doc_01820_a6232569_chunk_0,doc_01820_a6232569
1904,1904,doc_01821_57d43bd6_chunk_0,doc_01821_57d43bd6
1905,1905,doc_01822_ec93945a_chunk_0,doc_01822_ec93945a
1906,1906,doc_01823_9c08a35d_chunk_0,doc_01823_9c08a35d
1907,1907,doc_01824_634a2bd6_chunk_0,doc_01824_634a2bd6
1908,1908,doc_01825_f0be796e_chunk_0,doc_01825_f0be796e
1909,1909,doc_01826_eb419895_chunk_0,doc_01826_eb419895
1910,1910,doc_01827_4b58d050_chunk_0,doc_01827_4b58d050
1911,1911,doc_01828_8be6e92b_chunk_0,doc_01828_8be6e92b
1912,1912,doc_01829_2535cf31_chunk_0,doc_01829_2535cf31
1913,1913,doc_01830_0badba07_chunk_0,doc_01830_0badba07
1914,1914,doc_01831_eca88438_chunk_0,doc_01831_eca88438
1915,1915,doc_01832_91dd9642_chunk_0,doc_01832_91dd9642
1916,1916,doc_01833_44234c21_chunk_0,doc_01833_44234c21
1917,1917,doc_01834_7799bf17_chunk_0,doc_01834_7799bf17
1918,1918,doc_01834_7799bf17_chunk_1,doc_01834_7799bf17
1919,1919,doc_01835_08c2ec3d_chunk_0,doc_01835_08c2ec3d
1920,1920,doc_01836_f745bacb_chunk_0,doc_01836_f745bacb
1921,1921,doc_01837_cb0d9e0a_chunk_0,doc_01837_cb0d9e0a
1922,1922,doc_01837_cb0d9e0a_chunk_1,doc_01837_cb0d9e0a
1923,1923,doc_01837_cb0d9e0a_chunk_2,doc_01837_cb0d9e0a
1924,1924,doc_01838_4221102c_chunk_0,doc_01838_4221102c
1925,1925,doc_01839_377cab16_chunk_0,doc_01839_377cab16
1926,1926,doc_01840_c51f315d_chunk_0,doc_01840_c51f315d
1927,1927,doc_01841_f7da9a67_chunk_0,doc_01841_f7da9a67
1928,1928,doc_01842_73d95886_chunk_0,doc_01842_73d95886
1929,1929,doc_01843_9fe57972_chunk_0,doc_01843_9fe57972
1930,1930,doc_01843_9fe57972_chunk_1,doc_01843_9fe57972
1931,1931,doc_01844_0f9d7c9c_chunk_0,doc_01844_0f9d7c9c
1932,1932,doc_01845_11338504_chunk_0,doc_01845_11338504
1933,1933,doc_01846_e797cbd6_chunk_0,doc_01846_e797cbd6
1934,1934,doc_01847_85eca410_chunk_0,doc_01847_85eca410
1935,1935,doc_01847_85eca410_chunk_1,doc_01847_85eca410
1936,1936,doc_01848_8d11df92_chunk_0,doc_01848_8d11df92
1937,1937,doc_01849_463dc47b_chunk_0,doc_01849_463dc47b
1938,1938,doc_01850_01578fc0_chunk_0,doc_01850_01578fc0
1939,1939,doc_01851_8937ba90_chunk_0,doc_01851_8937ba90
1940,1940,doc_01852_089a66d9_chunk_0,doc_01852_089a66d9
1941,1941,doc_01853_32b6cb04_chunk_0,doc_01853_32b6cb04
1942,1942,doc_01853_32b6cb04_chunk_1,doc_01853_32b6cb04
1943,1943,doc_01854_bb58cdcc_chunk_0,doc_01854_bb58cdcc
1944,1944,doc_01855_cf736ca3_chunk_0,doc_01855_cf736ca3
1945,1945,doc_01855_cf736ca3_chunk_1,doc_01855_cf736ca3
1946,1946,doc_01856_1934a7f4_chunk_0,doc_01856_1934a7f4
1947,1947,doc_01857_06f23cdd_chunk_0,doc_01857_06f23cdd
1948,1948,doc_01858_50b73fe9_chunk_0,doc_01858_50b73fe9
1949,1949,doc_01859_51348b1e_chunk_0,doc_01859_51348b1e
1950,1950,doc_01860_51282108_chunk_0,doc_01860_51282108
1951,1951,doc_01861_184102c9_chunk_0,doc_01861_184102c9
1952,1952,doc_01862_73dd2041_chunk_0,doc_01862_73dd2041
1953,1953,doc_01863_fe3895fd_chunk_0,doc_01863_fe3895fd
1954,1954,doc_01864_84079fd1_chunk_0,doc_01864_84079fd1
1955,1955,doc_01865_8d226ea1_chunk_0,doc_01865_8d226ea1
1956,1956,doc_01866_2e9a1f79_chunk_0,doc_01866_2e9a1f79
1957,1957,doc_01867_5f46c7c8_chunk_0,doc_01867_5f46c7c8
1958,1958,doc_01868_914c88de_chunk_0,doc_01868_914c88de
1959,1959,doc_01869_f2a717cd_chunk_0,doc_01869_f2a717cd
1960,1960,doc_01870_ea9a75a8_chunk_0,doc_01870_ea9a75a8
1961,1961,doc_01871_ec10d1ba_chunk_0,doc_01871_ec10d1ba
1962,1962,doc_01872_0216ef8a_chunk_0,doc_01872_0216ef8a
1963,1963,doc_01873_78420087_chunk_0,doc_01873_78420087
1964,1964,doc_01874_47b0ac80_chunk_0,doc_01874_47b0ac80
1965,1965,doc_01875_4b5b0b4a_chunk_0,doc_01875_4b5b0b4a
1966,1966,doc_01876_a7e88f03_chunk_0,doc_01876_a7e88f03
1967,1967,doc_01877_b3d8c588_chunk_0,doc_01877_b3d8c588
1968,1968,doc_01878_36acfc21_chunk_0,doc_01878_36acfc21
1969,1969,doc_01879_da2b2a6b_chunk_0,doc_01879_da2b2a6b
1970,1970,doc_01880_2d0c39a9_chunk_0,doc_01880_2d0c39a9
1971,1971,doc_01881_1f4f8099_chunk_0,doc_01881_1f4f8099
1972,1972,doc_01882_d6b1a1c7_chunk_0,doc_01882_d6b1a1c7
1973,1973,doc_01883_e31a70e3_chunk_0,doc_01883_e31a70e3
1974,1974,doc_01884_d069b7b4_chunk_0,doc_01884_d069b7b4
1975,1975,doc_01885_c414418e_chunk_0,doc_01885_c414418e
1976,1976,doc_01886_1a80423c_chunk_0,doc_01886_1a80423c
1977,1977,doc_01887_c4974967_chunk_0,doc_01887_c4974967
1978,1978,doc_01888_8eb2038c_chunk_0,doc_01888_8eb2038c
1979,1979,doc_01889_2baeef57_chunk_0,doc_01889_2baeef57
1980,1980,doc_01890_c1b50c02_chunk_0,doc_01890_c1b50c02
1981,1981,doc_01891_ebaeb2f5_chunk_0,doc_01891_ebaeb2f5
1982,1982,doc_01892_ae8e0f41_chunk_0,doc_01892_ae8e0f41
1983,1983,doc_01893_c90ab349_chunk_0,doc_01893_c90ab349
1984,1984,doc_01894_a6b4cd1a_chunk_0,doc_01894_a6b4cd1a
1985,1985,doc_01895_4de58a9d_chunk_0,doc_01895_4de58a9d
1986,1986,doc_01896_f88f1df7_chunk_0,doc_01896_f88f1df7
1987,1987,doc_01897_6ad60b2e_chunk_0,doc_01897_6ad60b2e
1988,1988,doc_01898_c4bab38f_chunk_0,doc_01898_c4bab38f
1989,1989,doc_01899_db81d4ea_chunk_0,doc_01899_db81d4ea
1990,1990,doc_01900_c1051756_chunk_0,doc_01900_c1051756
1991,1991,doc_01901_603f1546_chunk_0,doc_01901_603f1546
1992,1992,doc_01902_6bbce736_chunk_0,doc_01902_6bbce736
1993,1993,doc_01903_20b04b72_chunk_0,doc_01903_20b04b72
1994,1994,doc_01904_bf837348_chunk_0,doc_01904_bf837348
1995,1995,doc_01905_060367fc_chunk_0,doc_01905_060367fc
1996,1996,doc_01906_f58262bc_chunk_0,doc_01906_f58262bc
1997,1997,doc_01907_c47b98e9_chunk_0,doc_01907_c47b98e9
1998,1998,doc_01908_9b8c931c_chunk_0,doc_01908_9b8c931c
1999,1999,doc_01909_7105c7c2_chunk_0,doc_01909_7105c7c2
2000,2000,doc_01910_9ef8f334_chunk_0,doc_01910_9ef8f334
2001,2001,doc_01911_1bab0c65_chunk_0,doc_01911_1bab0c65
2002,2002,doc_01912_9578cfc3_chunk_0,doc_01912_9578cfc3
2003,2003,doc_01913_307d19a1_chunk_0,doc_01913_307d19a1
2004,2004,doc_01914_37989aac_chunk_0,doc_01914_37989aac
2005,2005,doc_01915_5f3e1655_chunk_0,doc_01915_5f3e1655
2006,2006,doc_01916_2f147288_chunk_0,doc_01916_2f147288
2007,2007,doc_01917_6be9c3f9_chunk_0,doc_01917_6be9c3f9
2008,2008,doc_01918_38ccd19d_chunk_0,doc_01918_38ccd19d
2009,2009,doc_01919_c726a7ca_chunk_0,doc_01919_c726a7ca
2010,2010,doc_01920_32be0ee8_chunk_0,doc_01920_32be0ee8
2011,2011,doc_01921_7096088d_chunk_0,doc_01921_7096088d
2012,2012,doc_01922_d466afa2_chunk_0,doc_01922_d466afa2
2013,2013,doc_01923_f5a0ff94_chunk_0,doc_01923_f5a0ff94
2014,2014,doc_01924_2a7f0866_chunk_0,doc_01924_2a7f0866
2015,2015,doc_01925_cdfb3855_chunk_0,doc_01925_cdfb3855
2016,2016,doc_01926_f3c80216_chunk_0,doc_01926_f3c80216
2017,2017,doc_01927_3f53611a_chunk_0,doc_01927_3f53611a
2018,2018,doc_01928_7560333f_chunk_0,doc_01928_7560333f
2019,2019,doc_01929_d9b35914_chunk_0,doc_01929_d9b35914
2020,2020,doc_01930_36efa6cd_chunk_0,doc_01930_36efa6cd
2021,2021,doc_01931_28b2a3a5_chunk_0,doc_01931_28b2a3a5
2022,2022,doc_01932_6d590f8a_chunk_0,doc_01932_6d590f8a
2023,2023,doc_01933_d73e3931_chunk_0,doc_01933_d73e3931
2024,2024,doc_01934_ce84e322_chunk_0,doc_01934_ce84e322
2025,2025,doc_01935_c072939c_chunk_0,doc_01935_c072939c
2026,2026,doc_01936_5799881e_chunk_0,doc_01936_5799881e
2027,2027,doc_01937_11896249_chunk_0,doc_01937_11896249
2028,2028,doc_01938_c1f7dafa_chunk_0,doc_01938_c1f7dafa
2029,2029,doc_01939_7784d91c_chunk_0,doc_01939_7784d91c
2030,2030,doc_01940_f23f296b_chunk_0,doc_01940_f23f296b
2031,2031,doc_01941_d0053053_chunk_0,doc_01941_d0053053
2032,2032,doc_01942_7fc48bfc_chunk_0,doc_01942_7fc48bfc
2033,2033,doc_01943_11b80e52_chunk_0,doc_01943_11b80e52
2034,2034,doc_01944_c85de9f7_chunk_0,doc_01944_c85de9f7
2035,2035,doc_01945_1eca834f_chunk_0,doc_01945_1eca834f
2036,2036,doc_01946_7e2611df_chunk_0,doc_01946_7e2611df
2037,2037,doc_01947_268925dd_chunk_0,doc_01947_268925dd
2038,2038,doc_01948_94b9737f_chunk_0,doc_01948_94b9737f
2039,2039,doc_01948_94b9737f_chunk_1,doc_01948_94b9737f
2040,2040,doc_01949_d6067125_chunk_0,doc_01949_d6067125
2041,2041,doc_01950_885cc117_chunk_0,doc_01950_885cc117
2042,2042,doc_01951_2f7f40b5_chunk_0,doc_01951_2f7f40b5
2043,2043,doc_01952_df53e913_chunk_0,doc_01952_df53e913
2044,2044,doc_01953_ba8f81ba_chunk_0,doc_01953_ba8f81ba
2045,2045,doc_01954_a5175005_chunk_0,doc_01954_a5175005
2046,2046,doc_01955_687fbc74_chunk_0,doc_01955_687fbc74
2047,2047,doc_01956_6ceef2ce_chunk_0,doc_01956_6ceef2ce
2048,2048,doc_01957_ab584415_chunk_0,doc_01957_ab584415
2049,2049,doc_01958_c6884277_chunk_0,doc_01958_c6884277
2050,2050,doc_01959_741d5bcc_chunk_0,doc_01959_741d5bcc
2051,2051,doc_01960_af5c2bd3_chunk_0,doc_01960_af5c2bd3
2052,2052,doc_01961_9c49c33c_chunk_0,doc_01961_9c49c33c
2053,2053,doc_01962_7bcd5f1d_chunk_0,doc_01962_7bcd5f1d
2054,2054,doc_01963_ef244ad5_chunk_0,doc_01963_ef244ad5
2055,2055,doc_01964_edbd5e7c_chunk_0,doc_01964_edbd5e7c
2056,2056,doc_01965_1994cd11_chunk_0,doc_01965_1994cd11
2057,2057,doc_01966_b9904046_chunk_0,doc_01966_b9904046
2058,2058,doc_01967_db7f7bed_chunk_0,doc_01967_db7f7bed
2059,2059,doc_01968_0796d7b4_chunk_0,doc_01968_0796d7b4
2060,2060,doc_01969_56823de1_chunk_0,doc_01969_56823de1
2061,2061,doc_01970_e72982d8_chunk_0,doc_01970_e72982d8
2062,2062,doc_01971_21d30d7d_chunk_0,doc_01971_21d30d7d
2063,2063,doc_01972_67077df4_chunk_0,doc_01972_67077df4
2064,2064,doc_01973_6b4df80b_chunk_0,doc_01973_6b4df80b
2065,2065,doc_01974_006a36bf_chunk_0,doc_01974_006a36bf
2066,2066,doc_01975_80cb4454_chunk_0,doc_01975_80cb4454
2067,2067,doc_01976_64bc05aa_chunk_0,doc_01976_64bc05aa
2068,2068,doc_01977_02b5fea5_chunk_0,doc_01977_02b5fea5
2069,2069,doc_01978_6428e4cf_chunk_0,doc_01978_6428e4cf
2070,2070,doc_01979_827239e6_chunk_0,doc_01979_827239e6
2071,2071,doc_01980_76a60df5_chunk_0,doc_01980_76a60df5
2072,2072,doc_01981_533a5b70_chunk_0,doc_01981_533a5b70
2073,2073,doc_01982_89aa020b_chunk_0,doc_01982_89aa020b
2074,2074,doc_01983_c11d7fdb_chunk_0,doc_01983_c11d7fdb
2075,2075,doc_01983_c11d7fdb_chunk_1,doc_01983_c11d7fdb
2076,2076,doc_01983_c11d7fdb_chunk_2,doc_01983_c11d7fdb
2077,2077,doc_01984_06b6f258_chunk_0,doc_01984_06b6f258
2078,2078,doc_01984_06b6f258_chunk_1,doc_01984_06b6f258
2079,2079,doc_01984_06b6f258_chunk_2,doc_01984_06b6f258
2080,2080,doc_01984_06b6f258_chunk_3,doc_01984_06b6f258
2081,2081,doc_01984_06b6f258_chunk_4,doc_01984_06b6f258
2082,2082,doc_01984_06b6f258_chunk_5,doc_01984_06b6f258
2083,2083,doc_01984_06b6f258_chunk_6,doc_01984_06b6f258
2084,2084,doc_01985_ae025eb3_chunk_0,doc_01985_ae025eb3
2085,2085,doc_01986_294fc52b_chunk_0,doc_01986_294fc52b
2086,2086,doc_01986_294fc52b_chunk_1,doc_01986_294fc52b
2087,2087,doc_01986_294fc52b_chunk_2,doc_01986_294fc52b
2088,2088,doc_01987_986ab497_chunk_0,doc_01987_986ab497
2089,2089,doc_01987_986ab497_chunk_1,doc_01987_986ab497
2090,2090,doc_01988_920d9060_chunk_0,doc_01988_920d9060
2091,2091,doc_01989_17bb11e2_chunk_0,doc_01989_17bb11e2
2092,2092,doc_01989_17bb11e2_chunk_1,doc_01989_17bb11e2
2093,2093,doc_01990_4e479f8f_chunk_0,doc_01990_4e479f8f
2094,2094,doc_01991_40bc790c_chunk_0,doc_01991_40bc790c
2095,2095,doc_01992_c172f20f_chunk_0,doc_01992_c172f20f
2096,2096,doc_01992_c172f20f_chunk_1,doc_01992_c172f20f
2097,2097,doc_01993_9adcf427_chunk_0,doc_01993_9adcf427
2098,2098,doc_01994_7d0ab05b_chunk_0,doc_01994_7d0ab05b
2099,2099,doc_01994_7d0ab05b_chunk_1,doc_01994_7d0ab05b
2100,2100,doc_01995_8691523f_chunk_0,doc_01995_8691523f
2101,2101,doc_01996_b98b8b34_chunk_0,doc_01996_b98b8b34
2102,2102,doc_01997_e5e3aadc_chunk_0,doc_01997_e5e3aadc
2103,2103,doc_01998_dbb65047_chunk_0,doc_01998_dbb65047
2104,2104,doc_01999_83114de2_chunk_0,doc_01999_83114de2
2105,2105,doc_02000_5a8e949a_chunk_0,doc_02000_5a8e949a
2106,2106,doc_02001_5c2551a4_chunk_0,doc_02001_5c2551a4
2107,2107,doc_02002_8d3acd42_chunk_0,doc_02002_8d3acd42
2108,2108,doc_02003_08ffb0d9_chunk_0,doc_02003_08ffb0d9
2109,2109,doc_02004_aa39e3dc_chunk_0,doc_02004_aa39e3dc
2110,2110,doc_02004_aa39e3dc_chunk_1,doc_02004_aa39e3dc
2111,2111,doc_02005_c2daa9f8_chunk_0,doc_02005_c2daa9f8
2112,2112,doc_02006_ac38fcf8_chunk_0,doc_02006_ac38fcf8
2113,2113,doc_02007_b35977e3_chunk_0,doc_02007_b35977e3
2114,2114,doc_02008_e7f6fb5d_chunk_0,doc_02008_e7f6fb5d
2115,2115,doc_02008_e7f6fb5d_chunk_1,doc_02008_e7f6fb5d
2116,2116,doc_02009_771f67a0_chunk_0,doc_02009_771f67a0
2117,2117,doc_02010_a37af4af_chunk_0,doc_02010_a37af4af
2118,2118,doc_02011_7513e6b4_chunk_0,doc_02011_7513e6b4
2119,2119,doc_02012_e52af9bc_chunk_0,doc_02012_e52af9bc
2120,2120,doc_02013_62ff0b9b_chunk_0,doc_02013_62ff0b9b
2121,2121,doc_02014_7e2121a1_chunk_0,doc_02014_7e2121a1
2122,2122,doc_02015_96ed11d4_chunk_0,doc_02015_96ed11d4
2123,2123,doc_02016_3aca8b3e_chunk_0,doc_02016_3aca8b3e
2124,2124,doc_02017_d5270704_chunk_0,doc_02017_d5270704
2125,2125,doc_02018_2ecbcc73_chunk_0,doc_02018_2ecbcc73
2126,2126,doc_02019_7418664d_chunk_0,doc_02019_7418664d
2127,2127,doc_02020_2a8a8827_chunk_0,doc_02020_2a8a8827
2128,2128,doc_02021_a541b030_chunk_0,doc_02021_a541b030
2129,2129,doc_02022_5f82d1d5_chunk_0,doc_02022_5f82d1d5
2130,2130,doc_02023_ed018844_chunk_0,doc_02023_ed018844
2131,2131,doc_02024_7196cf7b_chunk_0,doc_02024_7196cf7b
2132,2132,doc_02025_322da656_chunk_0,doc_02025_322da656
2133,2133,doc_02026_2abc0e61_chunk_0,doc_02026_2abc0e61
2134,2134,doc_02027_c6272d3f_chunk_0,doc_02027_c6272d3f
2135,2135,doc_02028_827c2b17_chunk_0,doc_02028_827c2b17
2136,2136,doc_02029_9ec90a71_chunk_0,doc_02029_9ec90a71
2137,2137,doc_02030_38f093b0_chunk_0,doc_02030_38f093b0
2138,2138,doc_02031_fefa6b52_chunk_0,doc_02031_fefa6b52
2139,2139,doc_02032_2dfd05d9_chunk_0,doc_02032_2dfd05d9
2140,2140,doc_02033_583829cd_chunk_0,doc_02033_583829cd
2141,2141,doc_02034_09977a7d_chunk_0,doc_02034_09977a7d
2142,2142,doc_02035_0f6d5687_chunk_0,doc_02035_0f6d5687
2143,2143,doc_02036_98adf159_chunk_0,doc_02036_98adf159
2144,2144,doc_02037_535d6daf_chunk_0,doc_02037_535d6daf
2145,2145,doc_02038_1f1be794_chunk_0,doc_02038_1f1be794
2146,2146,doc_02038_1f1be794_chunk_1,doc_02038_1f1be794
2147,2147,doc_02038_1f1be794_chunk_2,doc_02038_1f1be794
2148,2148,doc_02038_1f1be794_chunk_3,doc_02038_1f1be794
2149,2149,doc_02038_1f1be794_chunk_4,doc_02038_1f1be794
2150,2150,doc_02039_8c6e68f4_chunk_0,doc_02039_8c6e68f4
2151,2151,doc_02040_54667906_chunk_0,doc_02040_54667906
2152,2152,doc_02041_7d51f9d7_chunk_0,doc_02041_7d51f9d7
2153,2153,doc_02042_68503d49_chunk_0,doc_02042_68503d49
2154,2154,doc_02043_bb914b72_chunk_0,doc_02043_bb914b72
2155,2155,doc_02044_0a7d86fa_chunk_0,doc_02044_0a7d86fa
2156,2156,doc_02045_7310fd9b_chunk_0,doc_02045_7310fd9b
2157,2157,doc_02046_423591ba_chunk_0,doc_02046_423591ba
2158,2158,doc_02047_7339613b_chunk_0,doc_02047_7339613b
2159,2159,doc_02048_a1d7ed2f_chunk_0,doc_02048_a1d7ed2f
2160,2160,doc_02049_002212bc_chunk_0,doc_02049_002212bc
2161,2161,doc_02049_002212bc_chunk_1,doc_02049_002212bc
2162,2162,doc_02050_674a53de_chunk_0,doc_02050_674a53de
2163,2163,doc_02051_82fb8e0f_chunk_0,doc_02051_82fb8e0f
2164,2164,doc_02052_8b22f6f1_chunk_0,doc_02052_8b22f6f1
2165,2165,doc_02053_af01c24f_chunk_0,doc_02053_af01c24f
2166,2166,doc_02054_646c319c_chunk_0,doc_02054_646c319c
2167,2167,doc_02055_23995566_chunk_0,doc_02055_23995566
2168,2168,doc_02056_95eaab83_chunk_0,doc_02056_95eaab83
2169,2169,doc_02057_4bb05e1a_chunk_0,doc_02057_4bb05e1a
2170,2170,doc_02058_a8244d7d_chunk_0,doc_02058_a8244d7d
2171,2171,doc_02059_0cb47bf8_chunk_0,doc_02059_0cb47bf8
2172,2172,doc_02060_0d4e612f_chunk_0,doc_02060_0d4e612f
2173,2173,doc_02061_660b944e_chunk_0,doc_02061_660b944e
2174,2174,doc_02062_02b97d46_chunk_0,doc_02062_02b97d46
2175,2175,doc_02063_e9203e32_chunk_0,doc_02063_e9203e32
2176,2176,doc_02064_f7bed8e6_chunk_0,doc_02064_f7bed8e6
2177,2177,doc_02065_528e7154_chunk_0,doc_02065_528e7154
2178,2178,doc_02066_2ff14e1d_chunk_0,doc_02066_2ff14e1d
2179,2179,doc_02067_8ca9722e_chunk_0,doc_02067_8ca9722e
2180,2180,doc_02068_04320f83_chunk_0,doc_02068_04320f83
2181,2181,doc_02069_71ff225e_chunk_0,doc_02069_71ff225e
2182,2182,doc_02070_5af52079_chunk_0,doc_02070_5af52079
2183,2183,doc_02071_541c4ea8_chunk_0,doc_02071_541c4ea8
2184,2184,doc_02072_627a7387_chunk_0,doc_02072_627a7387
2185,2185,doc_02073_84d087c5_chunk_0,doc_02073_84d087c5
2186,2186,doc_02074_cbc51422_chunk_0,doc_02074_cbc51422
2187,2187,doc_02075_2cab6394_chunk_0,doc_02075_2cab6394
2188,2188,doc_02076_e7be869c_chunk_0,doc_02076_e7be869c
2189,2189,doc_02077_46049d7c_chunk_0,doc_02077_46049d7c
2190,2190,doc_02078_d7c58c1e_chunk_0,doc_02078_d7c58c1e
2191,2191,doc_02078_d7c58c1e_chunk_1,doc_02078_d7c58c1e
2192,2192,doc_02079_70eaaa1c_chunk_0,doc_02079_70eaaa1c
2193,2193,doc_02080_0d834cb2_chunk_0,doc_02080_0d834cb2
2194,2194,doc_02081_bfb51aaa_chunk_0,doc_02081_bfb51aaa
2195,2195,doc_02082_be267a60_chunk_0,doc_02082_be267a60
2196,2196,doc_02083_837979f0_chunk_0,doc_02083_837979f0
2197,2197,doc_02084_a7059510_chunk_0,doc_02084_a7059510
2198,2198,doc_02085_c0c08666_chunk_0,doc_02085_c0c08666
2199,2199,doc_02086_d679c0b3_chunk_0,doc_02086_d679c0b3
2200,2200,doc_02087_4cc885ec_chunk_0,doc_02087_4cc885ec
2201,2201,doc_02088_96c3e4b1_chunk_0,doc_02088_96c3e4b1
2202,2202,doc_02089_c14235e0_chunk_0,doc_02089_c14235e0
2203,2203,doc_02090_6994f209_chunk_0,doc_02090_6994f209
2204,2204,doc_02091_dfa9a48a_chunk_0,doc_02091_dfa9a48a
2205,2205,doc_02092_4cf30d38_chunk_0,doc_02092_4cf30d38
2206,2206,doc_02093_69dacd76_chunk_0,doc_02093_69dacd76
2207,2207,doc_02094_04d01eb2_chunk_0,doc_02094_04d01eb2
2208,2208,doc_02095_474cbaf7_chunk_0,doc_02095_474cbaf7
2209,2209,doc_02096_5bb0983a_chunk_0,doc_02096_5bb0983a
2210,2210,doc_02097_10ac0fe5_chunk_0,doc_02097_10ac0fe5
2211,2211,doc_02098_47728295_chunk_0,doc_02098_47728295
2212,2212,doc_02099_e3250044_chunk_0,doc_02099_e3250044
2213,2213,doc_02100_1c087bb3_chunk_0,doc_02100_1c087bb3
2214,2214,doc_02100_1c087bb3_chunk_1,doc_02100_1c087bb3
2215,2215,doc_02101_226de59d_chunk_0,doc_02101_226de59d
2216,2216,doc_02102_aa473a9e_chunk_0,doc_02102_aa473a9e
2217,2217,doc_02103_34a13ea9_chunk_0,doc_02103_34a13ea9
2218,2218,doc_02104_7ed372c7_chunk_0,doc_02104_7ed372c7
2219,2219,doc_02105_a901be74_chunk_0,doc_02105_a901be74
2220,2220,doc_02106_3e18f14d_chunk_0,doc_02106_3e18f14d
2221,2221,doc_02107_656cf2e0_chunk_0,doc_02107_656cf2e0
2222,2222,doc_02108_f853d9da_chunk_0,doc_02108_f853d9da
2223,2223,doc_02109_67d16544_chunk_0,doc_02109_67d16544
2224,2224,doc_02110_1853121a_chunk_0,doc_02110_1853121a
2225,2225,doc_02111_41249042_chunk_0,doc_02111_41249042
2226,2226,doc_02112_129a4dea_chunk_0,doc_02112_129a4dea
2227,2227,doc_02113_4befa39d_chunk_0,doc_02113_4befa39d
2228,2228,doc_02113_4befa39d_chunk_1,doc_02113_4befa39d
2229,2229,doc_02114_35b38ef9_chunk_0,doc_02114_35b38ef9
2230,2230,doc_02115_8d5c7dd2_chunk_0,doc_02115_8d5c7dd2
2231,2231,doc_02116_ad5456a3_chunk_0,doc_02116_ad5456a3
2232,2232,doc_02117_9c61e530_chunk_0,doc_02117_9c61e530
2233,2233,doc_02118_98511ff3_chunk_0,doc_02118_98511ff3
2234,2234,doc_02118_98511ff3_chunk_1,doc_02118_98511ff3
2235,2235,doc_02119_6071d6c2_chunk_0,doc_02119_6071d6c2
2236,2236,doc_02120_354a078d_chunk_0,doc_02120_354a078d
2237,2237,doc_02121_bed5df89_chunk_0,doc_02121_bed5df89
2238,2238,doc_02122_609ef1e5_chunk_0,doc_02122_609ef1e5
2239,2239,doc_02123_de43072f_chunk_0,doc_02123_de43072f
2240,2240,doc_02124_122b649d_chunk_0,doc_02124_122b649d
2241,2241,doc_02125_983ad174_chunk_0,doc_02125_983ad174
2242,2242,doc_02126_cd8bc5e8_chunk_0,doc_02126_cd8bc5e8
2243,2243,doc_02127_7323a81d_chunk_0,doc_02127_7323a81d
2244,2244,doc_02128_53d3d453_chunk_0,doc_02128_53d3d453
2245,2245,doc_02129_d9a845e0_chunk_0,doc_02129_d9a845e0
2246,2246,doc_02130_7014819e_chunk_0,doc_02130_7014819e
2247,2247,doc_02131_329fba56_chunk_0,doc_02131_329fba56
2248,2248,doc_02132_81e8a9d6_chunk_0,doc_02132_81e8a9d6
2249,2249,doc_02133_e2bdaa75_chunk_0,doc_02133_e2bdaa75
2250,2250,doc_02134_9b78ba4f_chunk_0,doc_02134_9b78ba4f
2251,2251,doc_02135_ff3df2e7_chunk_0,doc_02135_ff3df2e7
2252,2252,doc_02136_60b26399_chunk_0,doc_02136_60b26399
2253,2253,doc_02137_6a9873a4_chunk_0,doc_02137_6a9873a4
2254,2254,doc_02138_b61ed3f4_chunk_0,doc_02138_b61ed3f4
2255,2255,doc_02139_5cac4a7c_chunk_0,doc_02139_5cac4a7c
2256,2256,doc_02140_b3fd00ce_chunk_0,doc_02140_b3fd00ce
2257,2257,doc_02141_f2c3dad3_chunk_0,doc_02141_f2c3dad3
2258,2258,doc_02142_707c476e_chunk_0,doc_02142_707c476e
2259,2259,doc_02143_be4ade6f_chunk_0,doc_02143_be4ade6f
2260,2260,doc_02144_e600a930_chunk_0,doc_02144_e600a930
2261,2261,doc_02145_396f10f7_chunk_0,doc_02145_396f10f7
2262,2262,doc_02146_6a950fbb_chunk_0,doc_02146_6a950fbb
2263,2263,doc_02147_81695ccc_chunk_0,doc_02147_81695ccc
2264,2264,doc_02148_c7d78d63_chunk_0,doc_02148_c7d78d63
2265,2265,doc_02149_d45e9df6_chunk_0,doc_02149_d45e9df6
2266,2266,doc_02150_8033ee6f_chunk_0,doc_02150_8033ee6f
2267,2267,doc_02151_2c94cbfb_chunk_0,doc_02151_2c94cbfb
2268,2268,doc_02152_29137da6_chunk_0,doc_02152_29137da6
2269,2269,doc_02152_29137da6_chunk_1,doc_02152_29137da6
2270,2270,doc_02153_a1866b0a_chunk_0,doc_02153_a1866b0a
2271,2271,doc_02154_deea6bf4_chunk_0,doc_02154_deea6bf4
2272,2272,doc_02155_2ba1aa89_chunk_0,doc_02155_2ba1aa89
2273,2273,doc_02156_ac1698f6_chunk_0,doc_02156_ac1698f6
2274,2274,doc_02157_b9dc8188_chunk_0,doc_02157_b9dc8188
2275,2275,doc_02158_1c167e21_chunk_0,doc_02158_1c167e21
2276,2276,doc_02159_74afbd96_chunk_0,doc_02159_74afbd96
2277,2277,doc_02160_898bef3e_chunk_0,doc_02160_898bef3e
2278,2278,doc_02161_e26fa6a6_chunk_0,doc_02161_e26fa6a6
2279,2279,doc_02162_ba068b68_chunk_0,doc_02162_ba068b68
2280,2280,doc_02163_bcf7ec6a_chunk_0,doc_02163_bcf7ec6a
2281,2281,doc_02164_911fe5c1_chunk_0,doc_02164_911fe5c1
2282,2282,doc_02165_f71d79dc_chunk_0,doc_02165_f71d79dc
2283,2283,doc_02166_1ae646a6_chunk_0,doc_02166_1ae646a6
2284,2284,doc_02167_75c03e15_chunk_0,doc_02167_75c03e15
2285,2285,doc_02168_a70a5cec_chunk_0,doc_02168_a70a5cec
2286,2286,doc_02169_ebbeb8d9_chunk_0,doc_02169_ebbeb8d9
2287,2287,doc_02170_32745d12_chunk_0,doc_02170_32745d12
2288,2288,doc_02171_7b55c031_chunk_0,doc_02171_7b55c031
2289,2289,doc_02172_9c5e5be5_chunk_0,doc_02172_9c5e5be5
2290,2290,doc_02172_9c5e5be5_chunk_1,doc_02172_9c5e5be5
2291,2291,doc_02173_435b123b_chunk_0,doc_02173_435b123b
2292,2292,doc_02174_37a8a21a_chunk_0,doc_02174_37a8a21a
2293,2293,doc_02175_894fdddf_chunk_0,doc_02175_894fdddf
2294,2294,doc_02176_1832ceee_chunk_0,doc_02176_1832ceee
2295,2295,doc_02177_96edc923_chunk_0,doc_02177_96edc923
2296,2296,doc_02178_9cb56bde_chunk_0,doc_02178_9cb56bde
2297,2297,doc_02179_bae2d8e1_chunk_0,doc_02179_bae2d8e1
2298,2298,doc_02180_c9f354f5_chunk_0,doc_02180_c9f354f5
2299,2299,doc_02181_9b690224_chunk_0,doc_02181_9b690224
2300,2300,doc_02182_5e8ba9eb_chunk_0,doc_02182_5e8ba9eb
2301,2301,doc_02183_4760e19c_chunk_0,doc_02183_4760e19c
2302,2302,doc_02184_1463c957_chunk_0,doc_02184_1463c957
2303,2303,doc_02185_b032c108_chunk_0,doc_02185_b032c108
2304,2304,doc_02186_e9479519_chunk_0,doc_02186_e9479519
2305,2305,doc_02187_9ec50200_chunk_0,doc_02187_9ec50200
2306,2306,doc_02188_0fe22ea4_chunk_0,doc_02188_0fe22ea4
2307,2307,doc_02189_9cb82d1e_chunk_0,doc_02189_9cb82d1e
2308,2308,doc_02189_9cb82d1e_chunk_1,doc_02189_9cb82d1e
2309,2309,doc_02190_705dbb56_chunk_0,doc_02190_705dbb56
2310,2310,doc_02191_6f89f582_chunk_0,doc_02191_6f89f582
2311,2311,doc_02192_2b50c6cf_chunk_0,doc_02192_2b50c6cf
2312,2312,doc_02193_16202192_chunk_0,doc_02193_16202192
2313,2313,doc_02194_7320b334_chunk_0,doc_02194_7320b334
2314,2314,doc_02195_4b3385cb_chunk_0,doc_02195_4b3385cb
2315,2315,doc_02196_be553120_chunk_0,doc_02196_be553120
2316,2316,doc_02197_2bd85c12_chunk_0,doc_02197_2bd85c12
2317,2317,doc_02198_d629c2c5_chunk_0,doc_02198_d629c2c5
2318,2318,doc_02199_4a9dbc09_chunk_0,doc_02199_4a9dbc09
2319,2319,doc_02200_044f94f4_chunk_0,doc_02200_044f94f4
2320,2320,doc_02201_77c02d3c_chunk_0,doc_02201_77c02d3c
2321,2321,doc_02201_77c02d3c_chunk_1,doc_02201_77c02d3c
2322,2322,doc_02202_8a750996_chunk_0,doc_02202_8a750996
2323,2323,doc_02202_8a750996_chunk_1,doc_02202_8a750996
2324,2324,doc_02203_1ccbb70e_chunk_0,doc_02203_1ccbb70e
2325,2325,doc_02204_f33ef9a7_chunk_0,doc_02204_f33ef9a7
2326,2326,doc_02205_08e8d304_chunk_0,doc_02205_08e8d304
2327,2327,doc_02205_08e8d304_chunk_1,doc_02205_08e8d304
2328,2328,doc_02206_fb38acab_chunk_0,doc_02206_fb38acab
2329,2329,doc_02206_fb38acab_chunk_1,doc_02206_fb38acab
2330,2330,doc_02207_8f3d15d9_chunk_0,doc_02207_8f3d15d9
2331,2331,doc_02208_264c0c8e_chunk_0,doc_02208_264c0c8e
2332,2332,doc_02209_32a0944f_chunk_0,doc_02209_32a0944f
2333,2333,doc_02210_8f7cf08e_chunk_0,doc_02210_8f7cf08e
2334,2334,doc_02211_28e1cbb0_chunk_0,doc_02211_28e1cbb0
2335,2335,doc_02212_6d7c2dd6_chunk_0,doc_02212_6d7c2dd6
2336,2336,doc_02213_14eed151_chunk_0,doc_02213_14eed151
2337,2337,doc_02214_063bd308_chunk_0,doc_02214_063bd308
2338,2338,doc_02215_9bdcddf4_chunk_0,doc_02215_9bdcddf4
2339,2339,doc_02216_cffcd817_chunk_0,doc_02216_cffcd817
2340,2340,doc_02217_adab3710_chunk_0,doc_02217_adab3710
2341,2341,doc_02218_2f00c8f9_chunk_0,doc_02218_2f00c8f9
2342,2342,doc_02219_9e0fb7d4_chunk_0,doc_02219_9e0fb7d4
2343,2343,doc_02220_1c26c14e_chunk_0,doc_02220_1c26c14e
2344,2344,doc_02221_19e432ff_chunk_0,doc_02221_19e432ff
2345,2345,doc_02222_9b912446_chunk_0,doc_02222_9b912446
2346,2346,doc_02223_bac0be00_chunk_0,doc_02223_bac0be00
2347,2347,doc_02224_c7893cbf_chunk_0,doc_02224_c7893cbf
2348,2348,doc_02225_8350ddc7_chunk_0,doc_02225_8350ddc7
2349,2349,doc_02226_be49b717_chunk_0,doc_02226_be49b717
2350,2350,doc_02227_e19f6412_chunk_0,doc_02227_e19f6412
2351,2351,doc_02228_c4058c84_chunk_0,doc_02228_c4058c84
2352,2352,doc_02229_6527cdae_chunk_0,doc_02229_6527cdae
2353,2353,doc_02230_f92c3eb1_chunk_0,doc_02230_f92c3eb1
2354,2354,doc_02231_624a2bdb_chunk_0,doc_02231_624a2bdb
2355,2355,doc_02232_3e3db49e_chunk_0,doc_02232_3e3db49e
2356,2356,doc_02233_cdb40394_chunk_0,doc_02233_cdb40394
2357,2357,doc_02234_38bfffbf_chunk_0,doc_02234_38bfffbf
2358,2358,doc_02235_f429d94f_chunk_0,doc_02235_f429d94f
2359,2359,doc_02236_9dbfe009_chunk_0,doc_02236_9dbfe009
2360,2360,doc_02237_6afcba92_chunk_0,doc_02237_6afcba92
2361,2361,doc_02237_6afcba92_chunk_1,doc_02237_6afcba92
2362,2362,doc_02237_6afcba92_chunk_2,doc_02237_6afcba92
2363,2363,doc_02237_6afcba92_chunk_3,doc_02237_6afcba92
2364,2364,doc_02237_6afcba92_chunk_4,doc_02237_6afcba92
2365,2365,doc_02237_6afcba92_chunk_5,doc_02237_6afcba92
2366,2366,doc_02238_01414422_chunk_0,doc_02238_01414422
2367,2367,doc_02239_e38fe412_chunk_0,doc_02239_e38fe412
2368,2368,doc_02240_8ccffac2_chunk_0,doc_02240_8ccffac2
2369,2369,doc_02240_8ccffac2_chunk_1,doc_02240_8ccffac2
2370,2370,doc_02241_6242ef9b_chunk_0,doc_02241_6242ef9b
2371,2371,doc_02241_6242ef9b_chunk_1,doc_02241_6242ef9b
2372,2372,doc_02242_5ac56038_chunk_0,doc_02242_5ac56038
2373,2373,doc_02243_f2ea1f4f_chunk_0,doc_02243_f2ea1f4f
2374,2374,doc_02244_0ceb361a_chunk_0,doc_02244_0ceb361a
2375,2375,doc_02245_4cd67416_chunk_0,doc_02245_4cd67416
2376,2376,doc_02246_5ccf1817_chunk_0,doc_02246_5ccf1817
2377,2377,doc_02247_020e5748_chunk_0,doc_02247_020e5748
2378,2378,doc_02247_020e5748_chunk_1,doc_02247_020e5748
2379,2379,doc_02247_020e5748_chunk_2,doc_02247_020e5748
2380,2380,doc_02248_89586728_chunk_0,doc_02248_89586728
2381,2381,doc_02249_fc4a33ff_chunk_0,doc_02249_fc4a33ff
2382,2382,doc_02250_87f59f89_chunk_0,doc_02250_87f59f89
2383,2383,doc_02251_eaadfb30_chunk_0,doc_02251_eaadfb30
2384,2384,doc_02252_cdca7124_chunk_0,doc_02252_cdca7124
2385,2385,doc_02253_38bf1e7d_chunk_0,doc_02253_38bf1e7d
2386,2386,doc_02254_37fdb07b_chunk_0,doc_02254_37fdb07b
2387,2387,doc_02255_e6f2d84c_chunk_0,doc_02255_e6f2d84c
2388,2388,doc_02256_21664353_chunk_0,doc_02256_21664353
2389,2389,doc_02257_7f909396_chunk_0,doc_02257_7f909396
2390,2390,doc_02258_98dcba5e_chunk_0,doc_02258_98dcba5e
2391,2391,doc_02259_f4e2fd0b_chunk_0,doc_02259_f4e2fd0b
2392,2392,doc_02260_ebf698f1_chunk_0,doc_02260_ebf698f1
2393,2393,doc_02261_42f12a3a_chunk_0,doc_02261_42f12a3a
2394,2394,doc_02262_7e7972db_chunk_0,doc_02262_7e7972db
2395,2395,doc_02263_795d2ffb_chunk_0,doc_02263_795d2ffb
2396,2396,doc_02264_4a126a35_chunk_0,doc_02264_4a126a35
2397,2397,doc_02265_49598f32_chunk_0,doc_02265_49598f32
2398,2398,doc_02266_8a5be155_chunk_0,doc_02266_8a5be155
2399,2399,doc_02267_b0b054a9_chunk_0,doc_02267_b0b054a9
2400,2400,doc_02268_8c1954d6_chunk_0,doc_02268_8c1954d6
2401,2401,doc_02269_d796bbb4_chunk_0,doc_02269_d796bbb4
2402,2402,doc_02270_a0e6e101_chunk_0,doc_02270_a0e6e101
2403,2403,doc_02271_16bc2e8d_chunk_0,doc_02271_16bc2e8d
2404,2404,doc_02272_9383bd73_chunk_0,doc_02272_9383bd73
2405,2405,doc_02273_3f71e5b7_chunk_0,doc_02273_3f71e5b7
2406,2406,doc_02274_282c2d61_chunk_0,doc_02274_282c2d61
2407,2407,doc_02275_53e4866a_chunk_0,doc_02275_53e4866a
2408,2408,doc_02276_e4c15032_chunk_0,doc_02276_e4c15032
2409,2409,doc_02277_3d2fb251_chunk_0,doc_02277_3d2fb251
2410,2410,doc_02278_0b5b22bd_chunk_0,doc_02278_0b5b22bd
2411,2411,doc_02279_41ec051d_chunk_0,doc_02279_41ec051d
2412,2412,doc_02280_b8976eaf_chunk_0,doc_02280_b8976eaf
2413,2413,doc_02281_e8a74931_chunk_0,doc_02281_e8a74931
2414,2414,doc_02282_f00f5548_chunk_0,doc_02282_f00f5548
2415,2415,doc_02283_2095719f_chunk_0,doc_02283_2095719f
2416,2416,doc_02284_d0cda88b_chunk_0,doc_02284_d0cda88b
2417,2417,doc_02285_8ded6315_chunk_0,doc_02285_8ded6315
2418,2418,doc_02286_bb87eaaf_chunk_0,doc_02286_bb87eaaf
2419,2419,doc_02287_1c7549c3_chunk_0,doc_02287_1c7549c3
2420,2420,doc_02288_077f2451_chunk_0,doc_02288_077f2451
2421,2421,doc_02289_b049d561_chunk_0,doc_02289_b049d561
2422,2422,doc_02290_62a64162_chunk_0,doc_02290_62a64162
2423,2423,doc_02291_aab15a3f_chunk_0,doc_02291_aab15a3f
2424,2424,doc_02292_f2cdf03f_chunk_0,doc_02292_f2cdf03f
2425,2425,doc_02293_fdb7af55_chunk_0,doc_02293_fdb7af55
2426,2426,doc_02294_bdfdea97_chunk_0,doc_02294_bdfdea97
2427,2427,doc_02295_f150d3ba_chunk_0,doc_02295_f150d3ba
2428,2428,doc_02296_0cb277d3_chunk_0,doc_02296_0cb277d3
2429,2429,doc_02297_51bf07c5_chunk_0,doc_02297_51bf07c5
2430,2430,doc_02298_b053a6f8_chunk_0,doc_02298_b053a6f8
2431,2431,doc_02299_d7df6528_chunk_0,doc_02299_d7df6528
2432,2432,doc_02300_bf06acc9_chunk_0,doc_02300_bf06acc9
2433,2433,doc_02301_d6ed52d2_chunk_0,doc_02301_d6ed52d2
2434,2434,doc_02302_96e81e72_chunk_0,doc_02302_96e81e72
2435,2435,doc_02303_7c66aade_chunk_0,doc_02303_7c66aade
2436,2436,doc_02304_11ce18df_chunk_0,doc_02304_11ce18df
2437,2437,doc_02305_7d46e895_chunk_0,doc_02305_7d46e895
2438,2438,doc_02306_960f9c3c_chunk_0,doc_02306_960f9c3c
2439,2439,doc_02307_b432ba1c_chunk_0,doc_02307_b432ba1c
2440,2440,doc_02308_824cafdb_chunk_0,doc_02308_824cafdb
2441,2441,doc_02309_cd40ff81_chunk_0,doc_02309_cd40ff81
2442,2442,doc_02310_14cef630_chunk_0,doc_02310_14cef630
2443,2443,doc_02311_c8b25f05_chunk_0,doc_02311_c8b25f05
2444,2444,doc_02312_ab2f1396_chunk_0,doc_02312_ab2f1396
2445,2445,doc_02313_90387ecf_chunk_0,doc_02313_90387ecf
2446,2446,doc_02314_d99ece73_chunk_0,doc_02314_d99ece73
2447,2447,doc_02315_dcf5759f_chunk_0,doc_02315_dcf5759f
2448,2448,doc_02316_19a6407a_chunk_0,doc_02316_19a6407a
2449,2449,doc_02317_0e3e95ac_chunk_0,doc_02317_0e3e95ac
2450,2450,doc_02318_1381df99_chunk_0,doc_02318_1381df99
2451,2451,doc_02319_0979c385_chunk_0,doc_02319_0979c385
2452,2452,doc_02320_c42de2c4_chunk_0,doc_02320_c42de2c4
2453,2453,doc_02321_0bd72095_chunk_0,doc_02321_0bd72095
2454,2454,doc_02322_fdbc11ae_chunk_0,doc_02322_fdbc11ae
2455,2455,doc_02323_c7404b5b_chunk_0,doc_02323_c7404b5b
2456,2456,doc_02324_b8a01540_chunk_0,doc_02324_b8a01540
2457,2457,doc_02325_4127495b_chunk_0,doc_02325_4127495b
2458,2458,doc_02326_645ae3a6_chunk_0,doc_02326_645ae3a6
2459,2459,doc_02327_a104a256_chunk_0,doc_02327_a104a256
2460,2460,doc_02328_0c119204_chunk_0,doc_02328_0c119204
2461,2461,doc_02329_b0d4677a_chunk_0,doc_02329_b0d4677a
2462,2462,doc_02330_1126e858_chunk_0,doc_02330_1126e858
2463,2463,doc_02331_807594e1_chunk_0,doc_02331_807594e1
2464,2464,doc_02332_66ba9808_chunk_0,doc_02332_66ba9808
2465,2465,doc_02333_d652963a_chunk_0,doc_02333_d652963a
2466,2466,doc_02334_d8b60a19_chunk_0,doc_02334_d8b60a19
2467,2467,doc_02335_583b51ff_chunk_0,doc_02335_583b51ff
2468,2468,doc_02336_89c74f47_chunk_0,doc_02336_89c74f47
2469,2469,doc_02337_46715ad7_chunk_0,doc_02337_46715ad7
2470,2470,doc_02338_b97349f3_chunk_0,doc_02338_b97349f3
2471,2471,doc_02339_03e87b0c_chunk_0,doc_02339_03e87b0c
2472,2472,doc_02340_ed3afef2_chunk_0,doc_02340_ed3afef2
2473,2473,doc_02341_b819f043_chunk_0,doc_02341_b819f043
2474,2474,doc_02342_459b3f49_chunk_0,doc_02342_459b3f49
2475,2475,doc_02343_4956ef29_chunk_0,doc_02343_4956ef29
2476,2476,doc_02344_a37c9b70_chunk_0,doc_02344_a37c9b70
2477,2477,doc_02345_7bf6c5d2_chunk_0,doc_02345_7bf6c5d2
2478,2478,doc_02346_b9e711da_chunk_0,doc_02346_b9e711da
2479,2479,doc_02347_f14d9528_chunk_0,doc_02347_f14d9528
2480,2480,doc_02348_ada55609_chunk_0,doc_02348_ada55609
2481,2481,doc_02349_8185045c_chunk_0,doc_02349_8185045c
2482,2482,doc_02350_b4a1b418_chunk_0,doc_02350_b4a1b418
2483,2483,doc_02351_7475026b_chunk_0,doc_02351_7475026b
2484,2484,doc_02352_dccdfc53_chunk_0,doc_02352_dccdfc53
2485,2485,doc_02353_fc1f3756_chunk_0,doc_02353_fc1f3756
2486,2486,doc_02354_91a2457b_chunk_0,doc_02354_91a2457b
2487,2487,doc_02355_798b2060_chunk_0,doc_02355_798b2060
2488,2488,doc_02356_31e2abc4_chunk_0,doc_02356_31e2abc4
2489,2489,doc_02357_fff708df_chunk_0,doc_02357_fff708df
2490,2490,doc_02358_857f01e7_chunk_0,doc_02358_857f01e7
2491,2491,doc_02358_857f01e7_chunk_1,doc_02358_857f01e7
2492,2492,doc_02359_ec21026b_chunk_0,doc_02359_ec21026b
2493,2493,doc_02360_dd64c302_chunk_0,doc_02360_dd64c302
2494,2494,doc_02361_3e568bff_chunk_0,doc_02361_3e568bff
2495,2495,doc_02362_cd87ef95_chunk_0,doc_02362_cd87ef95
2496,2496,doc_02363_ad9b9b30_chunk_0,doc_02363_ad9b9b30
2497,2497,doc_02364_9211e30e_chunk_0,doc_02364_9211e30e
2498,2498,doc_02365_616ceb9d_chunk_0,doc_02365_616ceb9d
2499,2499,doc_02366_8a36898f_chunk_0,doc_02366_8a36898f
2500,2500,doc_02367_1698a660_chunk_0,doc_02367_1698a660
2501,2501,doc_02367_1698a660_chunk_1,doc_02367_1698a660
2502,2502,doc_02368_653fec90_chunk_0,doc_02368_653fec90
2503,2503,doc_02369_e7b623c8_chunk_0,doc_02369_e7b623c8
2504,2504,doc_02370_71cae216_chunk_0,doc_02370_71cae216
2505,2505,doc_02371_7eb13101_chunk_0,doc_02371_7eb13101
2506,2506,doc_02372_154b33cf_chunk_0,doc_02372_154b33cf
2507,2507,doc_02373_44fafdbb_chunk_0,doc_02373_44fafdbb
2508,2508,doc_02374_28d31c7f_chunk_0,doc_02374_28d31c7f
2509,2509,doc_02375_60d69650_chunk_0,doc_02375_60d69650
2510,2510,doc_02376_6fffafae_chunk_0,doc_02376_6fffafae
2511,2511,doc_02377_1575b2c5_chunk_0,doc_02377_1575b2c5
2512,2512,doc_02378_430bee8f_chunk_0,doc_02378_430bee8f
2513,2513,doc_02379_1af4690f_chunk_0,doc_02379_1af4690f
2514,2514,doc_02380_54de2fa2_chunk_0,doc_02380_54de2fa2
2515,2515,doc_02381_ecf52319_chunk_0,doc_02381_ecf52319
2516,2516,doc_02382_65e8461c_chunk_0,doc_02382_65e8461c
2517,2517,doc_02383_59b350ff_chunk_0,doc_02383_59b350ff
2518,2518,doc_02384_405f4be8_chunk_0,doc_02384_405f4be8
2519,2519,doc_02385_52b429d5_chunk_0,doc_02385_52b429d5
2520,2520,doc_02386_c2b03b7f_chunk_0,doc_02386_c2b03b7f
2521,2521,doc_02387_ed79a7ae_chunk_0,doc_02387_ed79a7ae
2522,2522,doc_02388_46f59c9e_chunk_0,doc_02388_46f59c9e
2523,2523,doc_02389_28ccb3d9_chunk_0,doc_02389_28ccb3d9
2524,2524,doc_02390_29cfc710_chunk_0,doc_02390_29cfc710
2525,2525,doc_02391_f32e3763_chunk_0,doc_02391_f32e3763
2526,2526,doc_02392_637a63d1_chunk_0,doc_02392_637a63d1
2527,2527,doc_02393_91ffba77_chunk_0,doc_02393_91ffba77
2528,2528,doc_02394_bef96011_chunk_0,doc_02394_bef96011
2529,2529,doc_02395_10fb8ff1_chunk_0,doc_02395_10fb8ff1
2530,2530,doc_02396_954ca48b_chunk_0,doc_02396_954ca48b
2531,2531,doc_02397_8dea7774_chunk_0,doc_02397_8dea7774
2532,2532,doc_02398_4e3949c5_chunk_0,doc_02398_4e3949c5
2533,2533,doc_02399_d90247bf_chunk_0,doc_02399_d90247bf
2534,2534,doc_02400_55b2a7f1_chunk_0,doc_02400_55b2a7f1
2535,2535,doc_02401_7ed6c112_chunk_0,doc_02401_7ed6c112
2536,2536,doc_02402_019cec2d_chunk_0,doc_02402_019cec2d
2537,2537,doc_02403_d2ac9f8d_chunk_0,doc_02403_d2ac9f8d
2538,2538,doc_02404_2f51728f_chunk_0,doc_02404_2f51728f
2539,2539,doc_02405_19cf7bab_chunk_0,doc_02405_19cf7bab
2540,2540,doc_02406_21ef01ec_chunk_0,doc_02406_21ef01ec
2541,2541,doc_02407_33d9ecc0_chunk_0,doc_02407_33d9ecc0
2542,2542,doc_02408_13a269eb_chunk_0,doc_02408_13a269eb
2543,2543,doc_02409_468769d4_chunk_0,doc_02409_468769d4
2544,2544,doc_02410_b68221a4_chunk_0,doc_02410_b68221a4
2545,2545,doc_02411_d6ccb802_chunk_0,doc_02411_d6ccb802
2546,2546,doc_02412_0b1a1c8b_chunk_0,doc_02412_0b1a1c8b
2547,2547,doc_02413_e9969957_chunk_0,doc_02413_e9969957
2548,2548,doc_02414_abe522ad_chunk_0,doc_02414_abe522ad
2549,2549,doc_02415_68d7a8ab_chunk_0,doc_02415_68d7a8ab
2550,2550,doc_02416_67427aee_chunk_0,doc_02416_67427aee
2551,2551,doc_02417_88449f12_chunk_0,doc_02417_88449f12
2552,2552,doc_02418_68676769_chunk_0,doc_02418_68676769
2553,2553,doc_02419_571db946_chunk_0,doc_02419_571db946
2554,2554,doc_02420_1b56d00a_chunk_0,doc_02420_1b56d00a
2555,2555,doc_02421_d3a1f51f_chunk_0,doc_02421_d3a1f51f
2556,2556,doc_02422_e5450aa8_chunk_0,doc_02422_e5450aa8
2557,2557,doc_02423_fd991349_chunk_0,doc_02423_fd991349
2558,2558,doc_02424_1cd60761_chunk_0,doc_02424_1cd60761
2559,2559,doc_02425_10ae3c38_chunk_0,doc_02425_10ae3c38
2560,2560,doc_02426_b549608f_chunk_0,doc_02426_b549608f
2561,2561,doc_02427_a2f138a8_chunk_0,doc_02427_a2f138a8
2562,2562,doc_02428_f545ae4a_chunk_0,doc_02428_f545ae4a
2563,2563,doc_02429_dfb0cc42_chunk_0,doc_02429_dfb0cc42
2564,2564,doc_02430_0d9506b7_chunk_0,doc_02430_0d9506b7
2565,2565,doc_02431_8b1df6ff_chunk_0,doc_02431_8b1df6ff
2566,2566,doc_02432_5a07bb64_chunk_0,doc_02432_5a07bb64
2567,2567,doc_02433_8b2b5bfa_chunk_0,doc_02433_8b2b5bfa
2568,2568,doc_02434_b41a5c2a_chunk_0,doc_02434_b41a5c2a
2569,2569,doc_02435_fb5bfcd4_chunk_0,doc_02435_fb5bfcd4
2570,2570,doc_02436_fdeddc17_chunk_0,doc_02436_fdeddc17
2571,2571,doc_02437_90b29e04_chunk_0,doc_02437_90b29e04
2572,2572,doc_02438_c360e137_chunk_0,doc_02438_c360e137
2573,2573,doc_02439_43862df9_chunk_0,doc_02439_43862df9
2574,2574,doc_02440_32e7eb22_chunk_0,doc_02440_32e7eb22
2575,2575,doc_02441_0e212e86_chunk_0,doc_02441_0e212e86
2576,2576,doc_02442_3fff14ee_chunk_0,doc_02442_3fff14ee
2577,2577,doc_02443_18c9ec06_chunk_0,doc_02443_18c9ec06
2578,2578,doc_02444_ed60bdc5_chunk_0,doc_02444_ed60bdc5
2579,2579,doc_02445_5aa0403b_chunk_0,doc_02445_5aa0403b
2580,2580,doc_02446_9ff58be6_chunk_0,doc_02446_9ff58be6
2581,2581,doc_02447_4a70a005_chunk_0,doc_02447_4a70a005
2582,2582,doc_02448_b827513c_chunk_0,doc_02448_b827513c
2583,2583,doc_02449_5f39a886_chunk_0,doc_02449_5f39a886
2584,2584,doc_02450_85a42fbf_chunk_0,doc_02450_85a42fbf
2585,2585,doc_02451_5fc0c01a_chunk_0,doc_02451_5fc0c01a
2586,2586,doc_02452_9cb4c825_chunk_0,doc_02452_9cb4c825
2587,2587,doc_02453_213d471f_chunk_0,doc_02453_213d471f
2588,2588,doc_02454_8e9bc415_chunk_0,doc_02454_8e9bc415
2589,2589,doc_02455_54dc2381_chunk_0,doc_02455_54dc2381
2590,2590,doc_02456_321dbad2_chunk_0,doc_02456_321dbad2
2591,2591,doc_02457_8a430024_chunk_0,doc_02457_8a430024
2592,2592,doc_02458_bd5667df_chunk_0,doc_02458_bd5667df
2593,2593,doc_02459_8a550837_chunk_0,doc_02459_8a550837
2594,2594,doc_02460_091681f9_chunk_0,doc_02460_091681f9
2595,2595,doc_02461_f1db9ed7_chunk_0,doc_02461_f1db9ed7
2596,2596,doc_02462_2949e698_chunk_0,doc_02462_2949e698
2597,2597,doc_02463_f49e3e09_chunk_0,doc_02463_f49e3e09
2598,2598,doc_02464_eaf078f6_chunk_0,doc_02464_eaf078f6
2599,2599,doc_02465_c03870d2_chunk_0,doc_02465_c03870d2
2600,2600,doc_02466_1f1a2d62_chunk_0,doc_02466_1f1a2d62
2601,2601,doc_02467_35b290e9_chunk_0,doc_02467_35b290e9
2602,2602,doc_02468_b0b66aba_chunk_0,doc_02468_b0b66aba
2603,2603,doc_02469_3178beae_chunk_0,doc_02469_3178beae
2604,2604,doc_02470_3a9a0a00_chunk_0,doc_02470_3a9a0a00
2605,2605,doc_02471_b1160faa_chunk_0,doc_02471_b1160faa
2606,2606,doc_02472_22731b87_chunk_0,doc_02472_22731b87
2607,2607,doc_02473_2cd2d711_chunk_0,doc_02473_2cd2d711
2608,2608,doc_02474_c347e4a2_chunk_0,doc_02474_c347e4a2
2609,2609,doc_02475_3a7b351f_chunk_0,doc_02475_3a7b351f
2610,2610,doc_02476_e5869445_chunk_0,doc_02476_e5869445
2611,2611,doc_02477_cc81f808_chunk_0,doc_02477_cc81f808
2612,2612,doc_02478_519cbbff_chunk_0,doc_02478_519cbbff
2613,2613,doc_02479_d498f071_chunk_0,doc_02479_d498f071
2614,2614,doc_02480_33c3ea04_chunk_0,doc_02480_33c3ea04
2615,2615,doc_02481_9ca02315_chunk_0,doc_02481_9ca02315
2616,2616,doc_02482_ab49ea12_chunk_0,doc_02482_ab49ea12
2617,2617,doc_02483_2e3dc89d_chunk_0,doc_02483_2e3dc89d
2618,2618,doc_02484_be5dbd93_chunk_0,doc_02484_be5dbd93
2619,2619,doc_02485_81251cad_chunk_0,doc_02485_81251cad
2620,2620,doc_02486_fe99bc68_chunk_0,doc_02486_fe99bc68
2621,2621,doc_02487_ad7c2fff_chunk_0,doc_02487_ad7c2fff
2622,2622,doc_02488_1add1ce0_chunk_0,doc_02488_1add1ce0
2623,2623,doc_02489_a698b158_chunk_0,doc_02489_a698b158
2624,2624,doc_02490_bbc1e731_chunk_0,doc_02490_bbc1e731
2625,2625,doc_02491_64d7a332_chunk_0,doc_02491_64d7a332
2626,2626,doc_02492_c1352906_chunk_0,doc_02492_c1352906
2627,2627,doc_02493_55eba2f2_chunk_0,doc_02493_55eba2f2
2628,2628,doc_02494_fbfc4101_chunk_0,doc_02494_fbfc4101
2629,2629,doc_02495_7564d64c_chunk_0,doc_02495_7564d64c
2630,2630,doc_02496_03e51078_chunk_0,doc_02496_03e51078
2631,2631,doc_02497_c86858c3_chunk_0,doc_02497_c86858c3
2632,2632,doc_02498_2268d2d8_chunk_0,doc_02498_2268d2d8
2633,2633,doc_02499_0774833f_chunk_0,doc_02499_0774833f
2634,2634,doc_02500_7484915b_chunk_0,doc_02500_7484915b
2635,2635,doc_02501_afbc4e9e_chunk_0,doc_02501_afbc4e9e
2636,2636,doc_02502_5692bd04_chunk_0,doc_02502_5692bd04
2637,2637,doc_02503_78cc7028_chunk_0,doc_02503_78cc7028
2638,2638,doc_02504_afb32fc9_chunk_0,doc_02504_afb32fc9
2639,2639,doc_02505_442c8989_chunk_0,doc_02505_442c8989
2640,2640,doc_02506_b08876aa_chunk_0,doc_02506_b08876aa
2641,2641,doc_02507_d318b811_chunk_0,doc_02507_d318b811
2642,2642,doc_02508_8d57c328_chunk_0,doc_02508_8d57c328
2643,2643,doc_02509_062e5cf8_chunk_0,doc_02509_062e5cf8
2644,2644,doc_02510_c387cede_chunk_0,doc_02510_c387cede
2645,2645,doc_02511_c7b12456_chunk_0,doc_02511_c7b12456
2646,2646,doc_02512_62f9b7cd_chunk_0,doc_02512_62f9b7cd
2647,2647,doc_02513_feecf899_chunk_0,doc_02513_feecf899
2648,2648,doc_02514_556c3a81_chunk_0,doc_02514_556c3a81
2649,2649,doc_02515_c683f4f2_chunk_0,doc_02515_c683f4f2
2650,2650,doc_02516_df874819_chunk_0,doc_02516_df874819
2651,2651,doc_02517_22c29b7b_chunk_0,doc_02517_22c29b7b
2652,2652,doc_02518_bfa8386b_chunk_0,doc_02518_bfa8386b
2653,2653,doc_02519_28b088d7_chunk_0,doc_02519_28b088d7
2654,2654,doc_02520_9de4629a_chunk_0,doc_02520_9de4629a
2655,2655,doc_02521_3108ceac_chunk_0,doc_02521_3108ceac
2656,2656,doc_02522_97642fd3_chunk_0,doc_02522_97642fd3
2657,2657,doc_02523_8bf8bdfe_chunk_0,doc_02523_8bf8bdfe
2658,2658,doc_02523_8bf8bdfe_chunk_1,doc_02523_8bf8bdfe
2659,2659,doc_02524_e0a60102_chunk_0,doc_02524_e0a60102
2660,2660,doc_02525_d06a94bf_chunk_0,doc_02525_d06a94bf
2661,2661,doc_02526_0ba63d8e_chunk_0,doc_02526_0ba63d8e
2662,2662,doc_02527_fb872556_chunk_0,doc_02527_fb872556
2663,2663,doc_02528_d2306243_chunk_0,doc_02528_d2306243
2664,2664,doc_02529_bb1c862f_chunk_0,doc_02529_bb1c862f
2665,2665,doc_02530_4ccbfa80_chunk_0,doc_02530_4ccbfa80
2666,2666,doc_02531_f21111c0_chunk_0,doc_02531_f21111c0
2667,2667,doc_02532_1aeb6b01_chunk_0,doc_02532_1aeb6b01
2668,2668,doc_02533_3988534f_chunk_0,doc_02533_3988534f
2669,2669,doc_02534_82a5ddad_chunk_0,doc_02534_82a5ddad
2670,2670,doc_02535_d22c7999_chunk_0,doc_02535_d22c7999
2671,2671,doc_02536_589ad2f2_chunk_0,doc_02536_589ad2f2
2672,2672,doc_02537_d7edcfa8_chunk_0,doc_02537_d7edcfa8
2673,2673,doc_02538_85745cb5_chunk_0,doc_02538_85745cb5
2674,2674,doc_02539_dac6ccc7_chunk_0,doc_02539_dac6ccc7
2675,2675,doc_02540_90c13748_chunk_0,doc_02540_90c13748
2676,2676,doc_02541_ae19567a_chunk_0,doc_02541_ae19567a
2677,2677,doc_02542_adf01a7d_chunk_0,doc_02542_adf01a7d
2678,2678,doc_02543_58ef2274_chunk_0,doc_02543_58ef2274
2679,2679,doc_02544_43ab088f_chunk_0,doc_02544_43ab088f
2680,2680,doc_02545_6025e51e_chunk_0,doc_02545_6025e51e
2681,2681,doc_02546_1e0d9616_chunk_0,doc_02546_1e0d9616
2682,2682,doc_02547_cf055d01_chunk_0,doc_02547_cf055d01
2683,2683,doc_02548_42fb37fe_chunk_0,doc_02548_42fb37fe
2684,2684,doc_02549_dc0beda7_chunk_0,doc_02549_dc0beda7
2685,2685,doc_02550_3df1aef8_chunk_0,doc_02550_3df1aef8
2686,2686,doc_02551_941165fd_chunk_0,doc_02551_941165fd
2687,2687,doc_02552_bfaf9017_chunk_0,doc_02552_bfaf9017
2688,2688,doc_02553_d2721f21_chunk_0,doc_02553_d2721f21
2689,2689,doc_02554_decf9428_chunk_0,doc_02554_decf9428
2690,2690,doc_02555_57971910_chunk_0,doc_02555_57971910
2691,2691,doc_02556_63131ac6_chunk_0,doc_02556_63131ac6
2692,2692,doc_02557_6ea43fe1_chunk_0,doc_02557_6ea43fe1
2693,2693,doc_02558_038b705d_chunk_0,doc_02558_038b705d
2694,2694,doc_02559_5fef5211_chunk_0,doc_02559_5fef5211
2695,2695,doc_02560_4ee7cbd8_chunk_0,doc_02560_4ee7cbd8
2696,2696,doc_02561_595b20a1_chunk_0,doc_02561_595b20a1
2697,2697,doc_02562_b37e1b30_chunk_0,doc_02562_b37e1b30
2698,2698,doc_02563_5d39a857_chunk_0,doc_02563_5d39a857
2699,2699,doc_02564_e7d37993_chunk_0,doc_02564_e7d37993
2700,2700,doc_02565_d7fe1471_chunk_0,doc_02565_d7fe1471
2701,2701,doc_02566_edd7461c_chunk_0,doc_02566_edd7461c
2702,2702,doc_02567_1941c01e_chunk_0,doc_02567_1941c01e
2703,2703,doc_02568_7977b07b_chunk_0,doc_02568_7977b07b
2704,2704,doc_02569_3d816b76_chunk_0,doc_02569_3d816b76
2705,2705,doc_02570_346bab3d_chunk_0,doc_02570_346bab3d
2706,2706,doc_02571_ad22c7b7_chunk_0,doc_02571_ad22c7b7
2707,2707,doc_02572_838163c0_chunk_0,doc_02572_838163c0
2708,2708,doc_02573_d77a709f_chunk_0,doc_02573_d77a709f
2709,2709,doc_02574_571e5770_chunk_0,doc_02574_571e5770
2710,2710,doc_02575_bb76661e_chunk_0,doc_02575_bb76661e
2711,2711,doc_02576_966ce57c_chunk_0,doc_02576_966ce57c
2712,2712,doc_02577_6727af37_chunk_0,doc_02577_6727af37
2713,2713,doc_02578_298bccd8_chunk_0,doc_02578_298bccd8
2714,2714,doc_02579_05621082_chunk_0,doc_02579_05621082
2715,2715,doc_02580_306d534c_chunk_0,doc_02580_306d534c
2716,2716,doc_02581_f0870b22_chunk_0,doc_02581_f0870b22
2717,2717,doc_02582_4a358117_chunk_0,doc_02582_4a358117
2718,2718,doc_02583_dbbf423a_chunk_0,doc_02583_dbbf423a
2719,2719,doc_02584_ab682244_chunk_0,doc_02584_ab682244
2720,2720,doc_02585_ae84ec89_chunk_0,doc_02585_ae84ec89
2721,2721,doc_02586_90ebb5a8_chunk_0,doc_02586_90ebb5a8
2722,2722,doc_02587_9c1e663f_chunk_0,doc_02587_9c1e663f
2723,2723,doc_02588_781187ab_chunk_0,doc_02588_781187ab
2724,2724,doc_02589_66b3475d_chunk_0,doc_02589_66b3475d
2725,2725,doc_02590_685933fb_chunk_0,doc_02590_685933fb
2726,2726,doc_02591_8c3c73a8_chunk_0,doc_02591_8c3c73a8
2727,2727,doc_02592_1327eba0_chunk_0,doc_02592_1327eba0
2728,2728,doc_02593_9585d527_chunk_0,doc_02593_9585d527
2729,2729,doc_02594_1ff7367b_chunk_0,doc_02594_1ff7367b
2730,2730,doc_02595_01c39d20_chunk_0,doc_02595_01c39d20
2731,2731,doc_02596_a51e9f27_chunk_0,doc_02596_a51e9f27
2732,2732,doc_02597_676003e0_chunk_0,doc_02597_676003e0
2733,2733,doc_02598_2eab01ca_chunk_0,doc_02598_2eab01ca
2734,2734,doc_02599_10a8b862_chunk_0,doc_02599_10a8b862
2735,2735,doc_02600_e7c2a958_chunk_0,doc_02600_e7c2a958
2736,2736,doc_02601_1db272ce_chunk_0,doc_02601_1db272ce
2737,2737,doc_02602_af42ba51_chunk_0,doc_02602_af42ba51
2738,2738,doc_02603_90dae51a_chunk_0,doc_02603_90dae51a
2739,2739,doc_02604_8c904a39_chunk_0,doc_02604_8c904a39
2740,2740,doc_02604_8c904a39_chunk_1,doc_02604_8c904a39
2741,2741,doc_02605_1b0ef288_chunk_0,doc_02605_1b0ef288
2742,2742,doc_02606_8355d138_chunk_0,doc_02606_8355d138
2743,2743,doc_02607_386e10aa_chunk_0,doc_02607_386e10aa
2744,2744,doc_02608_77d3f7b9_chunk_0,doc_02608_77d3f7b9
2745,2745,doc_02608_77d3f7b9_chunk_1,doc_02608_77d3f7b9
2746,2746,doc_02609_ee73c2b5_chunk_0,doc_02609_ee73c2b5
2747,2747,doc_02610_c1684a79_chunk_0,doc_02610_c1684a79
2748,2748,doc_02611_15ca8da5_chunk_0,doc_02611_15ca8da5
2749,2749,doc_02612_ca6ea03e_chunk_0,doc_02612_ca6ea03e
2750,2750,doc_02613_6645759d_chunk_0,doc_02613_6645759d
2751,2751,doc_02614_b7117050_chunk_0,doc_02614_b7117050
2752,2752,doc_02615_22b67118_chunk_0,doc_02615_22b67118
2753,2753,doc_02616_1a37507f_chunk_0,doc_02616_1a37507f
2754,2754,doc_02617_c40576ec_chunk_0,doc_02617_c40576ec
2755,2755,doc_02618_45ee76b1_chunk_0,doc_02618_45ee76b1
2756,2756,doc_02619_c9a324fc_chunk_0,doc_02619_c9a324fc
2757,2757,doc_02620_a73d5e83_chunk_0,doc_02620_a73d5e83
2758,2758,doc_02621_c27a6c15_chunk_0,doc_02621_c27a6c15
2759,2759,doc_02622_a53df7d7_chunk_0,doc_02622_a53df7d7
2760,2760,doc_02623_39b9d9d2_chunk_0,doc_02623_39b9d9d2
2761,2761,doc_02624_da1494f7_chunk_0,doc_02624_da1494f7
2762,2762,doc_02625_902c50c1_chunk_0,doc_02625_902c50c1
2763,2763,doc_02626_d646701c_chunk_0,doc_02626_d646701c
2764,2764,doc_02627_407d77a2_chunk_0,doc_02627_407d77a2
2765,2765,doc_02628_5f728d3f_chunk_0,doc_02628_5f728d3f
2766,2766,doc_02629_ed652aea_chunk_0,doc_02629_ed652aea
2767,2767,doc_02630_7e346832_chunk_0,doc_02630_7e346832
2768,2768,doc_02631_61e8c609_chunk_0,doc_02631_61e8c609
2769,2769,doc_02632_3be54331_chunk_0,doc_02632_3be54331
2770,2770,doc_02633_f5662a3e_chunk_0,doc_02633_f5662a3e
2771,2771,doc_02634_b34b72d5_chunk_0,doc_02634_b34b72d5
2772,2772,doc_02635_f93f2cf2_chunk_0,doc_02635_f93f2cf2
2773,2773,doc_02636_e8084008_chunk_0,doc_02636_e8084008
2774,2774,doc_02637_99310bfa_chunk_0,doc_02637_99310bfa
2775,2775,doc_02638_856b2720_chunk_0,doc_02638_856b2720
2776,2776,doc_02639_f5577f55_chunk_0,doc_02639_f5577f55
2777,2777,doc_02640_19e9c422_chunk_0,doc_02640_19e9c422
2778,2778,doc_02641_ab7757f0_chunk_0,doc_02641_ab7757f0
2779,2779,doc_02642_46a1c996_chunk_0,doc_02642_46a1c996
2780,2780,doc_02643_3dc729f9_chunk_0,doc_02643_3dc729f9
2781,2781,doc_02644_3e19867a_chunk_0,doc_02644_3e19867a
2782,2782,doc_02645_ad9c8a7e_chunk_0,doc_02645_ad9c8a7e
2783,2783,doc_02646_4da77052_chunk_0,doc_02646_4da77052
2784,2784,doc_02647_808814b6_chunk_0,doc_02647_808814b6
2785,2785,doc_02648_b2da7769_chunk_0,doc_02648_b2da7769
2786,2786,doc_02649_504c0c5f_chunk_0,doc_02649_504c0c5f
2787,2787,doc_02650_7cc04bb8_chunk_0,doc_02650_7cc04bb8
2788,2788,doc_02651_9c05f5ad_chunk_0,doc_02651_9c05f5ad
2789,2789,doc_02652_2c198ede_chunk_0,doc_02652_2c198ede
2790,2790,doc_02653_36fdaa28_chunk_0,doc_02653_36fdaa28
2791,2791,doc_02654_e56261bc_chunk_0,doc_02654_e56261bc
2792,2792,doc_02655_741301f1_chunk_0,doc_02655_741301f1
2793,2793,doc_02656_70b492f3_chunk_0,doc_02656_70b492f3
2794,2794,doc_02657_6ab83230_chunk_0,doc_02657_6ab83230
2795,2795,doc_02658_ca6d5168_chunk_0,doc_02658_ca6d5168
2796,2796,doc_02659_b8964843_chunk_0,doc_02659_b8964843
2797,2797,doc_02660_fb091666_chunk_0,doc_02660_fb091666
2798,2798,doc_02661_c7fda95c_chunk_0,doc_02661_c7fda95c
2799,2799,doc_02662_26c63b95_chunk_0,doc_02662_26c63b95
2800,2800,doc_02663_c5f49c5c_chunk_0,doc_02663_c5f49c5c
2801,2801,doc_02664_342255fd_chunk_0,doc_02664_342255fd
2802,2802,doc_02665_fe6632f7_chunk_0,doc_02665_fe6632f7
2803,2803,doc_02666_8d8bf4c8_chunk_0,doc_02666_8d8bf4c8
2804,2804,doc_02667_51338a29_chunk_0,doc_02667_51338a29
2805,2805,doc_02668_0c44334d_chunk_0,doc_02668_0c44334d
2806,2806,doc_02669_155536d6_chunk_0,doc_02669_155536d6
2807,2807,doc_02670_222e1d17_chunk_0,doc_02670_222e1d17
2808,2808,doc_02671_b8889cc4_chunk_0,doc_02671_b8889cc4
2809,2809,doc_02672_1ca4eaeb_chunk_0,doc_02672_1ca4eaeb
2810,2810,doc_02673_f24c14a4_chunk_0,doc_02673_f24c14a4
2811,2811,doc_02674_70311f6b_chunk_0,doc_02674_70311f6b
2812,2812,doc_02675_74a769e1_chunk_0,doc_02675_74a769e1
2813,2813,doc_02676_bfaace8a_chunk_0,doc_02676_bfaace8a
2814,2814,doc_02677_95386cf9_chunk_0,doc_02677_95386cf9
2815,2815,doc_02678_68b2c7c7_chunk_0,doc_02678_68b2c7c7
2816,2816,doc_02679_379815ab_chunk_0,doc_02679_379815ab
2817,2817,doc_02680_07f964e9_chunk_0,doc_02680_07f964e9
2818,2818,doc_02681_75cdecdc_chunk_0,doc_02681_75cdecdc
2819,2819,doc_02682_d62fbd6d_chunk_0,doc_02682_d62fbd6d
2820,2820,doc_02683_087e23ac_chunk_0,doc_02683_087e23ac
2821,2821,doc_02684_e3368a15_chunk_0,doc_02684_e3368a15
2822,2822,doc_02685_09b9a6e6_chunk_0,doc_02685_09b9a6e6
2823,2823,doc_02686_96374df2_chunk_0,doc_02686_96374df2
2824,2824,doc_02687_e6dfa063_chunk_0,doc_02687_e6dfa063
2825,2825,doc_02688_6acf66aa_chunk_0,doc_02688_6acf66aa
2826,2826,doc_02689_1d119fd0_chunk_0,doc_02689_1d119fd0
2827,2827,doc_02690_3e6e4bde_chunk_0,doc_02690_3e6e4bde
2828,2828,doc_02691_13bfd2c3_chunk_0,doc_02691_13bfd2c3
2829,2829,doc_02692_6d97959e_chunk_0,doc_02692_6d97959e
2830,2830,doc_02693_1ba26c94_chunk_0,doc_02693_1ba26c94
2831,2831,doc_02694_41ad3e42_chunk_0,doc_02694_41ad3e42
2832,2832,doc_02695_3a7a49b5_chunk_0,doc_02695_3a7a49b5
2833,2833,doc_02696_6b42ef75_chunk_0,doc_02696_6b42ef75
2834,2834,doc_02697_97b1d42a_chunk_0,doc_02697_97b1d42a
2835,2835,doc_02698_ac762a41_chunk_0,doc_02698_ac762a41
2836,2836,doc_02699_9c7fb55a_chunk_0,doc_02699_9c7fb55a
2837,2837,doc_02700_7ff3852d_chunk_0,doc_02700_7ff3852d
2838,2838,doc_02701_d349f12f_chunk_0,doc_02701_d349f12f
2839,2839,doc_02702_7a34605c_chunk_0,doc_02702_7a34605c
2840,2840,doc_02703_3da90e8c_chunk_0,doc_02703_3da90e8c
2841,2841,doc_02704_590f0899_chunk_0,doc_02704_590f0899
2842,2842,doc_02705_a9cea434_chunk_0,doc_02705_a9cea434
2843,2843,doc_02706_9cacf2e5_chunk_0,doc_02706_9cacf2e5
2844,2844,doc_02707_06fa3ae3_chunk_0,doc_02707_06fa3ae3
2845,2845,doc_02708_992783ec_chunk_0,doc_02708_992783ec
2846,2846,doc_02709_094a6636_chunk_0,doc_02709_094a6636
2847,2847,doc_02710_2fe057ba_chunk_0,doc_02710_2fe057ba
2848,2848,doc_02711_b92eb2d4_chunk_0,doc_02711_b92eb2d4
2849,2849,doc_02712_dd972578_chunk_0,doc_02712_dd972578
2850,2850,doc_02713_75e66f52_chunk_0,doc_02713_75e66f52
2851,2851,doc_02714_1ea3441a_chunk_0,doc_02714_1ea3441a
2852,2852,doc_02715_5e4bcd8a_chunk_0,doc_02715_5e4bcd8a
2853,2853,doc_02716_b2f2f5bf_chunk_0,doc_02716_b2f2f5bf
2854,2854,doc_02717_40b2bd2a_chunk_0,doc_02717_40b2bd2a
2855,2855,doc_02718_983b6af5_chunk_0,doc_02718_983b6af5
2856,2856,doc_02719_2731c2e9_chunk_0,doc_02719_2731c2e9
2857,2857,doc_02719_2731c2e9_chunk_1,doc_02719_2731c2e9
2858,2858,doc_02720_81e81b58_chunk_0,doc_02720_81e81b58
2859,2859,doc_02721_9d33c82e_chunk_0,doc_02721_9d33c82e
2860,2860,doc_02722_9850b25e_chunk_0,doc_02722_9850b25e
2861,2861,doc_02723_63e78af4_chunk_0,doc_02723_63e78af4
2862,2862,doc_02723_63e78af4_chunk_1,doc_02723_63e78af4
2863,2863,doc_02724_13f55968_chunk_0,doc_02724_13f55968
2864,2864,doc_02725_69710f3b_chunk_0,doc_02725_69710f3b
2865,2865,doc_02726_be433159_chunk_0,doc_02726_be433159
2866,2866,doc_02727_4e15eb25_chunk_0,doc_02727_4e15eb25
2867,2867,doc_02728_95bab1d3_chunk_0,doc_02728_95bab1d3
2868,2868,doc_02729_94ecad65_chunk_0,doc_02729_94ecad65
2869,2869,doc_02730_1ed2dff1_chunk_0,doc_02730_1ed2dff1
2870,2870,doc_02731_452664e8_chunk_0,doc_02731_452664e8
2871,2871,doc_02732_89aef2e0_chunk_0,doc_02732_89aef2e0
2872,2872,doc_02733_a9d1ef27_chunk_0,doc_02733_a9d1ef27
2873,2873,doc_02734_711195b3_chunk_0,doc_02734_711195b3
2874,2874,doc_02735_d1e23291_chunk_0,doc_02735_d1e23291
2875,2875,doc_02736_7b73adac_chunk_0,doc_02736_7b73adac
2876,2876,doc_02737_124b2bc2_chunk_0,doc_02737_124b2bc2
2877,2877,doc_02738_1e128421_chunk_0,doc_02738_1e128421
2878,2878,doc_02739_15e65849_chunk_0,doc_02739_15e65849
2879,2879,doc_02740_ac2289d7_chunk_0,doc_02740_ac2289d7
2880,2880,doc_02741_467ba967_chunk_0,doc_02741_467ba967
2881,2881,doc_02742_95b8a3ee_chunk_0,doc_02742_95b8a3ee
2882,2882,doc_02743_887cc92f_chunk_0,doc_02743_887cc92f
2883,2883,doc_02744_1a2e996c_chunk_0,doc_02744_1a2e996c
2884,2884,doc_02745_ceccf95b_chunk_0,doc_02745_ceccf95b
2885,2885,doc_02746_3801f7dc_chunk_0,doc_02746_3801f7dc
2886,2886,doc_02747_38a13d4f_chunk_0,doc_02747_38a13d4f
2887,2887,doc_02748_e211851c_chunk_0,doc_02748_e211851c
2888,2888,doc_02749_99c83c82_chunk_0,doc_02749_99c83c82
2889,2889,doc_02750_a4ab13cf_chunk_0,doc_02750_a4ab13cf
2890,2890,doc_02751_bbc65fd7_chunk_0,doc_02751_bbc65fd7
2891,2891,doc_02752_8867d643_chunk_0,doc_02752_8867d643
2892,2892,doc_02753_eafaf837_chunk_0,doc_02753_eafaf837
2893,2893,doc_02754_14235a26_chunk_0,doc_02754_14235a26
2894,2894,doc_02755_83c4355d_chunk_0,doc_02755_83c4355d
2895,2895,doc_02756_70155bd0_chunk_0,doc_02756_70155bd0
2896,2896,doc_02757_84111e80_chunk_0,doc_02757_84111e80
2897,2897,doc_02758_37148741_chunk_0,doc_02758_37148741
2898,2898,doc_02759_2b3edb45_chunk_0,doc_02759_2b3edb45
2899,2899,doc_02760_c238f523_chunk_0,doc_02760_c238f523
2900,2900,doc_02761_3e7654eb_chunk_0,doc_02761_3e7654eb
2901,2901,doc_02762_bfb2f2ab_chunk_0,doc_02762_bfb2f2ab
2902,2902,doc_02763_4e5b6017_chunk_0,doc_02763_4e5b6017
2903,2903,doc_02764_6b68afe7_chunk_0,doc_02764_6b68afe7
2904,2904,doc_02765_c8c31181_chunk_0,doc_02765_c8c31181
2905,2905,doc_02766_d5f7f350_chunk_0,doc_02766_d5f7f350
2906,2906,doc_02767_b75e04ce_chunk_0,doc_02767_b75e04ce
2907,2907,doc_02768_ccaf8333_chunk_0,doc_02768_ccaf8333
2908,2908,doc_02769_58722f72_chunk_0,doc_02769_58722f72
2909,2909,doc_02770_11bf0104_chunk_0,doc_02770_11bf0104
2910,2910,doc_02771_4b7c61ce_chunk_0,doc_02771_4b7c61ce
2911,2911,doc_02772_ad546c4b_chunk_0,doc_02772_ad546c4b
2912,2912,doc_02773_0237a598_chunk_0,doc_02773_0237a598
2913,2913,doc_02774_bb6d7ed3_chunk_0,doc_02774_bb6d7ed3
2914,2914,doc_02775_67ac75fc_chunk_0,doc_02775_67ac75fc
2915,2915,doc_02776_9679077c_chunk_0,doc_02776_9679077c
2916,2916,doc_02777_bfcfd4d9_chunk_0,doc_02777_bfcfd4d9
2917,2917,doc_02778_a8dc5e80_chunk_0,doc_02778_a8dc5e80
2918,2918,doc_02779_f7415a9b_chunk_0,doc_02779_f7415a9b
2919,2919,doc_02780_b61a345a_chunk_0,doc_02780_b61a345a
2920,2920,doc_02781_8e2bc3f0_chunk_0,doc_02781_8e2bc3f0
2921,2921,doc_02782_b36b608c_chunk_0,doc_02782_b36b608c
2922,2922,doc_02783_fe9d1ecd_chunk_0,doc_02783_fe9d1ecd
2923,2923,doc_02784_fefa80d1_chunk_0,doc_02784_fefa80d1
2924,2924,doc_02785_a2c83b25_chunk_0,doc_02785_a2c83b25
2925,2925,doc_02786_93b2f381_chunk_0,doc_02786_93b2f381
2926,2926,doc_02787_20e5b8b2_chunk_0,doc_02787_20e5b8b2
2927,2927,doc_02788_91afd65f_chunk_0,doc_02788_91afd65f
2928,2928,doc_02789_1992a006_chunk_0,doc_02789_1992a006
2929,2929,doc_02790_aa599d51_chunk_0,doc_02790_aa599d51
2930,2930,doc_02791_36cdac45_chunk_0,doc_02791_36cdac45
2931,2931,doc_02792_c6b853b8_chunk_0,doc_02792_c6b853b8
2932,2932,doc_02793_bd7685e9_chunk_0,doc_02793_bd7685e9
2933,2933,doc_02794_800744db_chunk_0,doc_02794_800744db
2934,2934,doc_02795_1ed903d7_chunk_0,doc_02795_1ed903d7
2935,2935,doc_02796_5e311f9b_chunk_0,doc_02796_5e311f9b
2936,2936,doc_02797_5d38fd5f_chunk_0,doc_02797_5d38fd5f
2937,2937,doc_02798_32eefdce_chunk_0,doc_02798_32eefdce
2938,2938,doc_02799_13415a38_chunk_0,doc_02799_13415a38
2939,2939,doc_02800_2e4bab02_chunk_0,doc_02800_2e4bab02
2940,2940,doc_02801_a3c705aa_chunk_0,doc_02801_a3c705aa
2941,2941,doc_02802_4cf07211_chunk_0,doc_02802_4cf07211
2942,2942,doc_02803_651fd282_chunk_0,doc_02803_651fd282
2943,2943,doc_02804_3a642d05_chunk_0,doc_02804_3a642d05
2944,2944,doc_02805_578b617d_chunk_0,doc_02805_578b617d
2945,2945,doc_02806_55c02a0a_chunk_0,doc_02806_55c02a0a
2946,2946,doc_02807_bfc6945e_chunk_0,doc_02807_bfc6945e
2947,2947,doc_02808_8bed4432_chunk_0,doc_02808_8bed4432
2948,2948,doc_02809_67c1753a_chunk_0,doc_02809_67c1753a
2949,2949,doc_02810_8589e793_chunk_0,doc_02810_8589e793
2950,2950,doc_02811_24d4f45e_chunk_0,doc_02811_24d4f45e
2951,2951,doc_02812_51a178b4_chunk_0,doc_02812_51a178b4
2952,2952,doc_02813_91170630_chunk_0,doc_02813_91170630
2953,2953,doc_02814_0f3ec739_chunk_0,doc_02814_0f3ec739
2954,2954,doc_02815_539667b0_chunk_0,doc_02815_539667b0
2955,2955,doc_02816_01ddec86_chunk_0,doc_02816_01ddec86
2956,2956,doc_02817_73764c6d_chunk_0,doc_02817_73764c6d
2957,2957,doc_02818_2a08821f_chunk_0,doc_02818_2a08821f
2958,2958,doc_02819_cb7a4bec_chunk_0,doc_02819_cb7a4bec
2959,2959,doc_02820_84961508_chunk_0,doc_02820_84961508
2960,2960,doc_02821_bb123c7a_chunk_0,doc_02821_bb123c7a
2961,2961,doc_02822_4af323fa_chunk_0,doc_02822_4af323fa
2962,2962,doc_02823_2a22c5ae_chunk_0,doc_02823_2a22c5ae
2963,2963,doc_02824_e8659361_chunk_0,doc_02824_e8659361
2964,2964,doc_02825_91b12090_chunk_0,doc_02825_91b12090
2965,2965,doc_02826_b113fb89_chunk_0,doc_02826_b113fb89
2966,2966,doc_02827_0493cc33_chunk_0,doc_02827_0493cc33
2967,2967,doc_02828_bcda1e31_chunk_0,doc_02828_bcda1e31
2968,2968,doc_02829_cc729bc1_chunk_0,doc_02829_cc729bc1
2969,2969,doc_02830_6d04171b_chunk_0,doc_02830_6d04171b
2970,2970,doc_02831_b12d69e9_chunk_0,doc_02831_b12d69e9
2971,2971,doc_02832_98dd7db2_chunk_0,doc_02832_98dd7db2
2972,2972,doc_02833_1a0db0ae_chunk_0,doc_02833_1a0db0ae
2973,2973,doc_02834_dbf9f77d_chunk_0,doc_02834_dbf9f77d
2974,2974,doc_02835_2fd3334a_chunk_0,doc_02835_2fd3334a
2975,2975,doc_02836_ab702ec9_chunk_0,doc_02836_ab702ec9
2976,2976,doc_02837_2c6493cd_chunk_0,doc_02837_2c6493cd
2977,2977,doc_02838_905571f2_chunk_0,doc_02838_905571f2
2978,2978,doc_02839_fba76fc5_chunk_0,doc_02839_fba76fc5
2979,2979,doc_02840_edc9813f_chunk_0,doc_02840_edc9813f
2980,2980,doc_02841_f9bd17df_chunk_0,doc_02841_f9bd17df
2981,2981,doc_02842_91d7b26d_chunk_0,doc_02842_91d7b26d
2982,2982,doc_02843_b89050c2_chunk_0,doc_02843_b89050c2
2983,2983,doc_02844_10a66064_chunk_0,doc_02844_10a66064
2984,2984,doc_02845_c9ddbbc7_chunk_0,doc_02845_c9ddbbc7
2985,2985,doc_02846_a0b58bfe_chunk_0,doc_02846_a0b58bfe
2986,2986,doc_02847_386256aa_chunk_0,doc_02847_386256aa
2987,2987,doc_02848_97fe35c8_chunk_0,doc_02848_97fe35c8
2988,2988,doc_02849_70bc96a5_chunk_0,doc_02849_70bc96a5
2989,2989,doc_02850_1204f447_chunk_0,doc_02850_1204f447
2990,2990,doc_02851_b6b2ad26_chunk_0,doc_02851_b6b2ad26
2991,2991,doc_02852_92d235fe_chunk_0,doc_02852_92d235fe
2992,2992,doc_02853_c558bcb3_chunk_0,doc_02853_c558bcb3
2993,2993,doc_02854_b9eef355_chunk_0,doc_02854_b9eef355
2994,2994,doc_02855_3aa94b95_chunk_0,doc_02855_3aa94b95
2995,2995,doc_02856_01c2bf1d_chunk_0,doc_02856_01c2bf1d
2996,2996,doc_02857_6ae97dd6_chunk_0,doc_02857_6ae97dd6
2997,2997,doc_02858_c8d03b3b_chunk_0,doc_02858_c8d03b3b
2998,2998,doc_02859_7505ee90_chunk_0,doc_02859_7505ee90
2999,2999,doc_02860_41a28b9c_chunk_0,doc_02860_41a28b9c
3000,3000,doc_02861_7406559a_chunk_0,doc_02861_7406559a
3001,3001,doc_02862_07480e65_chunk_0,doc_02862_07480e65
3002,3002,doc_02863_0bb49183_chunk_0,doc_02863_0bb49183
3003,3003,doc_02864_1544028c_chunk_0,doc_02864_1544028c
3004,3004,doc_02865_8a25d116_chunk_0,doc_02865_8a25d116
3005,3005,doc_02866_7c84d104_chunk_0,doc_02866_7c84d104
3006,3006,doc_02867_ff7de14e_chunk_0,doc_02867_ff7de14e
3007,3007,doc_02868_267f253e_chunk_0,doc_02868_267f253e
3008,3008,doc_02869_4f093184_chunk_0,doc_02869_4f093184
3009,3009,doc_02870_1ecd1d88_chunk_0,doc_02870_1ecd1d88
3010,3010,doc_02871_1d2956b7_chunk_0,doc_02871_1d2956b7
3011,3011,doc_02872_384752e7_chunk_0,doc_02872_384752e7
3012,3012,doc_02873_cffda37d_chunk_0,doc_02873_cffda37d
3013,3013,doc_02874_994388a7_chunk_0,doc_02874_994388a7
3014,3014,doc_02875_ae9dbd58_chunk_0,doc_02875_ae9dbd58
3015,3015,doc_02876_d60596e9_chunk_0,doc_02876_d60596e9
3016,3016,doc_02877_5e497024_chunk_0,doc_02877_5e497024
3017,3017,doc_02878_a6f4c9a4_chunk_0,doc_02878_a6f4c9a4
3018,3018,doc_02879_05e20151_chunk_0,doc_02879_05e20151
3019,3019,doc_02880_bf091069_chunk_0,doc_02880_bf091069
3020,3020,doc_02881_d8dce5c3_chunk_0,doc_02881_d8dce5c3
3021,3021,doc_02882_9ff7237b_chunk_0,doc_02882_9ff7237b
3022,3022,doc_02883_4e94e176_chunk_0,doc_02883_4e94e176
3023,3023,doc_02884_7eb40706_chunk_0,doc_02884_7eb40706
3024,3024,doc_02885_47e69609_chunk_0,doc_02885_47e69609
3025,3025,doc_02886_174986d8_chunk_0,doc_02886_174986d8
3026,3026,doc_02887_6aa61b3c_chunk_0,doc_02887_6aa61b3c
3027,3027,doc_02888_32dfbf1a_chunk_0,doc_02888_32dfbf1a
3028,3028,doc_02889_c288d39a_chunk_0,doc_02889_c288d39a
3029,3029,doc_02890_df1e87fa_chunk_0,doc_02890_df1e87fa
3030,3030,doc_02891_a733da44_chunk_0,doc_02891_a733da44
3031,3031,doc_02892_0b9e33ae_chunk_0,doc_02892_0b9e33ae
3032,3032,doc_02893_25d7d4d7_chunk_0,doc_02893_25d7d4d7
3033,3033,doc_02894_2d18f0f1_chunk_0,doc_02894_2d18f0f1
3034,3034,doc_02895_c0066ce4_chunk_0,doc_02895_c0066ce4
3035,3035,doc_02896_f87ad34e_chunk_0,doc_02896_f87ad34e
3036,3036,doc_02897_ea6f441c_chunk_0,doc_02897_ea6f441c
3037,3037,doc_02898_b82bf8fc_chunk_0,doc_02898_b82bf8fc
3038,3038,doc_02899_5b481d6e_chunk_0,doc_02899_5b481d6e
3039,3039,doc_02900_e9af987e_chunk_0,doc_02900_e9af987e
3040,3040,doc_02901_0b83561d_chunk_0,doc_02901_0b83561d
3041,3041,doc_02902_e220332c_chunk_0,doc_02902_e220332c
3042,3042,doc_02903_589d7a66_chunk_0,doc_02903_589d7a66
3043,3043,doc_02904_172e28f0_chunk_0,doc_02904_172e28f0
3044,3044,doc_02905_3942cf76_chunk_0,doc_02905_3942cf76
3045,3045,doc_02906_c09b1fc4_chunk_0,doc_02906_c09b1fc4
3046,3046,doc_02907_85135229_chunk_0,doc_02907_85135229
3047,3047,doc_02908_ead6a6e4_chunk_0,doc_02908_ead6a6e4
3048,3048,doc_02909_1e45fb63_chunk_0,doc_02909_1e45fb63
3049,3049,doc_02910_eb6d6b2c_chunk_0,doc_02910_eb6d6b2c
3050,3050,doc_02911_f1ffb5df_chunk_0,doc_02911_f1ffb5df
3051,3051,doc_02912_f2abf5ba_chunk_0,doc_02912_f2abf5ba
3052,3052,doc_02913_0a9cfbae_chunk_0,doc_02913_0a9cfbae
3053,3053,doc_02914_57561dc6_chunk_0,doc_02914_57561dc6
3054,3054,doc_02915_124e6378_chunk_0,doc_02915_124e6378
3055,3055,doc_02916_cd95637e_chunk_0,doc_02916_cd95637e
3056,3056,doc_02917_3340e11e_chunk_0,doc_02917_3340e11e
3057,3057,doc_02918_7b545331_chunk_0,doc_02918_7b545331
3058,3058,doc_02919_8ea2a2b0_chunk_0,doc_02919_8ea2a2b0
3059,3059,doc_02920_277baa7e_chunk_0,doc_02920_277baa7e
3060,3060,doc_02921_5584e7b3_chunk_0,doc_02921_5584e7b3
3061,3061,doc_02922_d7d2dc85_chunk_0,doc_02922_d7d2dc85
3062,3062,doc_02923_919d659d_chunk_0,doc_02923_919d659d
3063,3063,doc_02924_24818b53_chunk_0,doc_02924_24818b53
3064,3064,doc_02925_9341507c_chunk_0,doc_02925_9341507c
3065,3065,doc_02926_aedaacef_chunk_0,doc_02926_aedaacef
3066,3066,doc_02927_0a16aae5_chunk_0,doc_02927_0a16aae5
3067,3067,doc_02928_ebc1149e_chunk_0,doc_02928_ebc1149e
3068,3068,doc_02929_a055b316_chunk_0,doc_02929_a055b316
3069,3069,doc_02930_68742745_chunk_0,doc_02930_68742745
3070,3070,doc_02931_97d45d0a_chunk_0,doc_02931_97d45d0a
3071,3071,doc_02932_48be4c4f_chunk_0,doc_02932_48be4c4f
3072,3072,doc_02933_5d816315_chunk_0,doc_02933_5d816315
3073,3073,doc_02934_8a3eb94d_chunk_0,doc_02934_8a3eb94d
3074,3074,doc_02935_a9178652_chunk_0,doc_02935_a9178652
3075,3075,doc_02936_d01c37a4_chunk_0,doc_02936_d01c37a4
3076,3076,doc_02937_e2d2652d_chunk_0,doc_02937_e2d2652d
3077,3077,doc_02938_6ba44300_chunk_0,doc_02938_6ba44300
3078,3078,doc_02939_39daa453_chunk_0,doc_02939_39daa453
3079,3079,doc_02940_b4b9ae18_chunk_0,doc_02940_b4b9ae18
3080,3080,doc_02941_a9b6d8df_chunk_0,doc_02941_a9b6d8df
3081,3081,doc_02942_0fd532e5_chunk_0,doc_02942_0fd532e5
3082,3082,doc_02943_fe1fb268_chunk_0,doc_02943_fe1fb268
3083,3083,doc_02944_75201233_chunk_0,doc_02944_75201233
3084,3084,doc_02945_71c15137_chunk_0,doc_02945_71c15137
3085,3085,doc_02946_6142dc65_chunk_0,doc_02946_6142dc65
3086,3086,doc_02947_86b79d33_chunk_0,doc_02947_86b79d33
3087,3087,doc_02948_20bc16df_chunk_0,doc_02948_20bc16df
3088,3088,doc_02949_99d01459_chunk_0,doc_02949_99d01459
3089,3089,doc_02950_e4fad6dd_chunk_0,doc_02950_e4fad6dd
3090,3090,doc_02951_70756791_chunk_0,doc_02951_70756791
3091,3091,doc_02952_2ae47492_chunk_0,doc_02952_2ae47492
3092,3092,doc_02953_9addf848_chunk_0,doc_02953_9addf848
3093,3093,doc_02954_35a156f3_chunk_0,doc_02954_35a156f3
3094,3094,doc_02955_0fe00ae9_chunk_0,doc_02955_0fe00ae9
3095,3095,doc_02956_890a29f8_chunk_0,doc_02956_890a29f8
3096,3096,doc_02957_b32aca22_chunk_0,doc_02957_b32aca22
3097,3097,doc_02958_3608e903_chunk_0,doc_02958_3608e903
3098,3098,doc_02959_bd785754_chunk_0,doc_02959_bd785754
3099,3099,doc_02960_1b42ff5d_chunk_0,doc_02960_1b42ff5d
3100,3100,doc_02961_4bba2829_chunk_0,doc_02961_4bba2829
3101,3101,doc_02962_cb9964a7_chunk_0,doc_02962_cb9964a7
3102,3102,doc_02963_70c512dd_chunk_0,doc_02963_70c512dd
3103,3103,doc_02964_7a21c8c6_chunk_0,doc_02964_7a21c8c6
3104,3104,doc_02965_39ad5aef_chunk_0,doc_02965_39ad5aef
3105,3105,doc_02966_ee7eb048_chunk_0,doc_02966_ee7eb048
3106,3106,doc_02967_83bbcf47_chunk_0,doc_02967_83bbcf47
3107,3107,doc_02968_1ea5c075_chunk_0,doc_02968_1ea5c075
3108,3108,doc_02969_4899005f_chunk_0,doc_02969_4899005f
3109,3109,doc_02970_7380bbef_chunk_0,doc_02970_7380bbef
3110,3110,doc_02971_8634be23_chunk_0,doc_02971_8634be23
3111,3111,doc_02972_04e00d76_chunk_0,doc_02972_04e00d76
3112,3112,doc_02973_613df6d5_chunk_0,doc_02973_613df6d5
3113,3113,doc_02974_f9997c24_chunk_0,doc_02974_f9997c24
3114,3114,doc_02975_f37321c2_chunk_0,doc_02975_f37321c2
3115,3115,doc_02976_531e9c15_chunk_0,doc_02976_531e9c15
3116,3116,doc_02977_32c5b2ea_chunk_0,doc_02977_32c5b2ea
3117,3117,doc_02978_46e9f096_chunk_0,doc_02978_46e9f096
3118,3118,doc_02979_8b19704d_chunk_0,doc_02979_8b19704d
3119,3119,doc_02979_8b19704d_chunk_1,doc_02979_8b19704d
3120,3120,doc_02980_d4d480f8_chunk_0,doc_02980_d4d480f8
3121,3121,doc_02981_567e2da9_chunk_0,doc_02981_567e2da9
3122,3122,doc_02982_0233ec35_chunk_0,doc_02982_0233ec35
3123,3123,doc_02983_dbdff321_chunk_0,doc_02983_dbdff321
3124,3124,doc_02983_dbdff321_chunk_1,doc_02983_dbdff321
3125,3125,doc_02984_2731c5ee_chunk_0,doc_02984_2731c5ee
3126,3126,doc_02985_84d833f9_chunk_0,doc_02985_84d833f9
3127,3127,doc_02986_4aea1239_chunk_0,doc_02986_4aea1239
3128,3128,doc_02987_acde547f_chunk_0,doc_02987_acde547f
3129,3129,doc_02988_8888f3ea_chunk_0,doc_02988_8888f3ea
3130,3130,doc_02989_83a1075c_chunk_0,doc_02989_83a1075c
3131,3131,doc_02990_8fc02973_chunk_0,doc_02990_8fc02973
3132,3132,doc_02991_aede76e7_chunk_0,doc_02991_aede76e7
3133,3133,doc_02992_9ccb31d7_chunk_0,doc_02992_9ccb31d7
3134,3134,doc_02993_10247dd8_chunk_0,doc_02993_10247dd8
3135,3135,doc_02994_c248a6c8_chunk_0,doc_02994_c248a6c8
3136,3136,doc_02995_ee2c2f83_chunk_0,doc_02995_ee2c2f83
3137,3137,doc_02996_883edd89_chunk_0,doc_02996_883edd89
3138,3138,doc_02997_8b40a9e2_chunk_0,doc_02997_8b40a9e2
3139,3139,doc_02998_a0c3f95a_chunk_0,doc_02998_a0c3f95a
3140,3140,doc_02998_a0c3f95a_chunk_1,doc_02998_a0c3f95a
3141,3141,doc_02999_3d639079_chunk_0,doc_02999_3d639079
3142,3142,doc_03000_6b64bb1d_chunk_0,doc_03000_6b64bb1d
3143,3143,doc_03001_914f47bf_chunk_0,doc_03001_914f47bf
3144,3144,doc_03002_db0ccc44_chunk_0,doc_03002_db0ccc44
3145,3145,doc_03003_84b3dd11_chunk_0,doc_03003_84b3dd11
3146,3146,doc_03004_31be4337_chunk_0,doc_03004_31be4337
3147,3147,doc_03005_a6291eb9_chunk_0,doc_03005_a6291eb9
3148,3148,doc_03006_fa090b99_chunk_0,doc_03006_fa090b99
3149,3149,doc_03007_089f74ec_chunk_0,doc_03007_089f74ec
3150,3150,doc_03008_0284ecbd_chunk_0,doc_03008_0284ecbd
3151,3151,doc_03009_e64de99a_chunk_0,doc_03009_e64de99a
3152,3152,doc_03010_315a9638_chunk_0,doc_03010_315a9638
3153,3153,doc_03011_aebe6c12_chunk_0,doc_03011_aebe6c12
3154,3154,doc_03012_c2c74228_chunk_0,doc_03012_c2c74228
3155,3155,doc_03013_418955c1_chunk_0,doc_03013_418955c1
3156,3156,doc_03014_cfcc0058_chunk_0,doc_03014_cfcc0058
3157,3157,doc_03015_7b99ca78_chunk_0,doc_03015_7b99ca78
3158,3158,doc_03016_18ed399a_chunk_0,doc_03016_18ed399a
3159,3159,doc_03017_60d6bb59_chunk_0,doc_03017_60d6bb59
3160,3160,doc_03018_564fc737_chunk_0,doc_03018_564fc737
3161,3161,doc_03019_c67a8866_chunk_0,doc_03019_c67a8866
3162,3162,doc_03020_d0b3d508_chunk_0,doc_03020_d0b3d508
3163,3163,doc_03021_4733f329_chunk_0,doc_03021_4733f329
3164,3164,doc_03022_00a385ff_chunk_0,doc_03022_00a385ff
3165,3165,doc_03023_7f4f33f5_chunk_0,doc_03023_7f4f33f5
3166,3166,doc_03024_0b637611_chunk_0,doc_03024_0b637611
3167,3167,doc_03025_b83b21cf_chunk_0,doc_03025_b83b21cf
3168,3168,doc_03026_76f754e6_chunk_0,doc_03026_76f754e6
3169,3169,doc_03027_fb53b5bd_chunk_0,doc_03027_fb53b5bd
3170,3170,doc_03028_6f385a4f_chunk_0,doc_03028_6f385a4f
3171,3171,doc_03029_ea4aa4fe_chunk_0,doc_03029_ea4aa4fe
3172,3172,doc_03030_934757cf_chunk_0,doc_03030_934757cf
3173,3173,doc_03031_49c09bbd_chunk_0,doc_03031_49c09bbd
3174,3174,doc_03032_ba39ce1d_chunk_0,doc_03032_ba39ce1d
3175,3175,doc_03033_9fd0ab9b_chunk_0,doc_03033_9fd0ab9b
3176,3176,doc_03034_6715b5c5_chunk_0,doc_03034_6715b5c5
3177,3177,doc_03035_236a33e2_chunk_0,doc_03035_236a33e2
3178,3178,doc_03036_5028bdd0_chunk_0,doc_03036_5028bdd0
3179,3179,doc_03037_1cbd78e7_chunk_0,doc_03037_1cbd78e7
3180,3180,doc_03038_56ec0446_chunk_0,doc_03038_56ec0446
3181,3181,doc_03039_39529eb6_chunk_0,doc_03039_39529eb6
3182,3182,doc_03040_09435a9d_chunk_0,doc_03040_09435a9d
3183,3183,doc_03041_b79377e9_chunk_0,doc_03041_b79377e9
3184,3184,doc_03042_55dc6bf6_chunk_0,doc_03042_55dc6bf6
3185,3185,doc_03043_70e869cb_chunk_0,doc_03043_70e869cb
3186,3186,doc_03044_58b7e455_chunk_0,doc_03044_58b7e455
3187,3187,doc_03045_cdd3a6aa_chunk_0,doc_03045_cdd3a6aa
3188,3188,doc_03046_1afafe7c_chunk_0,doc_03046_1afafe7c
3189,3189,doc_03047_4fac53aa_chunk_0,doc_03047_4fac53aa
3190,3190,doc_03048_4834787a_chunk_0,doc_03048_4834787a
3191,3191,doc_03049_ee55af1e_chunk_0,doc_03049_ee55af1e
3192,3192,doc_03050_4dd56979_chunk_0,doc_03050_4dd56979
3193,3193,doc_03051_ccce2040_chunk_0,doc_03051_ccce2040
3194,3194,doc_03052_486609ad_chunk_0,doc_03052_486609ad
3195,3195,doc_03053_a4ad06c6_chunk_0,doc_03053_a4ad06c6
3196,3196,doc_03054_174aa3ed_chunk_0,doc_03054_174aa3ed
3197,3197,doc_03055_6cd0a6b0_chunk_0,doc_03055_6cd0a6b0
3198,3198,doc_03056_718959d2_chunk_0,doc_03056_718959d2
3199,3199,doc_03057_22a0177b_chunk_0,doc_03057_22a0177b
3200,3200,doc_03058_b510820a_chunk_0,doc_03058_b510820a
3201,3201,doc_03059_ba4e6ec3_chunk_0,doc_03059_ba4e6ec3
3202,3202,doc_03060_c5c2df7a_chunk_0,doc_03060_c5c2df7a
3203,3203,doc_03061_1232cd19_chunk_0,doc_03061_1232cd19
3204,3204,doc_03062_62855c2d_chunk_0,doc_03062_62855c2d
3205,3205,doc_03063_e54faba6_chunk_0,doc_03063_e54faba6
3206,3206,doc_03064_505c361e_chunk_0,doc_03064_505c361e
3207,3207,doc_03065_3b603ab2_chunk_0,doc_03065_3b603ab2
3208,3208,doc_03066_1be16cf4_chunk_0,doc_03066_1be16cf4
3209,3209,doc_03067_e6f5ec00_chunk_0,doc_03067_e6f5ec00
3210,3210,doc_03068_5525925e_chunk_0,doc_03068_5525925e
3211,3211,doc_03069_575bd1f4_chunk_0,doc_03069_575bd1f4
3212,3212,doc_03070_cbc3c0c6_chunk_0,doc_03070_cbc3c0c6
3213,3213,doc_03071_54259dfb_chunk_0,doc_03071_54259dfb
3214,3214,doc_03072_439c53ff_chunk_0,doc_03072_439c53ff
3215,3215,doc_03073_5c73033d_chunk_0,doc_03073_5c73033d
3216,3216,doc_03074_36cce4b5_chunk_0,doc_03074_36cce4b5
3217,3217,doc_03075_1e98113a_chunk_0,doc_03075_1e98113a
3218,3218,doc_03076_6143e0b4_chunk_0,doc_03076_6143e0b4
3219,3219,doc_03077_df34e3d1_chunk_0,doc_03077_df34e3d1
3220,3220,doc_03078_28a24e94_chunk_0,doc_03078_28a24e94
3221,3221,doc_03079_2ab4d4cc_chunk_0,doc_03079_2ab4d4cc
3222,3222,doc_03080_eb402214_chunk_0,doc_03080_eb402214
3223,3223,doc_03081_4435a2ec_chunk_0,doc_03081_4435a2ec
3224,3224,doc_03082_108d0d53_chunk_0,doc_03082_108d0d53
3225,3225,doc_03083_271b93f2_chunk_0,doc_03083_271b93f2
3226,3226,doc_03084_0a190470_chunk_0,doc_03084_0a190470
3227,3227,doc_03085_1a55852d_chunk_0,doc_03085_1a55852d
3228,3228,doc_03086_1c57ff28_chunk_0,doc_03086_1c57ff28
3229,3229,doc_03087_e60f62f5_chunk_0,doc_03087_e60f62f5
3230,3230,doc_03088_f1ab211e_chunk_0,doc_03088_f1ab211e
3231,3231,doc_03089_05124a8e_chunk_0,doc_03089_05124a8e
3232,3232,doc_03090_9ae8d94f_chunk_0,doc_03090_9ae8d94f
3233,3233,doc_03091_a8a8e157_chunk_0,doc_03091_a8a8e157
3234,3234,doc_03092_507a9389_chunk_0,doc_03092_507a9389
3235,3235,doc_03093_6c60e45c_chunk_0,doc_03093_6c60e45c
3236,3236,doc_03094_d5d6648e_chunk_0,doc_03094_d5d6648e
3237,3237,doc_03095_5bdbe4f8_chunk_0,doc_03095_5bdbe4f8
3238,3238,doc_03096_67b13e72_chunk_0,doc_03096_67b13e72
3239,3239,doc_03097_d60416c4_chunk_0,doc_03097_d60416c4
3240,3240,doc_03098_ef8c6e26_chunk_0,doc_03098_ef8c6e26
3241,3241,doc_03099_83a6bf10_chunk_0,doc_03099_83a6bf10
3242,3242,doc_03100_11eeba0b_chunk_0,doc_03100_11eeba0b
3243,3243,doc_03101_6ff41ad7_chunk_0,doc_03101_6ff41ad7
3244,3244,doc_03102_116068d5_chunk_0,doc_03102_116068d5
3245,3245,doc_03103_704fd5b5_chunk_0,doc_03103_704fd5b5
3246,3246,doc_03104_2650560d_chunk_0,doc_03104_2650560d
3247,3247,doc_03105_043bde60_chunk_0,doc_03105_043bde60
3248,3248,doc_03106_c42fd3a1_chunk_0,doc_03106_c42fd3a1
3249,3249,doc_03107_ddb40da6_chunk_0,doc_03107_ddb40da6
3250,3250,doc_03108_a5e0f6d0_chunk_0,doc_03108_a5e0f6d0
3251,3251,doc_03109_e95a3383_chunk_0,doc_03109_e95a3383
3252,3252,doc_03110_7f36f1f8_chunk_0,doc_03110_7f36f1f8
3253,3253,doc_03111_e4afd7f4_chunk_0,doc_03111_e4afd7f4
3254,3254,doc_03112_0c18ba00_chunk_0,doc_03112_0c18ba00
3255,3255,doc_03113_a714c853_chunk_0,doc_03113_a714c853
3256,3256,doc_03114_41fff919_chunk_0,doc_03114_41fff919
3257,3257,doc_03115_d7161a7a_chunk_0,doc_03115_d7161a7a
3258,3258,doc_03116_de75b75e_chunk_0,doc_03116_de75b75e
3259,3259,doc_03117_af108afe_chunk_0,doc_03117_af108afe
3260,3260,doc_03118_d942e74c_chunk_0,doc_03118_d942e74c
3261,3261,doc_03119_1b004474_chunk_0,doc_03119_1b004474
3262,3262,doc_03120_8d591998_chunk_0,doc_03120_8d591998
3263,3263,doc_03121_23daa93c_chunk_0,doc_03121_23daa93c
3264,3264,doc_03122_930e5a28_chunk_0,doc_03122_930e5a28
3265,3265,doc_03123_522c8c11_chunk_0,doc_03123_522c8c11
3266,3266,doc_03124_f9a06e6e_chunk_0,doc_03124_f9a06e6e
3267,3267,doc_03125_7478c0c6_chunk_0,doc_03125_7478c0c6
3268,3268,doc_03126_d41a35b8_chunk_0,doc_03126_d41a35b8
3269,3269,doc_03127_7b6d8ea9_chunk_0,doc_03127_7b6d8ea9
3270,3270,doc_03128_546fc218_chunk_0,doc_03128_546fc218
3271,3271,doc_03129_a1db8424_chunk_0,doc_03129_a1db8424
3272,3272,doc_03130_f05e59f6_chunk_0,doc_03130_f05e59f6
3273,3273,doc_03131_c46bbb8e_chunk_0,doc_03131_c46bbb8e
3274,3274,doc_03132_e0df77f4_chunk_0,doc_03132_e0df77f4
3275,3275,doc_03133_06f4ef76_chunk_0,doc_03133_06f4ef76
3276,3276,doc_03134_5264dfdf_chunk_0,doc_03134_5264dfdf
3277,3277,doc_03135_29999ab4_chunk_0,doc_03135_29999ab4
3278,3278,doc_03136_b720b0db_chunk_0,doc_03136_b720b0db
3279,3279,doc_03137_79bf2110_chunk_0,doc_03137_79bf2110
3280,3280,doc_03138_de25e4ad_chunk_0,doc_03138_de25e4ad
3281,3281,doc_03139_cc0cafa8_chunk_0,doc_03139_cc0cafa8
3282,3282,doc_03140_0cc20237_chunk_0,doc_03140_0cc20237
3283,3283,doc_03141_bbef0209_chunk_0,doc_03141_bbef0209
3284,3284,doc_03142_e6428e47_chunk_0,doc_03142_e6428e47
3285,3285,doc_03143_a0dc8deb_chunk_0,doc_03143_a0dc8deb
3286,3286,doc_03144_29f96679_chunk_0,doc_03144_29f96679
3287,3287,doc_03145_bbe6fec4_chunk_0,doc_03145_bbe6fec4
3288,3288,doc_03146_e2d87c2d_chunk_0,doc_03146_e2d87c2d
3289,3289,doc_03147_723ca635_chunk_0,doc_03147_723ca635
3290,3290,doc_03148_6349697a_chunk_0,doc_03148_6349697a
3291,3291,doc_03149_5cafd5bc_chunk_0,doc_03149_5cafd5bc
3292,3292,doc_03150_03eb7bc0_chunk_0,doc_03150_03eb7bc0
3293,3293,doc_03151_a0c068d4_chunk_0,doc_03151_a0c068d4
3294,3294,doc_03152_cd5a671a_chunk_0,doc_03152_cd5a671a
3295,3295,doc_03153_a87dd6b0_chunk_0,doc_03153_a87dd6b0
3296,3296,doc_03154_b9f7a58d_chunk_0,doc_03154_b9f7a58d
3297,3297,doc_03155_63f1ee1d_chunk_0,doc_03155_63f1ee1d
3298,3298,doc_03156_4783e4b5_chunk_0,doc_03156_4783e4b5
3299,3299,doc_03157_6ed76376_chunk_0,doc_03157_6ed76376
3300,3300,doc_03158_c60a6eb9_chunk_0,doc_03158_c60a6eb9
3301,3301,doc_03159_ee5d9251_chunk_0,doc_03159_ee5d9251
3302,3302,doc_03160_f4e68878_chunk_0,doc_03160_f4e68878
3303,3303,doc_03161_e40ffaa3_chunk_0,doc_03161_e40ffaa3
3304,3304,doc_03162_1f079c00_chunk_0,doc_03162_1f079c00
3305,3305,doc_03163_d03e9c76_chunk_0,doc_03163_d03e9c76
3306,3306,doc_03164_b7d0cd17_chunk_0,doc_03164_b7d0cd17
3307,3307,doc_03165_b59fb545_chunk_0,doc_03165_b59fb545
3308,3308,doc_03166_a6ed1cbf_chunk_0,doc_03166_a6ed1cbf
3309,3309,doc_03167_76e4f74d_chunk_0,doc_03167_76e4f74d
3310,3310,doc_03168_980bb1a1_chunk_0,doc_03168_980bb1a1
3311,3311,doc_03169_3e2c0efe_chunk_0,doc_03169_3e2c0efe
3312,3312,doc_03170_644b3147_chunk_0,doc_03170_644b3147
3313,3313,doc_03171_439e5dda_chunk_0,doc_03171_439e5dda
3314,3314,doc_03172_b5a4a14c_chunk_0,doc_03172_b5a4a14c
3315,3315,doc_03173_48137526_chunk_0,doc_03173_48137526
3316,3316,doc_03174_4d90ed26_chunk_0,doc_03174_4d90ed26
3317,3317,doc_03175_3eeca616_chunk_0,doc_03175_3eeca616
3318,3318,doc_03176_fb6d837b_chunk_0,doc_03176_fb6d837b
3319,3319,doc_03177_cc8dfbc5_chunk_0,doc_03177_cc8dfbc5
3320,3320,doc_03177_cc8dfbc5_chunk_1,doc_03177_cc8dfbc5
3321,3321,doc_03178_d5983aa0_chunk_0,doc_03178_d5983aa0
3322,3322,doc_03178_d5983aa0_chunk_1,doc_03178_d5983aa0
3323,3323,doc_03179_5aa96830_chunk_0,doc_03179_5aa96830
3324,3324,doc_03179_5aa96830_chunk_1,doc_03179_5aa96830
3325,3325,doc_03180_659aaf57_chunk_0,doc_03180_659aaf57
3326,3326,doc_03181_dbe40409_chunk_0,doc_03181_dbe40409
3327,3327,doc_03182_602355ed_chunk_0,doc_03182_602355ed
3328,3328,doc_03183_32baea7e_chunk_0,doc_03183_32baea7e
3329,3329,doc_03183_32baea7e_chunk_1,doc_03183_32baea7e
3330,3330,doc_03184_5a739c3a_chunk_0,doc_03184_5a739c3a
3331,3331,doc_03185_68a87826_chunk_0,doc_03185_68a87826
3332,3332,doc_03186_1d4b69b7_chunk_0,doc_03186_1d4b69b7
3333,3333,doc_03187_1970150b_chunk_0,doc_03187_1970150b
3334,3334,doc_03188_5a9ce81c_chunk_0,doc_03188_5a9ce81c
3335,3335,doc_03189_0236c0de_chunk_0,doc_03189_0236c0de
3336,3336,doc_03190_339e4853_chunk_0,doc_03190_339e4853
3337,3337,doc_03191_21ab60d4_chunk_0,doc_03191_21ab60d4
3338,3338,doc_03192_9672e8cf_chunk_0,doc_03192_9672e8cf
3339,3339,doc_03192_9672e8cf_chunk_1,doc_03192_9672e8cf
3340,3340,doc_03193_83d0b0f0_chunk_0,doc_03193_83d0b0f0
3341,3341,doc_03194_5a1945d5_chunk_0,doc_03194_5a1945d5
3342,3342,doc_03195_323d7a2f_chunk_0,doc_03195_323d7a2f
3343,3343,doc_03196_77173e43_chunk_0,doc_03196_77173e43
3344,3344,doc_03197_a1dff850_chunk_0,doc_03197_a1dff850
3345,3345,doc_03198_c153aa7e_chunk_0,doc_03198_c153aa7e
3346,3346,doc_03199_836d58e4_chunk_0,doc_03199_836d58e4
3347,3347,doc_03200_95d6cede_chunk_0,doc_03200_95d6cede
3348,3348,doc_03201_7fd14cdb_chunk_0,doc_03201_7fd14cdb
3349,3349,doc_03202_b21af9ef_chunk_0,doc_03202_b21af9ef
3350,3350,doc_03203_beaed08c_chunk_0,doc_03203_beaed08c
3351,3351,doc_03204_9b52ecb6_chunk_0,doc_03204_9b52ecb6
3352,3352,doc_03205_a8cd38ad_chunk_0,doc_03205_a8cd38ad
3353,3353,doc_03206_a4f9569b_chunk_0,doc_03206_a4f9569b
3354,3354,doc_03207_f0adae9e_chunk_0,doc_03207_f0adae9e
3355,3355,doc_03208_38d58da2_chunk_0,doc_03208_38d58da2
3356,3356,doc_03209_cd79b072_chunk_0,doc_03209_cd79b072
3357,3357,doc_03210_38548853_chunk_0,doc_03210_38548853
3358,3358,doc_03211_f96c66d8_chunk_0,doc_03211_f96c66d8
3359,3359,doc_03212_653ac3f8_chunk_0,doc_03212_653ac3f8
3360,3360,doc_03213_6ba28c58_chunk_0,doc_03213_6ba28c58
3361,3361,doc_03214_e8516cae_chunk_0,doc_03214_e8516cae
3362,3362,doc_03215_615d5e98_chunk_0,doc_03215_615d5e98
3363,3363,doc_03216_9dae28ed_chunk_0,doc_03216_9dae28ed
3364,3364,doc_03217_92697033_chunk_0,doc_03217_92697033
3365,3365,doc_03218_486b3334_chunk_0,doc_03218_486b3334
3366,3366,doc_03219_2fc6ad17_chunk_0,doc_03219_2fc6ad17
3367,3367,doc_03220_29354699_chunk_0,doc_03220_29354699
3368,3368,doc_03221_dd7a4517_chunk_0,doc_03221_dd7a4517
3369,3369,doc_03222_5b16f81f_chunk_0,doc_03222_5b16f81f
3370,3370,doc_03223_33ff0c44_chunk_0,doc_03223_33ff0c44
3371,3371,doc_03224_c64ddc8f_chunk_0,doc_03224_c64ddc8f
3372,3372,doc_03225_d9ca8011_chunk_0,doc_03225_d9ca8011
3373,3373,doc_03225_d9ca8011_chunk_1,doc_03225_d9ca8011
3374,3374,doc_03226_b32ef11e_chunk_0,doc_03226_b32ef11e
3375,3375,doc_03227_53762789_chunk_0,doc_03227_53762789
3376,3376,doc_03228_3b49a65a_chunk_0,doc_03228_3b49a65a
3377,3377,doc_03229_cfc04f2d_chunk_0,doc_03229_cfc04f2d
3378,3378,doc_03230_86e035b3_chunk_0,doc_03230_86e035b3
3379,3379,doc_03231_59f7db46_chunk_0,doc_03231_59f7db46
3380,3380,doc_03232_6a00fddc_chunk_0,doc_03232_6a00fddc
3381,3381,doc_03233_64bc48a7_chunk_0,doc_03233_64bc48a7
3382,3382,doc_03234_9345c91b_chunk_0,doc_03234_9345c91b
3383,3383,doc_03235_9c5907c8_chunk_0,doc_03235_9c5907c8
3384,3384,doc_03236_48e2d261_chunk_0,doc_03236_48e2d261
3385,3385,doc_03237_569de5f6_chunk_0,doc_03237_569de5f6
3386,3386,doc_03238_39ebada4_chunk_0,doc_03238_39ebada4
3387,3387,doc_03239_89baadd6_chunk_0,doc_03239_89baadd6
3388,3388,doc_03239_89baadd6_chunk_1,doc_03239_89baadd6
3389,3389,doc_03240_bfd436f5_chunk_0,doc_03240_bfd436f5
3390,3390,doc_03241_635bb506_chunk_0,doc_03241_635bb506
3391,3391,doc_03242_a8403efe_chunk_0,doc_03242_a8403efe
3392,3392,doc_03243_57e46612_chunk_0,doc_03243_57e46612
3393,3393,doc_03244_06f6ea01_chunk_0,doc_03244_06f6ea01
3394,3394,doc_03245_090de7fc_chunk_0,doc_03245_090de7fc
3395,3395,doc_03245_090de7fc_chunk_1,doc_03245_090de7fc
3396,3396,doc_03246_027796b9_chunk_0,doc_03246_027796b9
3397,3397,doc_03247_d65b8724_chunk_0,doc_03247_d65b8724
3398,3398,doc_03248_2be4a151_chunk_0,doc_03248_2be4a151
3399,3399,doc_03249_66fe7c5b_chunk_0,doc_03249_66fe7c5b
3400,3400,doc_03250_ff1052aa_chunk_0,doc_03250_ff1052aa
3401,3401,doc_03251_187f4236_chunk_0,doc_03251_187f4236
3402,3402,doc_03252_9fbf38c7_chunk_0,doc_03252_9fbf38c7
3403,3403,doc_03253_f035f996_chunk_0,doc_03253_f035f996
3404,3404,doc_03254_1996ff91_chunk_0,doc_03254_1996ff91
3405,3405,doc_03255_edbf8b0a_chunk_0,doc_03255_edbf8b0a
3406,3406,doc_03256_6529d4b4_chunk_0,doc_03256_6529d4b4
3407,3407,doc_03257_16bd8d3c_chunk_0,doc_03257_16bd8d3c
3408,3408,doc_03258_3744ca54_chunk_0,doc_03258_3744ca54
3409,3409,doc_03259_a71ae895_chunk_0,doc_03259_a71ae895
3410,3410,doc_03260_7b5aa799_chunk_0,doc_03260_7b5aa799
3411,3411,doc_03261_137ea452_chunk_0,doc_03261_137ea452
3412,3412,doc_03262_af92fb99_chunk_0,doc_03262_af92fb99
3413,3413,doc_03263_ebd11648_chunk_0,doc_03263_ebd11648
3414,3414,doc_03264_99dac337_chunk_0,doc_03264_99dac337
3415,3415,doc_03265_c94d5368_chunk_0,doc_03265_c94d5368
3416,3416,doc_03266_664bbb6f_chunk_0,doc_03266_664bbb6f
3417,3417,doc_03267_6de4b964_chunk_0,doc_03267_6de4b964
3418,3418,doc_03268_f81afeb4_chunk_0,doc_03268_f81afeb4
3419,3419,doc_03269_4875de87_chunk_0,doc_03269_4875de87
3420,3420,doc_03270_2308ec89_chunk_0,doc_03270_2308ec89
3421,3421,doc_03271_76c71f22_chunk_0,doc_03271_76c71f22
3422,3422,doc_03272_8662cd6c_chunk_0,doc_03272_8662cd6c
3423,3423,doc_03273_2eba8a61_chunk_0,doc_03273_2eba8a61
3424,3424,doc_03274_2825ed39_chunk_0,doc_03274_2825ed39
3425,3425,doc_03275_19a8fe07_chunk_0,doc_03275_19a8fe07
3426,3426,doc_03276_f5a78ad5_chunk_0,doc_03276_f5a78ad5
3427,3427,doc_03277_c86099a4_chunk_0,doc_03277_c86099a4
3428,3428,doc_03278_1c74fe20_chunk_0,doc_03278_1c74fe20
3429,3429,doc_03279_50ea703a_chunk_0,doc_03279_50ea703a
3430,3430,doc_03280_b152ac4e_chunk_0,doc_03280_b152ac4e
3431,3431,doc_03281_4fa5f801_chunk_0,doc_03281_4fa5f801
3432,3432,doc_03282_1c5b1743_chunk_0,doc_03282_1c5b1743
3433,3433,doc_03283_22f05af9_chunk_0,doc_03283_22f05af9
3434,3434,doc_03284_6a1d0327_chunk_0,doc_03284_6a1d0327
3435,3435,doc_03285_dc5b1874_chunk_0,doc_03285_dc5b1874
3436,3436,doc_03286_2564b3b4_chunk_0,doc_03286_2564b3b4
3437,3437,doc_03287_f118a6fc_chunk_0,doc_03287_f118a6fc
3438,3438,doc_03288_99803f20_chunk_0,doc_03288_99803f20
3439,3439,doc_03289_df680781_chunk_0,doc_03289_df680781
3440,3440,doc_03290_e52626f5_chunk_0,doc_03290_e52626f5
3441,3441,doc_03291_7c56f5f2_chunk_0,doc_03291_7c56f5f2
3442,3442,doc_03292_48c122ce_chunk_0,doc_03292_48c122ce
3443,3443,doc_03293_b750ca12_chunk_0,doc_03293_b750ca12
3444,3444,doc_03294_8fa50c45_chunk_0,doc_03294_8fa50c45
3445,3445,doc_03295_14ebdbdc_chunk_0,doc_03295_14ebdbdc
3446,3446,doc_03296_49d30956_chunk_0,doc_03296_49d30956
3447,3447,doc_03297_c8a1caae_chunk_0,doc_03297_c8a1caae
3448,3448,doc_03298_acc47ff5_chunk_0,doc_03298_acc47ff5
3449,3449,doc_03299_5cdced2d_chunk_0,doc_03299_5cdced2d
3450,3450,doc_03299_5cdced2d_chunk_1,doc_03299_5cdced2d
3451,3451,doc_03300_982f6844_chunk_0,doc_03300_982f6844
3452,3452,doc_03301_c2bc82a4_chunk_0,doc_03301_c2bc82a4
3453,3453,doc_03302_623224d0_chunk_0,doc_03302_623224d0
3454,3454,doc_03303_5b7ddd8e_chunk_0,doc_03303_5b7ddd8e
3455,3455,doc_03304_ab96eb28_chunk_0,doc_03304_ab96eb28
3456,3456,doc_03305_6b95ed94_chunk_0,doc_03305_6b95ed94
3457,3457,doc_03306_b04b278a_chunk_0,doc_03306_b04b278a
3458,3458,doc_03307_b180533b_chunk_0,doc_03307_b180533b
3459,3459,doc_03308_aa5e7949_chunk_0,doc_03308_aa5e7949
3460,3460,doc_03309_863e7231_chunk_0,doc_03309_863e7231
3461,3461,doc_03310_6e7d0a1e_chunk_0,doc_03310_6e7d0a1e
3462,3462,doc_03311_7066930c_chunk_0,doc_03311_7066930c
3463,3463,doc_03312_13eb4d23_chunk_0,doc_03312_13eb4d23
3464,3464,doc_03313_ea4eaabd_chunk_0,doc_03313_ea4eaabd
3465,3465,doc_03314_9457c482_chunk_0,doc_03314_9457c482
3466,3466,doc_03315_0289362e_chunk_0,doc_03315_0289362e
3467,3467,doc_03316_69346d7b_chunk_0,doc_03316_69346d7b
3468,3468,doc_03317_06168bed_chunk_0,doc_03317_06168bed
3469,3469,doc_03318_263f1c77_chunk_0,doc_03318_263f1c77
3470,3470,doc_03319_8f8dd10e_chunk_0,doc_03319_8f8dd10e
3471,3471,doc_03320_cafae31d_chunk_0,doc_03320_cafae31d
3472,3472,doc_03321_8df9c1a2_chunk_0,doc_03321_8df9c1a2
3473,3473,doc_03321_8df9c1a2_chunk_1,doc_03321_8df9c1a2
3474,3474,doc_03322_eecad9a4_chunk_0,doc_03322_eecad9a4
3475,3475,doc_03323_ee02f72b_chunk_0,doc_03323_ee02f72b
3476,3476,doc_03324_20d172dd_chunk_0,doc_03324_20d172dd
3477,3477,doc_03325_5027a390_chunk_0,doc_03325_5027a390
3478,3478,doc_03326_a33a474b_chunk_0,doc_03326_a33a474b
3479,3479,doc_03327_cb6f714c_chunk_0,doc_03327_cb6f714c
3480,3480,doc_03328_db82570c_chunk_0,doc_03328_db82570c
3481,3481,doc_03329_1224a8d7_chunk_0,doc_03329_1224a8d7
3482,3482,doc_03330_eac00c3c_chunk_0,doc_03330_eac00c3c
3483,3483,doc_03331_2480eb83_chunk_0,doc_03331_2480eb83
3484,3484,doc_03332_21752fdd_chunk_0,doc_03332_21752fdd
3485,3485,doc_03333_2dea5509_chunk_0,doc_03333_2dea5509
3486,3486,doc_03334_df43ad8a_chunk_0,doc_03334_df43ad8a
3487,3487,doc_03335_1dd2e8f5_chunk_0,doc_03335_1dd2e8f5
3488,3488,doc_03336_7d8838ed_chunk_0,doc_03336_7d8838ed
3489,3489,doc_03337_69f132ba_chunk_0,doc_03337_69f132ba
3490,3490,doc_03338_b102ef3d_chunk_0,doc_03338_b102ef3d
3491,3491,doc_03339_c20b70cf_chunk_0,doc_03339_c20b70cf
3492,3492,doc_03340_e047a817_chunk_0,doc_03340_e047a817
3493,3493,doc_03341_715adbf9_chunk_0,doc_03341_715adbf9
3494,3494,doc_03342_7b5b3210_chunk_0,doc_03342_7b5b3210
3495,3495,doc_03343_83e70235_chunk_0,doc_03343_83e70235
3496,3496,doc_03344_ebfe8859_chunk_0,doc_03344_ebfe8859
3497,3497,doc_03345_c6f48eec_chunk_0,doc_03345_c6f48eec
3498,3498,doc_03346_95caacd7_chunk_0,doc_03346_95caacd7
3499,3499,doc_03347_3fa205b3_chunk_0,doc_03347_3fa205b3
3500,3500,doc_03348_836147c0_chunk_0,doc_03348_836147c0
3501,3501,doc_03349_53b96421_chunk_0,doc_03349_53b96421
3502,3502,doc_03350_408fff36_chunk_0,doc_03350_408fff36
3503,3503,doc_03351_e2fde569_chunk_0,doc_03351_e2fde569
3504,3504,doc_03352_7d82692b_chunk_0,doc_03352_7d82692b
3505,3505,doc_03353_c1738842_chunk_0,doc_03353_c1738842
3506,3506,doc_03354_60c93099_chunk_0,doc_03354_60c93099
3507,3507,doc_03355_e94dfa27_chunk_0,doc_03355_e94dfa27
3508,3508,doc_03356_fbc91bea_chunk_0,doc_03356_fbc91bea
3509,3509,doc_03357_4ea32866_chunk_0,doc_03357_4ea32866
3510,3510,doc_03358_5780f8d1_chunk_0,doc_03358_5780f8d1
3511,3511,doc_03359_b7d78cc0_chunk_0,doc_03359_b7d78cc0
3512,3512,doc_03360_3372eb26_chunk_0,doc_03360_3372eb26
3513,3513,doc_03361_5548729d_chunk_0,doc_03361_5548729d
3514,3514,doc_03362_adeae514_chunk_0,doc_03362_adeae514
3515,3515,doc_03363_b99c0801_chunk_0,doc_03363_b99c0801
3516,3516,doc_03364_4c47babb_chunk_0,doc_03364_4c47babb
3517,3517,doc_03365_d0f68552_chunk_0,doc_03365_d0f68552
3518,3518,doc_03366_8d30336f_chunk_0,doc_03366_8d30336f
3519,3519,doc_03367_a731b337_chunk_0,doc_03367_a731b337
3520,3520,doc_03368_e9fed234_chunk_0,doc_03368_e9fed234
3521,3521,doc_03369_401279f2_chunk_0,doc_03369_401279f2
3522,3522,doc_03370_c7aa15ef_chunk_0,doc_03370_c7aa15ef
3523,3523,doc_03371_b5c84df2_chunk_0,doc_03371_b5c84df2
3524,3524,doc_03372_dbd71ffb_chunk_0,doc_03372_dbd71ffb
3525,3525,doc_03373_afef1e9e_chunk_0,doc_03373_afef1e9e
3526,3526,doc_03374_c57f6ddd_chunk_0,doc_03374_c57f6ddd
3527,3527,doc_03375_7018b4a2_chunk_0,doc_03375_7018b4a2
3528,3528,doc_03376_a4fbb3bf_chunk_0,doc_03376_a4fbb3bf
3529,3529,doc_03377_058a62eb_chunk_0,doc_03377_058a62eb
3530,3530,doc_03378_1e04a992_chunk_0,doc_03378_1e04a992
3531,3531,doc_03379_12eaadc6_chunk_0,doc_03379_12eaadc6
3532,3532,doc_03380_f26b3926_chunk_0,doc_03380_f26b3926
3533,3533,doc_03381_63955e92_chunk_0,doc_03381_63955e92
3534,3534,doc_03382_0b329808_chunk_0,doc_03382_0b329808
3535,3535,doc_03383_3e9a976b_chunk_0,doc_03383_3e9a976b
3536,3536,doc_03384_9e3b1974_chunk_0,doc_03384_9e3b1974
3537,3537,doc_03385_698e03d5_chunk_0,doc_03385_698e03d5
3538,3538,doc_03386_27890547_chunk_0,doc_03386_27890547
3539,3539,doc_03387_33ba3b86_chunk_0,doc_03387_33ba3b86
3540,3540,doc_03388_f2157f0f_chunk_0,doc_03388_f2157f0f
3541,3541,doc_03389_32534067_chunk_0,doc_03389_32534067
3542,3542,doc_03390_877900f5_chunk_0,doc_03390_877900f5
3543,3543,doc_03391_d9e015f8_chunk_0,doc_03391_d9e015f8
3544,3544,doc_03392_9bb2d55c_chunk_0,doc_03392_9bb2d55c
3545,3545,doc_03393_9f4d94f4_chunk_0,doc_03393_9f4d94f4
3546,3546,doc_03394_68a7b38b_chunk_0,doc_03394_68a7b38b
3547,3547,doc_03395_ea919a29_chunk_0,doc_03395_ea919a29
3548,3548,doc_03396_81d65c97_chunk_0,doc_03396_81d65c97
3549,3549,doc_03397_d853c944_chunk_0,doc_03397_d853c944
3550,3550,doc_03398_d220b439_chunk_0,doc_03398_d220b439
3551,3551,doc_03399_7a0847db_chunk_0,doc_03399_7a0847db
3552,3552,doc_03400_aaa870cc_chunk_0,doc_03400_aaa870cc
3553,3553,doc_03401_a2320b41_chunk_0,doc_03401_a2320b41
3554,3554,doc_03402_ef21e334_chunk_0,doc_03402_ef21e334
3555,3555,doc_03403_dc2b66d9_chunk_0,doc_03403_dc2b66d9
3556,3556,doc_03404_66e6c2b1_chunk_0,doc_03404_66e6c2b1
3557,3557,doc_03405_d0a4c431_chunk_0,doc_03405_d0a4c431
3558,3558,doc_03406_1cbec473_chunk_0,doc_03406_1cbec473
3559,3559,doc_03407_04803938_chunk_0,doc_03407_04803938
3560,3560,doc_03408_35ff78db_chunk_0,doc_03408_35ff78db
3561,3561,doc_03409_65fbc683_chunk_0,doc_03409_65fbc683
3562,3562,doc_03410_d18fd649_chunk_0,doc_03410_d18fd649
3563,3563,doc_03411_70ce1181_chunk_0,doc_03411_70ce1181
3564,3564,doc_03412_5592f7db_chunk_0,doc_03412_5592f7db
3565,3565,doc_03413_46bdbee5_chunk_0,doc_03413_46bdbee5
3566,3566,doc_03414_6757324a_chunk_0,doc_03414_6757324a
3567,3567,doc_03415_ed010b0a_chunk_0,doc_03415_ed010b0a
3568,3568,doc_03416_3235292b_chunk_0,doc_03416_3235292b
3569,3569,doc_03417_d1addac3_chunk_0,doc_03417_d1addac3
3570,3570,doc_03418_4cd5f925_chunk_0,doc_03418_4cd5f925
3571,3571,doc_03419_d95dd385_chunk_0,doc_03419_d95dd385
3572,3572,doc_03420_cd753eb7_chunk_0,doc_03420_cd753eb7
3573,3573,doc_03421_ef31282d_chunk_0,doc_03421_ef31282d
3574,3574,doc_03422_9c73f6ed_chunk_0,doc_03422_9c73f6ed
3575,3575,doc_03423_0162489a_chunk_0,doc_03423_0162489a
3576,3576,doc_03424_2d954718_chunk_0,doc_03424_2d954718
3577,3577,doc_03425_f7a83744_chunk_0,doc_03425_f7a83744
3578,3578,doc_03426_453db433_chunk_0,doc_03426_453db433
3579,3579,doc_03427_900098b4_chunk_0,doc_03427_900098b4
3580,3580,doc_03428_046cbca7_chunk_0,doc_03428_046cbca7
3581,3581,doc_03429_a55504dc_chunk_0,doc_03429_a55504dc
3582,3582,doc_03430_2f9c5dc6_chunk_0,doc_03430_2f9c5dc6
3583,3583,doc_03431_99be2975_chunk_0,doc_03431_99be2975
3584,3584,doc_03432_0452253a_chunk_0,doc_03432_0452253a
3585,3585,doc_03433_5ee03ce7_chunk_0,doc_03433_5ee03ce7
3586,3586,doc_03434_51c9f7a3_chunk_0,doc_03434_51c9f7a3
3587,3587,doc_03435_7187c553_chunk_0,doc_03435_7187c553
3588,3588,doc_03436_5e3c9057_chunk_0,doc_03436_5e3c9057
3589,3589,doc_03437_11c0495e_chunk_0,doc_03437_11c0495e
3590,3590,doc_03438_af11c05f_chunk_0,doc_03438_af11c05f
3591,3591,doc_03439_34289fbc_chunk_0,doc_03439_34289fbc
3592,3592,doc_03440_b50ddb45_chunk_0,doc_03440_b50ddb45
3593,3593,doc_03441_0e3e3509_chunk_0,doc_03441_0e3e3509
3594,3594,doc_03442_a8ccdc93_chunk_0,doc_03442_a8ccdc93
3595,3595,doc_03443_12026bf3_chunk_0,doc_03443_12026bf3
3596,3596,doc_03444_7ee3c59e_chunk_0,doc_03444_7ee3c59e
3597,3597,doc_03445_ea2a76db_chunk_0,doc_03445_ea2a76db
3598,3598,doc_03446_c6464bc7_chunk_0,doc_03446_c6464bc7
3599,3599,doc_03447_717d2eab_chunk_0,doc_03447_717d2eab
3600,3600,doc_03448_befd982d_chunk_0,doc_03448_befd982d
3601,3601,doc_03449_12707d71_chunk_0,doc_03449_12707d71
3602,3602,doc_03450_7c4194e9_chunk_0,doc_03450_7c4194e9
3603,3603,doc_03451_2c9adc27_chunk_0,doc_03451_2c9adc27
3604,3604,doc_03452_bf00ac19_chunk_0,doc_03452_bf00ac19
3605,3605,doc_03453_9f8adba9_chunk_0,doc_03453_9f8adba9
3606,3606,doc_03454_26c6af22_chunk_0,doc_03454_26c6af22
3607,3607,doc_03455_908f800c_chunk_0,doc_03455_908f800c
3608,3608,doc_03456_16b18d3b_chunk_0,doc_03456_16b18d3b
3609,3609,doc_03457_7a4e206f_chunk_0,doc_03457_7a4e206f
3610,3610,doc_03458_1783c217_chunk_0,doc_03458_1783c217
3611,3611,doc_03459_22a4fb3c_chunk_0,doc_03459_22a4fb3c
3612,3612,doc_03460_77445b11_chunk_0,doc_03460_77445b11
3613,3613,doc_03461_5b742682_chunk_0,doc_03461_5b742682
3614,3614,doc_03462_4ff27ad7_chunk_0,doc_03462_4ff27ad7
3615,3615,doc_03463_c98686ef_chunk_0,doc_03463_c98686ef
3616,3616,doc_03464_2c8d08c5_chunk_0,doc_03464_2c8d08c5
3617,3617,doc_03465_0f5b4c25_chunk_0,doc_03465_0f5b4c25
3618,3618,doc_03466_491ec2ec_chunk_0,doc_03466_491ec2ec
3619,3619,doc_03467_c1e6a727_chunk_0,doc_03467_c1e6a727
3620,3620,doc_03468_439bcd08_chunk_0,doc_03468_439bcd08
3621,3621,doc_03469_07ffb38c_chunk_0,doc_03469_07ffb38c
3622,3622,doc_03470_ba740cb3_chunk_0,doc_03470_ba740cb3
3623,3623,doc_03471_798e36d5_chunk_0,doc_03471_798e36d5
3624,3624,doc_03472_d6893831_chunk_0,doc_03472_d6893831
3625,3625,doc_03473_ca6a9169_chunk_0,doc_03473_ca6a9169
3626,3626,doc_03474_9c8b1470_chunk_0,doc_03474_9c8b1470
3627,3627,doc_03475_1b9592e9_chunk_0,doc_03475_1b9592e9
3628,3628,doc_03476_97cf5fbd_chunk_0,doc_03476_97cf5fbd
3629,3629,doc_03477_82147ebd_chunk_0,doc_03477_82147ebd
3630,3630,doc_03478_e4d56c5b_chunk_0,doc_03478_e4d56c5b
3631,3631,doc_03479_23a9f857_chunk_0,doc_03479_23a9f857
3632,3632,doc_03480_6e0af6e5_chunk_0,doc_03480_6e0af6e5
3633,3633,doc_03481_83bb620c_chunk_0,doc_03481_83bb620c
3634,3634,doc_03482_45a13979_chunk_0,doc_03482_45a13979
3635,3635,doc_03483_db7462fc_chunk_0,doc_03483_db7462fc
3636,3636,doc_03484_3861d988_chunk_0,doc_03484_3861d988
3637,3637,doc_03485_7be7dc18_chunk_0,doc_03485_7be7dc18
3638,3638,doc_03486_b1c1974d_chunk_0,doc_03486_b1c1974d
3639,3639,doc_03487_010aedf1_chunk_0,doc_03487_010aedf1
3640,3640,doc_03488_d35f7713_chunk_0,doc_03488_d35f7713
3641,3641,doc_03489_4a629a90_chunk_0,doc_03489_4a629a90
3642,3642,doc_03490_60a701ee_chunk_0,doc_03490_60a701ee
3643,3643,doc_03491_6883e80c_chunk_0,doc_03491_6883e80c
3644,3644,doc_03492_58cff5be_chunk_0,doc_03492_58cff5be
3645,3645,doc_03493_2cc540e7_chunk_0,doc_03493_2cc540e7
3646,3646,doc_03494_3cfa1ae4_chunk_0,doc_03494_3cfa1ae4
3647,3647,doc_03495_97bffa32_chunk_0,doc_03495_97bffa32
3648,3648,doc_03496_7b97d458_chunk_0,doc_03496_7b97d458
3649,3649,doc_03497_d2b0a40d_chunk_0,doc_03497_d2b0a40d
3650,3650,doc_03498_0d1855df_chunk_0,doc_03498_0d1855df
3651,3651,doc_03499_6a96fdfa_chunk_0,doc_03499_6a96fdfa
3652,3652,doc_03500_0d882e51_chunk_0,doc_03500_0d882e51
3653,3653,doc_03501_c5fda04d_chunk_0,doc_03501_c5fda04d
3654,3654,doc_03502_4e12ee1c_chunk_0,doc_03502_4e12ee1c
3655,3655,doc_03503_c21d8bf5_chunk_0,doc_03503_c21d8bf5
3656,3656,doc_03504_6e303239_chunk_0,doc_03504_6e303239
3657,3657,doc_03505_b5c7a173_chunk_0,doc_03505_b5c7a173
3658,3658,doc_03506_c45c313e_chunk_0,doc_03506_c45c313e
3659,3659,doc_03507_c30dd963_chunk_0,doc_03507_c30dd963
3660,3660,doc_03508_cd89fe1f_chunk_0,doc_03508_cd89fe1f
3661,3661,doc_03509_3df90a0f_chunk_0,doc_03509_3df90a0f
3662,3662,doc_03510_6c5a99ca_chunk_0,doc_03510_6c5a99ca
3663,3663,doc_03511_d59c5fbe_chunk_0,doc_03511_d59c5fbe
3664,3664,doc_03512_c73958e3_chunk_0,doc_03512_c73958e3
3665,3665,doc_03513_910f4bce_chunk_0,doc_03513_910f4bce
3666,3666,doc_03514_ffcdc090_chunk_0,doc_03514_ffcdc090
3667,3667,doc_03515_a7a320f3_chunk_0,doc_03515_a7a320f3
3668,3668,doc_03516_ee46898f_chunk_0,doc_03516_ee46898f
3669,3669,doc_03517_43f95e0d_chunk_0,doc_03517_43f95e0d
3670,3670,doc_03518_7daf6224_chunk_0,doc_03518_7daf6224
3671,3671,doc_03519_aee95d0f_chunk_0,doc_03519_aee95d0f
3672,3672,doc_03520_9eda2608_chunk_0,doc_03520_9eda2608
3673,3673,doc_03521_bc872a20_chunk_0,doc_03521_bc872a20
3674,3674,doc_03522_86a04d93_chunk_0,doc_03522_86a04d93
3675,3675,doc_03523_df3fe45b_chunk_0,doc_03523_df3fe45b
3676,3676,doc_03524_beda2c24_chunk_0,doc_03524_beda2c24
3677,3677,doc_03525_f10f9057_chunk_0,doc_03525_f10f9057
3678,3678,doc_03526_a0a3dd21_chunk_0,doc_03526_a0a3dd21
3679,3679,doc_03527_23f3af6a_chunk_0,doc_03527_23f3af6a
3680,3680,doc_03528_f7801313_chunk_0,doc_03528_f7801313
3681,3681,doc_03529_41eeacb9_chunk_0,doc_03529_41eeacb9
3682,3682,doc_03530_f49b3745_chunk_0,doc_03530_f49b3745
3683,3683,doc_03531_a819aa7a_chunk_0,doc_03531_a819aa7a
3684,3684,doc_03532_9023cdb3_chunk_0,doc_03532_9023cdb3
3685,3685,doc_03533_d02fce71_chunk_0,doc_03533_d02fce71
3686,3686,doc_03534_a86ca1ca_chunk_0,doc_03534_a86ca1ca
3687,3687,doc_03535_129f5c55_chunk_0,doc_03535_129f5c55
3688,3688,doc_03536_b9c1e36f_chunk_0,doc_03536_b9c1e36f
3689,3689,doc_03537_343db45a_chunk_0,doc_03537_343db45a
3690,3690,doc_03538_141bab5f_chunk_0,doc_03538_141bab5f
3691,3691,doc_03539_a0374386_chunk_0,doc_03539_a0374386
3692,3692,doc_03540_10742143_chunk_0,doc_03540_10742143
3693,3693,doc_03541_93d1440b_chunk_0,doc_03541_93d1440b
3694,3694,doc_03542_0318d4a2_chunk_0,doc_03542_0318d4a2
3695,3695,doc_03543_bef06960_chunk_0,doc_03543_bef06960
3696,3696,doc_03544_da56889d_chunk_0,doc_03544_da56889d
3697,3697,doc_03544_da56889d_chunk_1,doc_03544_da56889d
3698,3698,doc_03545_dcddcaac_chunk_0,doc_03545_dcddcaac
3699,3699,doc_03546_1ad5c2c3_chunk_0,doc_03546_1ad5c2c3
3700,3700,doc_03547_8bccf219_chunk_0,doc_03547_8bccf219
3701,3701,doc_03548_9a3f2254_chunk_0,doc_03548_9a3f2254
3702,3702,doc_03549_ca1a9bec_chunk_0,doc_03549_ca1a9bec
3703,3703,doc_03550_020c1ab5_chunk_0,doc_03550_020c1ab5
3704,3704,doc_03551_0c322771_chunk_0,doc_03551_0c322771
3705,3705,doc_03552_956c50b7_chunk_0,doc_03552_956c50b7
3706,3706,doc_03553_32917a1e_chunk_0,doc_03553_32917a1e
3707,3707,doc_03554_8475bb6d_chunk_0,doc_03554_8475bb6d
3708,3708,doc_03555_f798b905_chunk_0,doc_03555_f798b905
3709,3709,doc_03556_29a1f14a_chunk_0,doc_03556_29a1f14a
3710,3710,doc_03557_29f049f1_chunk_0,doc_03557_29f049f1
3711,3711,doc_03558_757816c6_chunk_0,doc_03558_757816c6
3712,3712,doc_03559_15f03203_chunk_0,doc_03559_15f03203
3713,3713,doc_03560_3c14cbaa_chunk_0,doc_03560_3c14cbaa
3714,3714,doc_03561_2aee06b1_chunk_0,doc_03561_2aee06b1
3715,3715,doc_03562_b98c0948_chunk_0,doc_03562_b98c0948
3716,3716,doc_03563_dded1b00_chunk_0,doc_03563_dded1b00
3717,3717,doc_03564_3970636b_chunk_0,doc_03564_3970636b
3718,3718,doc_03565_3567d1ba_chunk_0,doc_03565_3567d1ba
3719,3719,doc_03566_0058f8ee_chunk_0,doc_03566_0058f8ee
3720,3720,doc_03567_7815a00b_chunk_0,doc_03567_7815a00b
3721,3721,doc_03568_2ad6a947_chunk_0,doc_03568_2ad6a947
3722,3722,doc_03569_92dc03ea_chunk_0,doc_03569_92dc03ea
3723,3723,doc_03570_b867e973_chunk_0,doc_03570_b867e973
3724,3724,doc_03571_b1da1c45_chunk_0,doc_03571_b1da1c45
3725,3725,doc_03572_2692110c_chunk_0,doc_03572_2692110c
3726,3726,doc_03573_44ecaef2_chunk_0,doc_03573_44ecaef2
3727,3727,doc_03574_4975f72b_chunk_0,doc_03574_4975f72b
3728,3728,doc_03575_5d4c08d1_chunk_0,doc_03575_5d4c08d1
3729,3729,doc_03576_0cc1d872_chunk_0,doc_03576_0cc1d872
3730,3730,doc_03577_91c12181_chunk_0,doc_03577_91c12181
3731,3731,doc_03578_1d58cad6_chunk_0,doc_03578_1d58cad6
3732,3732,doc_03579_fdc1efa8_chunk_0,doc_03579_fdc1efa8
3733,3733,doc_03580_368f0100_chunk_0,doc_03580_368f0100
3734,3734,doc_03581_d7995f14_chunk_0,doc_03581_d7995f14
3735,3735,doc_03582_cd946a79_chunk_0,doc_03582_cd946a79
3736,3736,doc_03583_2c60f9fa_chunk_0,doc_03583_2c60f9fa
3737,3737,doc_03584_52752766_chunk_0,doc_03584_52752766
3738,3738,doc_03585_b7dcd727_chunk_0,doc_03585_b7dcd727
3739,3739,doc_03586_8de53dae_chunk_0,doc_03586_8de53dae
3740,3740,doc_03587_80484c26_chunk_0,doc_03587_80484c26
3741,3741,doc_03588_fefbd5ca_chunk_0,doc_03588_fefbd5ca
3742,3742,doc_03589_90636e8a_chunk_0,doc_03589_90636e8a
3743,3743,doc_03590_c1e60f66_chunk_0,doc_03590_c1e60f66
3744,3744,doc_03591_7b569f3e_chunk_0,doc_03591_7b569f3e
3745,3745,doc_03592_a13abbf0_chunk_0,doc_03592_a13abbf0
3746,3746,doc_03593_8a7a566c_chunk_0,doc_03593_8a7a566c
3747,3747,doc_03594_85f0d2f2_chunk_0,doc_03594_85f0d2f2
3748,3748,doc_03595_a970e772_chunk_0,doc_03595_a970e772
3749,3749,doc_03595_a970e772_chunk_1,doc_03595_a970e772
3750,3750,doc_03595_a970e772_chunk_2,doc_03595_a970e772
3751,3751,doc_03596_af588409_chunk_0,doc_03596_af588409
3752,3752,doc_03596_af588409_chunk_1,doc_03596_af588409
3753,3753,doc_03597_c673f07c_chunk_0,doc_03597_c673f07c
3754,3754,doc_03598_ad47f13b_chunk_0,doc_03598_ad47f13b
3755,3755,doc_03599_716c9721_chunk_0,doc_03599_716c9721
3756,3756,doc_03600_fae219fd_chunk_0,doc_03600_fae219fd
3757,3757,doc_03600_fae219fd_chunk_1,doc_03600_fae219fd
3758,3758,doc_03601_7a23d3f2_chunk_0,doc_03601_7a23d3f2
3759,3759,doc_03602_95aced2c_chunk_0,doc_03602_95aced2c
3760,3760,doc_03603_736094a5_chunk_0,doc_03603_736094a5
3761,3761,doc_03604_44161ce9_chunk_0,doc_03604_44161ce9
3762,3762,doc_03605_9fa06c76_chunk_0,doc_03605_9fa06c76
3763,3763,doc_03606_9006ce9b_chunk_0,doc_03606_9006ce9b
3764,3764,doc_03607_443e5366_chunk_0,doc_03607_443e5366
3765,3765,doc_03608_61fa9ed5_chunk_0,doc_03608_61fa9ed5
3766,3766,doc_03609_4a481871_chunk_0,doc_03609_4a481871
3767,3767,doc_03610_fe67d9fe_chunk_0,doc_03610_fe67d9fe
3768,3768,doc_03611_9a2b1a09_chunk_0,doc_03611_9a2b1a09
3769,3769,doc_03612_1e424dfe_chunk_0,doc_03612_1e424dfe
3770,3770,doc_03613_acca6ca3_chunk_0,doc_03613_acca6ca3
3771,3771,doc_03614_e9d1911d_chunk_0,doc_03614_e9d1911d
3772,3772,doc_03615_939f6455_chunk_0,doc_03615_939f6455
3773,3773,doc_03616_41e0529e_chunk_0,doc_03616_41e0529e
3774,3774,doc_03617_eef8fea1_chunk_0,doc_03617_eef8fea1
3775,3775,doc_03618_4957f97c_chunk_0,doc_03618_4957f97c
3776,3776,doc_03619_7cb68805_chunk_0,doc_03619_7cb68805
3777,3777,doc_03620_89320e55_chunk_0,doc_03620_89320e55
3778,3778,doc_03621_fdea7859_chunk_0,doc_03621_fdea7859
3779,3779,doc_03622_91987e25_chunk_0,doc_03622_91987e25
3780,3780,doc_03623_5b5c559e_chunk_0,doc_03623_5b5c559e
3781,3781,doc_03624_6202b1a0_chunk_0,doc_03624_6202b1a0
3782,3782,doc_03625_224a8a0f_chunk_0,doc_03625_224a8a0f
3783,3783,doc_03626_93fcaf13_chunk_0,doc_03626_93fcaf13
3784,3784,doc_03627_31e59fea_chunk_0,doc_03627_31e59fea
3785,3785,doc_03627_31e59fea_chunk_1,doc_03627_31e59fea
3786,3786,doc_03627_31e59fea_chunk_2,doc_03627_31e59fea
3787,3787,doc_03628_2324a579_chunk_0,doc_03628_2324a579
3788,3788,doc_03629_d1127f94_chunk_0,doc_03629_d1127f94
3789,3789,doc_03629_d1127f94_chunk_1,doc_03629_d1127f94
3790,3790,doc_03630_be126e73_chunk_0,doc_03630_be126e73
3791,3791,doc_03631_0278dca3_chunk_0,doc_03631_0278dca3
3792,3792,doc_03632_f4c351cb_chunk_0,doc_03632_f4c351cb
3793,3793,doc_03633_0ffeefc0_chunk_0,doc_03633_0ffeefc0
3794,3794,doc_03634_7c5b2938_chunk_0,doc_03634_7c5b2938
3795,3795,doc_03635_441c1d2d_chunk_0,doc_03635_441c1d2d
3796,3796,doc_03636_eb6cb900_chunk_0,doc_03636_eb6cb900
3797,3797,doc_03637_152d6e13_chunk_0,doc_03637_152d6e13
3798,3798,doc_03638_62e844dd_chunk_0,doc_03638_62e844dd
3799,3799,doc_03639_1fc3507c_chunk_0,doc_03639_1fc3507c
3800,3800,doc_03640_7ab53333_chunk_0,doc_03640_7ab53333
3801,3801,doc_03641_aed9f76e_chunk_0,doc_03641_aed9f76e
3802,3802,doc_03642_ce8fd085_chunk_0,doc_03642_ce8fd085
3803,3803,doc_03643_c69e8b38_chunk_0,doc_03643_c69e8b38
3804,3804,doc_03644_2e34f7c4_chunk_0,doc_03644_2e34f7c4
3805,3805,doc_03645_b1181f43_chunk_0,doc_03645_b1181f43
3806,3806,doc_03646_35abfbdf_chunk_0,doc_03646_35abfbdf
3807,3807,doc_03647_6e692f3e_chunk_0,doc_03647_6e692f3e
3808,3808,doc_03648_0031d86c_chunk_0,doc_03648_0031d86c
3809,3809,doc_03649_502fe4e1_chunk_0,doc_03649_502fe4e1
3810,3810,doc_03650_06f8b998_chunk_0,doc_03650_06f8b998
3811,3811,doc_03651_0f215db6_chunk_0,doc_03651_0f215db6
3812,3812,doc_03652_fe00b98e_chunk_0,doc_03652_fe00b98e
3813,3813,doc_03653_432fe738_chunk_0,doc_03653_432fe738
3814,3814,doc_03654_0dd9c00a_chunk_0,doc_03654_0dd9c00a
3815,3815,doc_03655_d5ae0129_chunk_0,doc_03655_d5ae0129
3816,3816,doc_03656_755e0d4e_chunk_0,doc_03656_755e0d4e
3817,3817,doc_03657_5fe58743_chunk_0,doc_03657_5fe58743
3818,3818,doc_03658_68ff5275_chunk_0,doc_03658_68ff5275
3819,3819,doc_03659_cf37f8b7_chunk_0,doc_03659_cf37f8b7
3820,3820,doc_03660_307581ec_chunk_0,doc_03660_307581ec
3821,3821,doc_03661_a402c015_chunk_0,doc_03661_a402c015
3822,3822,doc_03662_5fc3faae_chunk_0,doc_03662_5fc3faae
3823,3823,doc_03663_91c4c0b6_chunk_0,doc_03663_91c4c0b6
3824,3824,doc_03664_780217b6_chunk_0,doc_03664_780217b6
3825,3825,doc_03665_2b4656e2_chunk_0,doc_03665_2b4656e2
3826,3826,doc_03666_0d373559_chunk_0,doc_03666_0d373559
3827,3827,doc_03667_88d07302_chunk_0,doc_03667_88d07302
3828,3828,doc_03668_29b3f75b_chunk_0,doc_03668_29b3f75b
3829,3829,doc_03669_9c7b43b0_chunk_0,doc_03669_9c7b43b0
3830,3830,doc_03670_b42342ed_chunk_0,doc_03670_b42342ed
3831,3831,doc_03671_44b1a6d2_chunk_0,doc_03671_44b1a6d2
3832,3832,doc_03672_ee33a0fe_chunk_0,doc_03672_ee33a0fe
3833,3833,doc_03673_dd04537f_chunk_0,doc_03673_dd04537f
3834,3834,doc_03674_d1ddffde_chunk_0,doc_03674_d1ddffde
3835,3835,doc_03675_2bdaa3cb_chunk_0,doc_03675_2bdaa3cb
3836,3836,doc_03676_9d602ca1_chunk_0,doc_03676_9d602ca1
3837,3837,doc_03677_4312c143_chunk_0,doc_03677_4312c143
3838,3838,doc_03678_ae706eb4_chunk_0,doc_03678_ae706eb4
3839,3839,doc_03678_ae706eb4_chunk_1,doc_03678_ae706eb4
3840,3840,doc_03679_f2e9385a_chunk_0,doc_03679_f2e9385a
3841,3841,doc_03680_4c147541_chunk_0,doc_03680_4c147541
3842,3842,doc_03681_c345998c_chunk_0,doc_03681_c345998c
3843,3843,doc_03682_45bfe8ec_chunk_0,doc_03682_45bfe8ec
3844,3844,doc_03683_43b5de53_chunk_0,doc_03683_43b5de53
3845,3845,doc_03684_c39eda97_chunk_0,doc_03684_c39eda97
3846,3846,doc_03685_ff92932a_chunk_0,doc_03685_ff92932a
3847,3847,doc_03686_4150660e_chunk_0,doc_03686_4150660e
3848,3848,doc_03687_a53d3a25_chunk_0,doc_03687_a53d3a25
3849,3849,doc_03688_a79aa9c5_chunk_0,doc_03688_a79aa9c5
3850,3850,doc_03689_b8505d54_chunk_0,doc_03689_b8505d54
3851,3851,doc_03690_bec4081e_chunk_0,doc_03690_bec4081e
3852,3852,doc_03691_70cd1161_chunk_0,doc_03691_70cd1161
3853,3853,doc_03692_306849ca_chunk_0,doc_03692_306849ca
3854,3854,doc_03693_7b466d23_chunk_0,doc_03693_7b466d23
3855,3855,doc_03694_d864f267_chunk_0,doc_03694_d864f267
3856,3856,doc_03695_5007cc8b_chunk_0,doc_03695_5007cc8b
3857,3857,doc_03696_f1b82b87_chunk_0,doc_03696_f1b82b87
3858,3858,doc_03697_5b561e3d_chunk_0,doc_03697_5b561e3d
3859,3859,doc_03698_3229eaab_chunk_0,doc_03698_3229eaab
3860,3860,doc_03699_b7601b9a_chunk_0,doc_03699_b7601b9a
3861,3861,doc_03700_73d12dcd_chunk_0,doc_03700_73d12dcd
3862,3862,doc_03701_ef1e5368_chunk_0,doc_03701_ef1e5368
3863,3863,doc_03702_d28e4ca8_chunk_0,doc_03702_d28e4ca8
3864,3864,doc_03703_0988cbcd_chunk_0,doc_03703_0988cbcd
3865,3865,doc_03704_a3ff5747_chunk_0,doc_03704_a3ff5747
3866,3866,doc_03705_07cc3b01_chunk_0,doc_03705_07cc3b01
3867,3867,doc_03706_12a98219_chunk_0,doc_03706_12a98219
3868,3868,doc_03707_b8039a26_chunk_0,doc_03707_b8039a26
3869,3869,doc_03708_d7a4ef5c_chunk_0,doc_03708_d7a4ef5c
3870,3870,doc_03709_833d9dd8_chunk_0,doc_03709_833d9dd8
3871,3871,doc_03710_8488774d_chunk_0,doc_03710_8488774d
3872,3872,doc_03711_f5c616eb_chunk_0,doc_03711_f5c616eb
3873,3873,doc_03712_6a23209a_chunk_0,doc_03712_6a23209a
3874,3874,doc_03713_56298c12_chunk_0,doc_03713_56298c12
3875,3875,doc_03714_dd662602_chunk_0,doc_03714_dd662602
3876,3876,doc_03715_476d2fd0_chunk_0,doc_03715_476d2fd0
3877,3877,doc_03716_32b0ef99_chunk_0,doc_03716_32b0ef99
3878,3878,doc_03717_4dd3f5fb_chunk_0,doc_03717_4dd3f5fb
3879,3879,doc_03718_afe59600_chunk_0,doc_03718_afe59600
3880,3880,doc_03719_eda62719_chunk_0,doc_03719_eda62719
3881,3881,doc_03720_e6a039ab_chunk_0,doc_03720_e6a039ab
3882,3882,doc_03721_1023638a_chunk_0,doc_03721_1023638a
3883,3883,doc_03722_c8d040a6_chunk_0,doc_03722_c8d040a6
3884,3884,doc_03723_8cf08608_chunk_0,doc_03723_8cf08608
3885,3885,doc_03724_98e36173_chunk_0,doc_03724_98e36173
3886,3886,doc_03725_89c8557f_chunk_0,doc_03725_89c8557f
3887,3887,doc_03726_1e405420_chunk_0,doc_03726_1e405420
3888,3888,doc_03727_472fdfc6_chunk_0,doc_03727_472fdfc6
3889,3889,doc_03728_e4d9026b_chunk_0,doc_03728_e4d9026b
3890,3890,doc_03729_0487e060_chunk_0,doc_03729_0487e060
3891,3891,doc_03730_0d575c34_chunk_0,doc_03730_0d575c34
3892,3892,doc_03731_61028594_chunk_0,doc_03731_61028594
3893,3893,doc_03732_4908d246_chunk_0,doc_03732_4908d246
3894,3894,doc_03733_b002c71d_chunk_0,doc_03733_b002c71d
3895,3895,doc_03734_17681100_chunk_0,doc_03734_17681100
3896,3896,doc_03735_59ebcb67_chunk_0,doc_03735_59ebcb67
3897,3897,doc_03736_53332f5b_chunk_0,doc_03736_53332f5b
3898,3898,doc_03737_793cf314_chunk_0,doc_03737_793cf314
3899,3899,doc_03738_87975946_chunk_0,doc_03738_87975946
3900,3900,doc_03739_e04cdecb_chunk_0,doc_03739_e04cdecb
3901,3901,doc_03740_bf90d194_chunk_0,doc_03740_bf90d194
3902,3902,doc_03741_5c2ebcc0_chunk_0,doc_03741_5c2ebcc0
3903,3903,doc_03742_5f57609c_chunk_0,doc_03742_5f57609c
3904,3904,doc_03743_49f5fc65_chunk_0,doc_03743_49f5fc65
3905,3905,doc_03744_665a69d9_chunk_0,doc_03744_665a69d9
3906,3906,doc_03745_e2a40ccf_chunk_0,doc_03745_e2a40ccf
3907,3907,doc_03746_4ecdbe4d_chunk_0,doc_03746_4ecdbe4d
3908,3908,doc_03747_e80e2b93_chunk_0,doc_03747_e80e2b93
3909,3909,doc_03748_cb8e0864_chunk_0,doc_03748_cb8e0864
3910,3910,doc_03749_dd348687_chunk_0,doc_03749_dd348687
3911,3911,doc_03750_fddcb1dd_chunk_0,doc_03750_fddcb1dd
3912,3912,doc_03751_2344c66b_chunk_0,doc_03751_2344c66b
3913,3913,doc_03752_0122f9dd_chunk_0,doc_03752_0122f9dd
3914,3914,doc_03753_51c7ae73_chunk_0,doc_03753_51c7ae73
3915,3915,doc_03754_aa840b1e_chunk_0,doc_03754_aa840b1e
3916,3916,doc_03754_aa840b1e_chunk_1,doc_03754_aa840b1e
3917,3917,doc_03755_63127ba5_chunk_0,doc_03755_63127ba5
3918,3918,doc_03756_4685600f_chunk_0,doc_03756_4685600f
3919,3919,doc_03757_00b1170d_chunk_0,doc_03757_00b1170d
3920,3920,doc_03758_439adb03_chunk_0,doc_03758_439adb03
3921,3921,doc_03759_b74733f3_chunk_0,doc_03759_b74733f3
3922,3922,doc_03760_0000248c_chunk_0,doc_03760_0000248c
3923,3923,doc_03761_245277f4_chunk_0,doc_03761_245277f4
3924,3924,doc_03762_5746e1e3_chunk_0,doc_03762_5746e1e3
3925,3925,doc_03763_8cc444b4_chunk_0,doc_03763_8cc444b4
3926,3926,doc_03764_73bb05c7_chunk_0,doc_03764_73bb05c7
3927,3927,doc_03765_f1f9f9eb_chunk_0,doc_03765_f1f9f9eb
3928,3928,doc_03766_92154142_chunk_0,doc_03766_92154142
3929,3929,doc_03767_aeb9506b_chunk_0,doc_03767_aeb9506b
3930,3930,doc_03768_8d2f07d8_chunk_0,doc_03768_8d2f07d8
3931,3931,doc_03769_2e63722e_chunk_0,doc_03769_2e63722e
3932,3932,doc_03770_235f044e_chunk_0,doc_03770_235f044e
3933,3933,doc_03771_a5e16fc9_chunk_0,doc_03771_a5e16fc9
3934,3934,doc_03772_facbc5d1_chunk_0,doc_03772_facbc5d1
3935,3935,doc_03773_8c916461_chunk_0,doc_03773_8c916461
3936,3936,doc_03774_675ab010_chunk_0,doc_03774_675ab010
3937,3937,doc_03775_46883b3f_chunk_0,doc_03775_46883b3f
3938,3938,doc_03776_d47bd069_chunk_0,doc_03776_d47bd069
3939,3939,doc_03777_250e1357_chunk_0,doc_03777_250e1357
3940,3940,doc_03777_250e1357_chunk_1,doc_03777_250e1357
3941,3941,doc_03778_6675e9e1_chunk_0,doc_03778_6675e9e1
3942,3942,doc_03779_866653bd_chunk_0,doc_03779_866653bd
3943,3943,doc_03780_d146b0b8_chunk_0,doc_03780_d146b0b8
3944,3944,doc_03781_66d0dc19_chunk_0,doc_03781_66d0dc19
3945,3945,doc_03782_7e6ad93f_chunk_0,doc_03782_7e6ad93f
3946,3946,doc_03783_24ab8f91_chunk_0,doc_03783_24ab8f91
3947,3947,doc_03784_f4b3f064_chunk_0,doc_03784_f4b3f064
3948,3948,doc_03785_8a3acf29_chunk_0,doc_03785_8a3acf29
3949,3949,doc_03786_23f9bd96_chunk_0,doc_03786_23f9bd96
3950,3950,doc_03787_632b8b6a_chunk_0,doc_03787_632b8b6a
3951,3951,doc_03788_1e763a2d_chunk_0,doc_03788_1e763a2d
3952,3952,doc_03789_bd5f6ee7_chunk_0,doc_03789_bd5f6ee7
3953,3953,doc_03790_bbe87a60_chunk_0,doc_03790_bbe87a60
3954,3954,doc_03791_b958c137_chunk_0,doc_03791_b958c137
3955,3955,doc_03792_9bbcc360_chunk_0,doc_03792_9bbcc360
3956,3956,doc_03793_28092842_chunk_0,doc_03793_28092842
3957,3957,doc_03794_d0a6951b_chunk_0,doc_03794_d0a6951b
3958,3958,doc_03795_d7b38739_chunk_0,doc_03795_d7b38739
3959,3959,doc_03796_4607e628_chunk_0,doc_03796_4607e628
3960,3960,doc_03797_f59f7c3b_chunk_0,doc_03797_f59f7c3b
3961,3961,doc_03798_f204914e_chunk_0,doc_03798_f204914e
3962,3962,doc_03799_502d9634_chunk_0,doc_03799_502d9634
3963,3963,doc_03800_7a6a06d2_chunk_0,doc_03800_7a6a06d2
3964,3964,doc_03801_e6f21409_chunk_0,doc_03801_e6f21409
3965,3965,doc_03802_3dc43f33_chunk_0,doc_03802_3dc43f33
3966,3966,doc_03803_107039fc_chunk_0,doc_03803_107039fc
3967,3967,doc_03804_5b54337a_chunk_0,doc_03804_5b54337a
3968,3968,doc_03805_47f07447_chunk_0,doc_03805_47f07447
3969,3969,doc_03806_ff93978a_chunk_0,doc_03806_ff93978a
3970,3970,doc_03807_d59f0253_chunk_0,doc_03807_d59f0253
3971,3971,doc_03808_dcc74b99_chunk_0,doc_03808_dcc74b99
3972,3972,doc_03809_3bafa91e_chunk_0,doc_03809_3bafa91e
3973,3973,doc_03810_2447ba6b_chunk_0,doc_03810_2447ba6b
3974,3974,doc_03811_151248df_chunk_0,doc_03811_151248df
3975,3975,doc_03812_5f39cb49_chunk_0,doc_03812_5f39cb49
3976,3976,doc_03813_fc61b0fb_chunk_0,doc_03813_fc61b0fb
3977,3977,doc_03814_ec0a4f0e_chunk_0,doc_03814_ec0a4f0e
3978,3978,doc_03815_c39d6651_chunk_0,doc_03815_c39d6651
3979,3979,doc_03816_41b48fc1_chunk_0,doc_03816_41b48fc1
3980,3980,doc_03817_66ef7fde_chunk_0,doc_03817_66ef7fde
3981,3981,doc_03818_44e7fdb1_chunk_0,doc_03818_44e7fdb1
3982,3982,doc_03819_a54be933_chunk_0,doc_03819_a54be933
3983,3983,doc_03820_ec16e11c_chunk_0,doc_03820_ec16e11c
3984,3984,doc_03821_d460679b_chunk_0,doc_03821_d460679b
3985,3985,doc_03822_d289f440_chunk_0,doc_03822_d289f440
3986,3986,doc_03823_8614a269_chunk_0,doc_03823_8614a269
3987,3987,doc_03824_4392cf13_chunk_0,doc_03824_4392cf13
3988,3988,doc_03825_5e079f35_chunk_0,doc_03825_5e079f35
3989,3989,doc_03826_4375dd02_chunk_0,doc_03826_4375dd02
3990,3990,doc_03827_72736891_chunk_0,doc_03827_72736891
3991,3991,doc_03828_0eac7e1b_chunk_0,doc_03828_0eac7e1b
3992,3992,doc_03829_1000054b_chunk_0,doc_03829_1000054b
3993,3993,doc_03830_6ce7bd3f_chunk_0,doc_03830_6ce7bd3f
3994,3994,doc_03831_0172b7dd_chunk_0,doc_03831_0172b7dd
3995,3995,doc_03832_c79fe844_chunk_0,doc_03832_c79fe844
3996,3996,doc_03833_bc7ec276_chunk_0,doc_03833_bc7ec276
3997,3997,doc_03834_14c20c9e_chunk_0,doc_03834_14c20c9e
3998,3998,doc_03835_8fddef24_chunk_0,doc_03835_8fddef24
3999,3999,doc_03836_65efec1b_chunk_0,doc_03836_65efec1b
4000,4000,doc_03837_0743b104_chunk_0,doc_03837_0743b104
4001,4001,doc_03838_a89b816e_chunk_0,doc_03838_a89b816e
4002,4002,doc_03839_44d29a50_chunk_0,doc_03839_44d29a50
4003,4003,doc_03840_e40eef4f_chunk_0,doc_03840_e40eef4f
4004,4004,doc_03841_73a097e8_chunk_0,doc_03841_73a097e8
4005,4005,doc_03842_d9794ea8_chunk_0,doc_03842_d9794ea8
4006,4006,doc_03843_61e3b64f_chunk_0,doc_03843_61e3b64f
4007,4007,doc_03844_c539bb19_chunk_0,doc_03844_c539bb19
4008,4008,doc_03845_f53e37f9_chunk_0,doc_03845_f53e37f9
4009,4009,doc_03846_602e7b2f_chunk_0,doc_03846_602e7b2f
4010,4010,doc_03847_dab34e50_chunk_0,doc_03847_dab34e50
4011,4011,doc_03848_727a0f2f_chunk_0,doc_03848_727a0f2f
4012,4012,doc_03849_6747f9bb_chunk_0,doc_03849_6747f9bb
4013,4013,doc_03850_3c32e822_chunk_0,doc_03850_3c32e822
4014,4014,doc_03851_85bee41f_chunk_0,doc_03851_85bee41f
4015,4015,doc_03852_a9c26077_chunk_0,doc_03852_a9c26077
4016,4016,doc_03853_e5bb9bf2_chunk_0,doc_03853_e5bb9bf2
4017,4017,doc_03854_cc38c1e2_chunk_0,doc_03854_cc38c1e2
4018,4018,doc_03855_b5379581_chunk_0,doc_03855_b5379581
4019,4019,doc_03856_01193b2d_chunk_0,doc_03856_01193b2d
4020,4020,doc_03857_cb19a609_chunk_0,doc_03857_cb19a609
4021,4021,doc_03858_b6a4cdfc_chunk_0,doc_03858_b6a4cdfc
4022,4022,doc_03859_00e76a18_chunk_0,doc_03859_00e76a18
4023,4023,doc_03860_3412144c_chunk_0,doc_03860_3412144c
4024,4024,doc_03861_f57c9da6_chunk_0,doc_03861_f57c9da6
4025,4025,doc_03862_8c200918_chunk_0,doc_03862_8c200918
4026,4026,doc_03863_42eb6199_chunk_0,doc_03863_42eb6199
4027,4027,doc_03864_ad5edc88_chunk_0,doc_03864_ad5edc88
4028,4028,doc_03865_ae997f18_chunk_0,doc_03865_ae997f18
4029,4029,doc_03866_f22f2b4c_chunk_0,doc_03866_f22f2b4c
4030,4030,doc_03867_2bc1426d_chunk_0,doc_03867_2bc1426d
4031,4031,doc_03867_2bc1426d_chunk_1,doc_03867_2bc1426d
4032,4032,doc_03868_dfeef069_chunk_0,doc_03868_dfeef069
4033,4033,doc_03869_e49b24e4_chunk_0,doc_03869_e49b24e4
4034,4034,doc_03870_0909e806_chunk_0,doc_03870_0909e806
4035,4035,doc_03871_3e5e1a1e_chunk_0,doc_03871_3e5e1a1e
4036,4036,doc_03872_ed71ce82_chunk_0,doc_03872_ed71ce82
4037,4037,doc_03873_549cc7bd_chunk_0,doc_03873_549cc7bd
4038,4038,doc_03873_549cc7bd_chunk_1,doc_03873_549cc7bd
4039,4039,doc_03873_549cc7bd_chunk_2,doc_03873_549cc7bd
4040,4040,doc_03874_a214127d_chunk_0,doc_03874_a214127d
4041,4041,doc_03875_e8c9b316_chunk_0,doc_03875_e8c9b316
4042,4042,doc_03876_0b66f8d8_chunk_0,doc_03876_0b66f8d8
4043,4043,doc_03877_00eb8c59_chunk_0,doc_03877_00eb8c59
4044,4044,doc_03878_093cf677_chunk_0,doc_03878_093cf677
4045,4045,doc_03879_cbe3f75d_chunk_0,doc_03879_cbe3f75d
4046,4046,doc_03880_0bfbb29c_chunk_0,doc_03880_0bfbb29c
4047,4047,doc_03881_6ef2d9b2_chunk_0,doc_03881_6ef2d9b2
4048,4048,doc_03882_55a9f04e_chunk_0,doc_03882_55a9f04e
4049,4049,doc_03883_d41e0e85_chunk_0,doc_03883_d41e0e85
4050,4050,doc_03884_a47f6496_chunk_0,doc_03884_a47f6496
4051,4051,doc_03885_3e95b163_chunk_0,doc_03885_3e95b163
4052,4052,doc_03886_6b7e8b5a_chunk_0,doc_03886_6b7e8b5a
4053,4053,doc_03887_5e05f37a_chunk_0,doc_03887_5e05f37a
4054,4054,doc_03888_57324253_chunk_0,doc_03888_57324253
4055,4055,doc_03889_2da2d3ba_chunk_0,doc_03889_2da2d3ba
4056,4056,doc_03889_2da2d3ba_chunk_1,doc_03889_2da2d3ba
4057,4057,doc_03890_61e41aaf_chunk_0,doc_03890_61e41aaf
4058,4058,doc_03891_fe3e0a22_chunk_0,doc_03891_fe3e0a22
4059,4059,doc_03891_fe3e0a22_chunk_1,doc_03891_fe3e0a22
4060,4060,doc_03892_6def5526_chunk_0,doc_03892_6def5526
4061,4061,doc_03893_44c1ccb6_chunk_0,doc_03893_44c1ccb6
4062,4062,doc_03894_834a4c65_chunk_0,doc_03894_834a4c65
4063,4063,doc_03895_26788e21_chunk_0,doc_03895_26788e21
4064,4064,doc_03896_42b5c018_chunk_0,doc_03896_42b5c018
4065,4065,doc_03897_8f78995b_chunk_0,doc_03897_8f78995b
4066,4066,doc_03898_071c67d5_chunk_0,doc_03898_071c67d5
4067,4067,doc_03899_f6333ab2_chunk_0,doc_03899_f6333ab2
4068,4068,doc_03900_bc6b3d28_chunk_0,doc_03900_bc6b3d28
4069,4069,doc_03901_fa1ac11d_chunk_0,doc_03901_fa1ac11d
4070,4070,doc_03902_17faedc7_chunk_0,doc_03902_17faedc7
4071,4071,doc_03903_31a5e91c_chunk_0,doc_03903_31a5e91c
4072,4072,doc_03904_a8b17f92_chunk_0,doc_03904_a8b17f92
4073,4073,doc_03905_75f0d4d1_chunk_0,doc_03905_75f0d4d1
4074,4074,doc_03906_9a6f51d2_chunk_0,doc_03906_9a6f51d2
4075,4075,doc_03907_9c8ff713_chunk_0,doc_03907_9c8ff713
4076,4076,doc_03908_71639d2d_chunk_0,doc_03908_71639d2d
4077,4077,doc_03909_3a684f4e_chunk_0,doc_03909_3a684f4e
4078,4078,doc_03910_fc90f0d1_chunk_0,doc_03910_fc90f0d1
4079,4079,doc_03911_6e93d04b_chunk_0,doc_03911_6e93d04b
4080,4080,doc_03912_5fd65735_chunk_0,doc_03912_5fd65735
4081,4081,doc_03913_c8a76ca2_chunk_0,doc_03913_c8a76ca2
4082,4082,doc_03914_3e02b35b_chunk_0,doc_03914_3e02b35b
4083,4083,doc_03915_cbba8616_chunk_0,doc_03915_cbba8616
4084,4084,doc_03916_d7e15329_chunk_0,doc_03916_d7e15329
4085,4085,doc_03917_3163fcd8_chunk_0,doc_03917_3163fcd8
4086,4086,doc_03918_e532df8d_chunk_0,doc_03918_e532df8d
4087,4087,doc_03919_43fd71e5_chunk_0,doc_03919_43fd71e5
4088,4088,doc_03920_9f8bb556_chunk_0,doc_03920_9f8bb556
4089,4089,doc_03921_ca735433_chunk_0,doc_03921_ca735433
4090,4090,doc_03922_e6a753fe_chunk_0,doc_03922_e6a753fe
4091,4091,doc_03923_cd784e36_chunk_0,doc_03923_cd784e36
4092,4092,doc_03924_560fbd03_chunk_0,doc_03924_560fbd03
4093,4093,doc_03925_5b430919_chunk_0,doc_03925_5b430919
4094,4094,doc_03926_ef20f16a_chunk_0,doc_03926_ef20f16a
4095,4095,doc_03927_6305c0ea_chunk_0,doc_03927_6305c0ea
4096,4096,doc_03928_bb2cdbc5_chunk_0,doc_03928_bb2cdbc5
4097,4097,doc_03929_2c9ee048_chunk_0,doc_03929_2c9ee048
4098,4098,doc_03930_0dca5196_chunk_0,doc_03930_0dca5196
4099,4099,doc_03931_b92d7d14_chunk_0,doc_03931_b92d7d14
4100,4100,doc_03931_b92d7d14_chunk_1,doc_03931_b92d7d14
4101,4101,doc_03932_e5d0d593_chunk_0,doc_03932_e5d0d593
4102,4102,doc_03933_f94c3920_chunk_0,doc_03933_f94c3920
4103,4103,doc_03934_46ef2bee_chunk_0,doc_03934_46ef2bee
4104,4104,doc_03935_b1876191_chunk_0,doc_03935_b1876191
4105,4105,doc_03935_b1876191_chunk_1,doc_03935_b1876191
4106,4106,doc_03936_f3daa9f9_chunk_0,doc_03936_f3daa9f9
4107,4107,doc_03937_6a566e14_chunk_0,doc_03937_6a566e14
4108,4108,doc_03938_d934db91_chunk_0,doc_03938_d934db91
4109,4109,doc_03939_be0b3567_chunk_0,doc_03939_be0b3567
4110,4110,doc_03940_5e356a09_chunk_0,doc_03940_5e356a09
4111,4111,doc_03941_61de55ea_chunk_0,doc_03941_61de55ea
4112,4112,doc_03942_c8b37959_chunk_0,doc_03942_c8b37959
4113,4113,doc_03943_c14db467_chunk_0,doc_03943_c14db467
4114,4114,doc_03943_c14db467_chunk_1,doc_03943_c14db467
4115,4115,doc_03944_958c9f62_chunk_0,doc_03944_958c9f62
4116,4116,doc_03945_9cc9e197_chunk_0,doc_03945_9cc9e197
4117,4117,doc_03946_bc798214_chunk_0,doc_03946_bc798214
4118,4118,doc_03947_736d30dc_chunk_0,doc_03947_736d30dc
4119,4119,doc_03948_6bb20318_chunk_0,doc_03948_6bb20318
4120,4120,doc_03949_95fc83a4_chunk_0,doc_03949_95fc83a4
4121,4121,doc_03949_95fc83a4_chunk_1,doc_03949_95fc83a4
4122,4122,doc_03950_e4fd74b4_chunk_0,doc_03950_e4fd74b4
4123,4123,doc_03950_e4fd74b4_chunk_1,doc_03950_e4fd74b4
4124,4124,doc_03951_cc94e128_chunk_0,doc_03951_cc94e128
4125,4125,doc_03952_11570787_chunk_0,doc_03952_11570787
4126,4126,doc_03953_e5e45bc0_chunk_0,doc_03953_e5e45bc0
4127,4127,doc_03954_1388dd94_chunk_0,doc_03954_1388dd94
4128,4128,doc_03955_2fbaffbc_chunk_0,doc_03955_2fbaffbc
4129,4129,doc_03956_892a23a5_chunk_0,doc_03956_892a23a5
4130,4130,doc_03957_25c02f70_chunk_0,doc_03957_25c02f70
4131,4131,doc_03958_5f538cca_chunk_0,doc_03958_5f538cca
4132,4132,doc_03959_c6e91dc2_chunk_0,doc_03959_c6e91dc2
4133,4133,doc_03960_02e2aca3_chunk_0,doc_03960_02e2aca3
4134,4134,doc_03961_a64cb5d2_chunk_0,doc_03961_a64cb5d2
4135,4135,doc_03962_49e0661b_chunk_0,doc_03962_49e0661b
4136,4136,doc_03963_79b627ad_chunk_0,doc_03963_79b627ad
4137,4137,doc_03964_58854048_chunk_0,doc_03964_58854048
4138,4138,doc_03965_1bae520e_chunk_0,doc_03965_1bae520e
4139,4139,doc_03966_ef002270_chunk_0,doc_03966_ef002270
4140,4140,doc_03967_f027a849_chunk_0,doc_03967_f027a849
4141,4141,doc_03968_923cab99_chunk_0,doc_03968_923cab99
4142,4142,doc_03969_3e02af86_chunk_0,doc_03969_3e02af86
4143,4143,doc_03970_885d0c27_chunk_0,doc_03970_885d0c27
4144,4144,doc_03971_571fb71a_chunk_0,doc_03971_571fb71a
4145,4145,doc_03972_7253c455_chunk_0,doc_03972_7253c455
4146,4146,doc_03973_0a5d8517_chunk_0,doc_03973_0a5d8517
4147,4147,doc_03974_bc117a82_chunk_0,doc_03974_bc117a82
4148,4148,doc_03975_52a27ca0_chunk_0,doc_03975_52a27ca0
4149,4149,doc_03976_455ce41e_chunk_0,doc_03976_455ce41e
4150,4150,doc_03977_0bebcf5a_chunk_0,doc_03977_0bebcf5a
4151,4151,doc_03978_82553d6c_chunk_0,doc_03978_82553d6c
4152,4152,doc_03979_ff045368_chunk_0,doc_03979_ff045368
4153,4153,doc_03980_c96b1b0c_chunk_0,doc_03980_c96b1b0c
4154,4154,doc_03981_cd4e5fb2_chunk_0,doc_03981_cd4e5fb2
4155,4155,doc_03982_86c13259_chunk_0,doc_03982_86c13259
4156,4156,doc_03983_907c57f4_chunk_0,doc_03983_907c57f4
4157,4157,doc_03984_b9be6ba6_chunk_0,doc_03984_b9be6ba6
4158,4158,doc_03985_0f113567_chunk_0,doc_03985_0f113567
4159,4159,doc_03986_c79fb980_chunk_0,doc_03986_c79fb980
4160,4160,doc_03987_5ae676b0_chunk_0,doc_03987_5ae676b0
4161,4161,doc_03988_7af965eb_chunk_0,doc_03988_7af965eb
4162,4162,doc_03989_f7e7460c_chunk_0,doc_03989_f7e7460c
4163,4163,doc_03990_626e0582_chunk_0,doc_03990_626e0582
4164,4164,doc_03991_8fcbcd85_chunk_0,doc_03991_8fcbcd85
4165,4165,doc_03992_1e27c4e2_chunk_0,doc_03992_1e27c4e2
4166,4166,doc_03993_b7cdd951_chunk_0,doc_03993_b7cdd951
4167,4167,doc_03994_7be17d06_chunk_0,doc_03994_7be17d06
4168,4168,doc_03994_7be17d06_chunk_1,doc_03994_7be17d06
4169,4169,doc_03995_37029fd8_chunk_0,doc_03995_37029fd8
4170,4170,doc_03996_c68bbfa3_chunk_0,doc_03996_c68bbfa3
4171,4171,doc_03997_27178cde_chunk_0,doc_03997_27178cde
4172,4172,doc_03998_040fb753_chunk_0,doc_03998_040fb753
4173,4173,doc_03999_33051a05_chunk_0,doc_03999_33051a05
4174,4174,doc_03999_33051a05_chunk_1,doc_03999_33051a05
4175,4175,doc_04000_1afe0951_chunk_0,doc_04000_1afe0951
4176,4176,doc_04001_b6af56e3_chunk_0,doc_04001_b6af56e3
4177,4177,doc_04002_7ebffb15_chunk_0,doc_04002_7ebffb15
4178,4178,doc_04003_aeac3e3e_chunk_0,doc_04003_aeac3e3e
4179,4179,doc_04004_83b2156a_chunk_0,doc_04004_83b2156a
4180,4180,doc_04005_081566a1_chunk_0,doc_04005_081566a1
4181,4181,doc_04006_b8b22bd6_chunk_0,doc_04006_b8b22bd6
4182,4182,doc_04007_28367aa3_chunk_0,doc_04007_28367aa3
4183,4183,doc_04008_25e60562_chunk_0,doc_04008_25e60562
4184,4184,doc_04009_5030112e_chunk_0,doc_04009_5030112e
4185,4185,doc_04010_bfb1716e_chunk_0,doc_04010_bfb1716e
4186,4186,doc_04011_7f5e6e28_chunk_0,doc_04011_7f5e6e28
4187,4187,doc_04012_92a7dbbc_chunk_0,doc_04012_92a7dbbc
4188,4188,doc_04013_8f028896_chunk_0,doc_04013_8f028896
4189,4189,doc_04014_53755609_chunk_0,doc_04014_53755609
4190,4190,doc_04015_8d2f1dc9_chunk_0,doc_04015_8d2f1dc9
4191,4191,doc_04016_074b6dc8_chunk_0,doc_04016_074b6dc8
4192,4192,doc_04017_3dd3cadc_chunk_0,doc_04017_3dd3cadc
4193,4193,doc_04018_f1d37440_chunk_0,doc_04018_f1d37440
4194,4194,doc_04019_5a0d650a_chunk_0,doc_04019_5a0d650a
4195,4195,doc_04020_8a39da32_chunk_0,doc_04020_8a39da32
4196,4196,doc_04021_d03f9b12_chunk_0,doc_04021_d03f9b12
4197,4197,doc_04022_3643050c_chunk_0,doc_04022_3643050c
4198,4198,doc_04023_d14f2741_chunk_0,doc_04023_d14f2741
4199,4199,doc_04024_d3725936_chunk_0,doc_04024_d3725936
4200,4200,doc_04025_9f56b00e_chunk_0,doc_04025_9f56b00e
4201,4201,doc_04025_9f56b00e_chunk_1,doc_04025_9f56b00e
4202,4202,doc_04026_87e79ea5_chunk_0,doc_04026_87e79ea5
4203,4203,doc_04027_b7221445_chunk_0,doc_04027_b7221445
4204,4204,doc_04028_2a8eb1d5_chunk_0,doc_04028_2a8eb1d5
4205,4205,doc_04029_a4667bc3_chunk_0,doc_04029_a4667bc3
4206,4206,doc_04030_2f0d1ec6_chunk_0,doc_04030_2f0d1ec6
4207,4207,doc_04031_cf8511b8_chunk_0,doc_04031_cf8511b8
4208,4208,doc_04032_ca35c63d_chunk_0,doc_04032_ca35c63d
4209,4209,doc_04033_27305a58_chunk_0,doc_04033_27305a58
4210,4210,doc_04034_1ee92293_chunk_0,doc_04034_1ee92293
4211,4211,doc_04035_6ad63e28_chunk_0,doc_04035_6ad63e28
4212,4212,doc_04036_b417d66e_chunk_0,doc_04036_b417d66e
4213,4213,doc_04037_b315bc6b_chunk_0,doc_04037_b315bc6b
4214,4214,doc_04038_3494dc5e_chunk_0,doc_04038_3494dc5e
4215,4215,doc_04039_f6fc73e2_chunk_0,doc_04039_f6fc73e2
4216,4216,doc_04040_204e8297_chunk_0,doc_04040_204e8297
4217,4217,doc_04041_e94c09a6_chunk_0,doc_04041_e94c09a6
4218,4218,doc_04042_8ad01136_chunk_0,doc_04042_8ad01136
4219,4219,doc_04043_f7896c9d_chunk_0,doc_04043_f7896c9d
4220,4220,doc_04044_3a417838_chunk_0,doc_04044_3a417838
4221,4221,doc_04045_ebb8a4f7_chunk_0,doc_04045_ebb8a4f7
4222,4222,doc_04046_7d6f2ca1_chunk_0,doc_04046_7d6f2ca1
4223,4223,doc_04047_beab9a7f_chunk_0,doc_04047_beab9a7f
4224,4224,doc_04048_4b7f24a5_chunk_0,doc_04048_4b7f24a5
4225,4225,doc_04049_b45fd4b9_chunk_0,doc_04049_b45fd4b9
4226,4226,doc_04050_84e7b082_chunk_0,doc_04050_84e7b082
4227,4227,doc_04051_5e1e4945_chunk_0,doc_04051_5e1e4945
4228,4228,doc_04052_bb59e24d_chunk_0,doc_04052_bb59e24d
4229,4229,doc_04053_5584b4a1_chunk_0,doc_04053_5584b4a1
4230,4230,doc_04054_3cdbad82_chunk_0,doc_04054_3cdbad82
4231,4231,doc_04055_67e84e04_chunk_0,doc_04055_67e84e04
4232,4232,doc_04056_304ebb3a_chunk_0,doc_04056_304ebb3a
4233,4233,doc_04057_5664e4df_chunk_0,doc_04057_5664e4df
4234,4234,doc_04058_4167d6e5_chunk_0,doc_04058_4167d6e5
4235,4235,doc_04059_fa8652be_chunk_0,doc_04059_fa8652be
4236,4236,doc_04059_fa8652be_chunk_1,doc_04059_fa8652be
4237,4237,doc_04060_cd5a2c4d_chunk_0,doc_04060_cd5a2c4d
4238,4238,doc_04060_cd5a2c4d_chunk_1,doc_04060_cd5a2c4d
4239,4239,doc_04061_9d4b23b3_chunk_0,doc_04061_9d4b23b3
4240,4240,doc_04061_9d4b23b3_chunk_1,doc_04061_9d4b23b3
4241,4241,doc_04062_569a995f_chunk_0,doc_04062_569a995f
4242,4242,doc_04063_cc2cf58f_chunk_0,doc_04063_cc2cf58f
4243,4243,doc_04063_cc2cf58f_chunk_1,doc_04063_cc2cf58f
4244,4244,doc_04064_53efe103_chunk_0,doc_04064_53efe103
4245,4245,doc_04065_ecd7ad74_chunk_0,doc_04065_ecd7ad74
4246,4246,doc_04066_f60ff151_chunk_0,doc_04066_f60ff151
4247,4247,doc_04067_f3c2aa63_chunk_0,doc_04067_f3c2aa63
4248,4248,doc_04068_c527e907_chunk_0,doc_04068_c527e907
4249,4249,doc_04068_c527e907_chunk_1,doc_04068_c527e907
4250,4250,doc_04069_4600773a_chunk_0,doc_04069_4600773a
4251,4251,doc_04070_451b9353_chunk_0,doc_04070_451b9353
4252,4252,doc_04070_451b9353_chunk_1,doc_04070_451b9353
4253,4253,doc_04071_54104210_chunk_0,doc_04071_54104210
4254,4254,doc_04072_6948b776_chunk_0,doc_04072_6948b776
4255,4255,doc_04073_837fcc0c_chunk_0,doc_04073_837fcc0c
4256,4256,doc_04073_837fcc0c_chunk_1,doc_04073_837fcc0c
4257,4257,doc_04074_64ddf382_chunk_0,doc_04074_64ddf382
4258,4258,doc_04075_81947775_chunk_0,doc_04075_81947775
4259,4259,doc_04076_a809f6d7_chunk_0,doc_04076_a809f6d7
4260,4260,doc_04077_57d15e41_chunk_0,doc_04077_57d15e41
4261,4261,doc_04077_57d15e41_chunk_1,doc_04077_57d15e41
4262,4262,doc_04078_f9543d08_chunk_0,doc_04078_f9543d08
4263,4263,doc_04079_e5c75473_chunk_0,doc_04079_e5c75473
4264,4264,doc_04080_84082cb6_chunk_0,doc_04080_84082cb6
4265,4265,doc_04081_37914b88_chunk_0,doc_04081_37914b88
4266,4266,doc_04082_32b0fe9e_chunk_0,doc_04082_32b0fe9e
4267,4267,doc_04083_0091f737_chunk_0,doc_04083_0091f737
4268,4268,doc_04084_ac17ac32_chunk_0,doc_04084_ac17ac32
4269,4269,doc_04085_0706b2b0_chunk_0,doc_04085_0706b2b0
4270,4270,doc_04086_7607cc05_chunk_0,doc_04086_7607cc05
4271,4271,doc_04087_c65b7a5b_chunk_0,doc_04087_c65b7a5b
4272,4272,doc_04088_47caea8d_chunk_0,doc_04088_47caea8d
4273,4273,doc_04089_fc243519_chunk_0,doc_04089_fc243519
4274,4274,doc_04090_7b7e21ed_chunk_0,doc_04090_7b7e21ed
4275,4275,doc_04091_0aa87fd3_chunk_0,doc_04091_0aa87fd3
4276,4276,doc_04092_222971b4_chunk_0,doc_04092_222971b4
4277,4277,doc_04093_9820920e_chunk_0,doc_04093_9820920e
4278,4278,doc_04094_0c7ec728_chunk_0,doc_04094_0c7ec728
4279,4279,doc_04095_8c96dc49_chunk_0,doc_04095_8c96dc49
4280,4280,doc_04096_cb54809a_chunk_0,doc_04096_cb54809a
4281,4281,doc_04097_dc734cf8_chunk_0,doc_04097_dc734cf8
4282,4282,doc_04098_0fb716ae_chunk_0,doc_04098_0fb716ae
4283,4283,doc_04099_57e08543_chunk_0,doc_04099_57e08543
4284,4284,doc_04100_4dd856a8_chunk_0,doc_04100_4dd856a8
4285,4285,doc_04101_2b70f725_chunk_0,doc_04101_2b70f725
4286,4286,doc_04102_3646f28d_chunk_0,doc_04102_3646f28d
4287,4287,doc_04103_8b38332f_chunk_0,doc_04103_8b38332f
4288,4288,doc_04104_095c75e2_chunk_0,doc_04104_095c75e2
4289,4289,doc_04105_4652eea0_chunk_0,doc_04105_4652eea0
4290,4290,doc_04106_c1f39c3b_chunk_0,doc_04106_c1f39c3b
4291,4291,doc_04107_31e0cc3f_chunk_0,doc_04107_31e0cc3f
4292,4292,doc_04108_ebc54026_chunk_0,doc_04108_ebc54026
4293,4293,doc_04109_af58024f_chunk_0,doc_04109_af58024f
4294,4294,doc_04110_e1263d40_chunk_0,doc_04110_e1263d40
4295,4295,doc_04111_26d2dec5_chunk_0,doc_04111_26d2dec5
4296,4296,doc_04112_fd3f469d_chunk_0,doc_04112_fd3f469d
4297,4297,doc_04113_73b02700_chunk_0,doc_04113_73b02700
4298,4298,doc_04113_73b02700_chunk_1,doc_04113_73b02700
4299,4299,doc_04114_afef8c03_chunk_0,doc_04114_afef8c03
4300,4300,doc_04115_77e1183a_chunk_0,doc_04115_77e1183a
4301,4301,doc_04116_4e92613a_chunk_0,doc_04116_4e92613a
4302,4302,doc_04117_88cb18e5_chunk_0,doc_04117_88cb18e5
4303,4303,doc_04118_02b0d401_chunk_0,doc_04118_02b0d401
4304,4304,doc_04119_eb51cdc4_chunk_0,doc_04119_eb51cdc4
4305,4305,doc_04120_5dda33a5_chunk_0,doc_04120_5dda33a5
4306,4306,doc_04120_5dda33a5_chunk_1,doc_04120_5dda33a5
4307,4307,doc_04121_34a20842_chunk_0,doc_04121_34a20842
4308,4308,doc_04122_e5fdfdb8_chunk_0,doc_04122_e5fdfdb8
4309,4309,doc_04123_d38c6eab_chunk_0,doc_04123_d38c6eab
4310,4310,doc_04124_43a32124_chunk_0,doc_04124_43a32124
4311,4311,doc_04125_6d2b3fb1_chunk_0,doc_04125_6d2b3fb1
4312,4312,doc_04126_a74103c5_chunk_0,doc_04126_a74103c5
4313,4313,doc_04127_5a64a4f8_chunk_0,doc_04127_5a64a4f8
4314,4314,doc_04128_53d748db_chunk_0,doc_04128_53d748db
4315,4315,doc_04129_cb613cbc_chunk_0,doc_04129_cb613cbc
4316,4316,doc_04130_d7dbbe00_chunk_0,doc_04130_d7dbbe00
4317,4317,doc_04131_32a64aac_chunk_0,doc_04131_32a64aac
4318,4318,doc_04132_7b42e8a7_chunk_0,doc_04132_7b42e8a7
4319,4319,doc_04133_84365c01_chunk_0,doc_04133_84365c01
4320,4320,doc_04134_1bcc1491_chunk_0,doc_04134_1bcc1491
4321,4321,doc_04135_e4bcb59a_chunk_0,doc_04135_e4bcb59a
4322,4322,doc_04136_521b542d_chunk_0,doc_04136_521b542d
4323,4323,doc_04136_521b542d_chunk_1,doc_04136_521b542d
4324,4324,doc_04137_56873658_chunk_0,doc_04137_56873658
4325,4325,doc_04138_4083e4c6_chunk_0,doc_04138_4083e4c6
4326,4326,doc_04139_37c04f11_chunk_0,doc_04139_37c04f11
4327,4327,doc_04140_7048308f_chunk_0,doc_04140_7048308f
4328,4328,doc_04141_90c2fde4_chunk_0,doc_04141_90c2fde4
4329,4329,doc_04142_875bd052_chunk_0,doc_04142_875bd052
4330,4330,doc_04143_49d554e3_chunk_0,doc_04143_49d554e3
4331,4331,doc_04144_b7cbe3e1_chunk_0,doc_04144_b7cbe3e1
4332,4332,doc_04145_cb097dd5_chunk_0,doc_04145_cb097dd5
4333,4333,doc_04146_997f4f2e_chunk_0,doc_04146_997f4f2e
4334,4334,doc_04147_40e5fae8_chunk_0,doc_04147_40e5fae8
4335,4335,doc_04148_d7944434_chunk_0,doc_04148_d7944434
4336,4336,doc_04149_08e4e12f_chunk_0,doc_04149_08e4e12f
4337,4337,doc_04150_f0890a83_chunk_0,doc_04150_f0890a83
4338,4338,doc_04151_f5a77c7b_chunk_0,doc_04151_f5a77c7b
4339,4339,doc_04152_1b0c2253_chunk_0,doc_04152_1b0c2253
4340,4340,doc_04153_258e9f38_chunk_0,doc_04153_258e9f38
4341,4341,doc_04154_1222baee_chunk_0,doc_04154_1222baee
4342,4342,doc_04155_f6e30e2a_chunk_0,doc_04155_f6e30e2a
4343,4343,doc_04156_c6498672_chunk_0,doc_04156_c6498672
4344,4344,doc_04157_0f05180d_chunk_0,doc_04157_0f05180d
4345,4345,doc_04158_5b9b411f_chunk_0,doc_04158_5b9b411f
4346,4346,doc_04159_9f5d2425_chunk_0,doc_04159_9f5d2425
4347,4347,doc_04160_60749f1f_chunk_0,doc_04160_60749f1f
4348,4348,doc_04161_4ab6786a_chunk_0,doc_04161_4ab6786a
4349,4349,doc_04162_68514546_chunk_0,doc_04162_68514546
4350,4350,doc_04163_db6e0d50_chunk_0,doc_04163_db6e0d50
4351,4351,doc_04164_51c851ba_chunk_0,doc_04164_51c851ba
4352,4352,doc_04165_703fb855_chunk_0,doc_04165_703fb855
4353,4353,doc_04166_594a9e6c_chunk_0,doc_04166_594a9e6c
4354,4354,doc_04167_a44eeda1_chunk_0,doc_04167_a44eeda1
4355,4355,doc_04167_a44eeda1_chunk_1,doc_04167_a44eeda1
4356,4356,doc_04168_8e8bfffd_chunk_0,doc_04168_8e8bfffd
4357,4357,doc_04168_8e8bfffd_chunk_1,doc_04168_8e8bfffd
4358,4358,doc_04169_11212953_chunk_0,doc_04169_11212953
4359,4359,doc_04169_11212953_chunk_1,doc_04169_11212953
4360,4360,doc_04170_21abbf19_chunk_0,doc_04170_21abbf19
4361,4361,doc_04170_21abbf19_chunk_1,doc_04170_21abbf19
4362,4362,doc_04171_62c65f82_chunk_0,doc_04171_62c65f82
4363,4363,doc_04172_710b576e_chunk_0,doc_04172_710b576e
4364,4364,doc_04173_037e6e91_chunk_0,doc_04173_037e6e91
4365,4365,doc_04174_feb593a5_chunk_0,doc_04174_feb593a5
4366,4366,doc_04174_feb593a5_chunk_1,doc_04174_feb593a5
4367,4367,doc_04175_c31601ca_chunk_0,doc_04175_c31601ca
4368,4368,doc_04176_440efd3e_chunk_0,doc_04176_440efd3e
4369,4369,doc_04177_e10d517c_chunk_0,doc_04177_e10d517c
4370,4370,doc_04178_cf8b0336_chunk_0,doc_04178_cf8b0336
4371,4371,doc_04178_cf8b0336_chunk_1,doc_04178_cf8b0336
4372,4372,doc_04179_af82001b_chunk_0,doc_04179_af82001b
4373,4373,doc_04180_62c01029_chunk_0,doc_04180_62c01029
4374,4374,doc_04181_a656db60_chunk_0,doc_04181_a656db60
4375,4375,doc_04182_f7dfc955_chunk_0,doc_04182_f7dfc955
4376,4376,doc_04183_ffcfde26_chunk_0,doc_04183_ffcfde26
4377,4377,doc_04184_6af98829_chunk_0,doc_04184_6af98829
4378,4378,doc_04185_761049d2_chunk_0,doc_04185_761049d2
4379,4379,doc_04186_b9f851d2_chunk_0,doc_04186_b9f851d2
4380,4380,doc_04187_9c511b10_chunk_0,doc_04187_9c511b10
4381,4381,doc_04188_01b89588_chunk_0,doc_04188_01b89588
4382,4382,doc_04189_75fd664d_chunk_0,doc_04189_75fd664d
4383,4383,doc_04190_cad89983_chunk_0,doc_04190_cad89983
4384,4384,doc_04191_1dba9711_chunk_0,doc_04191_1dba9711
4385,4385,doc_04192_2d12c8d8_chunk_0,doc_04192_2d12c8d8
4386,4386,doc_04193_f8f16af7_chunk_0,doc_04193_f8f16af7
4387,4387,doc_04194_aedff856_chunk_0,doc_04194_aedff856
4388,4388,doc_04195_0dbdc2b7_chunk_0,doc_04195_0dbdc2b7
4389,4389,doc_04196_73ddd7bb_chunk_0,doc_04196_73ddd7bb
4390,4390,doc_04197_46049ae8_chunk_0,doc_04197_46049ae8
4391,4391,doc_04198_1781fb46_chunk_0,doc_04198_1781fb46
4392,4392,doc_04199_dde44fa4_chunk_0,doc_04199_dde44fa4
4393,4393,doc_04200_4709d1cf_chunk_0,doc_04200_4709d1cf
4394,4394,doc_04201_73cacb2e_chunk_0,doc_04201_73cacb2e
4395,4395,doc_04202_eca2f22b_chunk_0,doc_04202_eca2f22b
4396,4396,doc_04203_4bc54744_chunk_0,doc_04203_4bc54744
4397,4397,doc_04204_46230fab_chunk_0,doc_04204_46230fab
4398,4398,doc_04205_ac0d883f_chunk_0,doc_04205_ac0d883f
4399,4399,doc_04206_b6779a17_chunk_0,doc_04206_b6779a17
4400,4400,doc_04207_0745b070_chunk_0,doc_04207_0745b070
4401,4401,doc_04208_5d4e28bb_chunk_0,doc_04208_5d4e28bb
4402,4402,doc_04209_3a74bd82_chunk_0,doc_04209_3a74bd82
4403,4403,doc_04210_265bcace_chunk_0,doc_04210_265bcace
4404,4404,doc_04211_38254aa4_chunk_0,doc_04211_38254aa4
4405,4405,doc_04212_00a268b9_chunk_0,doc_04212_00a268b9
4406,4406,doc_04213_96dcf398_chunk_0,doc_04213_96dcf398
4407,4407,doc_04214_c2a7670e_chunk_0,doc_04214_c2a7670e
4408,4408,doc_04215_7e48dac0_chunk_0,doc_04215_7e48dac0
4409,4409,doc_04216_05b2e4fe_chunk_0,doc_04216_05b2e4fe
4410,4410,doc_04217_18714009_chunk_0,doc_04217_18714009
4411,4411,doc_04218_99db68e7_chunk_0,doc_04218_99db68e7
4412,4412,doc_04219_cd51a0f3_chunk_0,doc_04219_cd51a0f3
4413,4413,doc_04220_311d20a8_chunk_0,doc_04220_311d20a8
4414,4414,doc_04221_42c2d5c2_chunk_0,doc_04221_42c2d5c2
4415,4415,doc_04222_5cc81ed6_chunk_0,doc_04222_5cc81ed6
4416,4416,doc_04223_bc67b76a_chunk_0,doc_04223_bc67b76a
4417,4417,doc_04224_3f1301fe_chunk_0,doc_04224_3f1301fe
4418,4418,doc_04225_49f5dffb_chunk_0,doc_04225_49f5dffb
4419,4419,doc_04226_7ea9db9d_chunk_0,doc_04226_7ea9db9d
4420,4420,doc_04227_415a891f_chunk_0,doc_04227_415a891f
4421,4421,doc_04228_fa12a2da_chunk_0,doc_04228_fa12a2da
4422,4422,doc_04229_6c4edff0_chunk_0,doc_04229_6c4edff0
4423,4423,doc_04230_4a68f1cf_chunk_0,doc_04230_4a68f1cf
4424,4424,doc_04231_f666803f_chunk_0,doc_04231_f666803f
4425,4425,doc_04232_c17e3786_chunk_0,doc_04232_c17e3786
4426,4426,doc_04233_bc70a07e_chunk_0,doc_04233_bc70a07e
4427,4427,doc_04234_52ff3da9_chunk_0,doc_04234_52ff3da9
4428,4428,doc_04235_b433fc4d_chunk_0,doc_04235_b433fc4d
4429,4429,doc_04236_9be1a0a7_chunk_0,doc_04236_9be1a0a7
4430,4430,doc_04237_8ee92a5c_chunk_0,doc_04237_8ee92a5c
4431,4431,doc_04238_c9b0e5b1_chunk_0,doc_04238_c9b0e5b1
4432,4432,doc_04239_594260a9_chunk_0,doc_04239_594260a9
4433,4433,doc_04240_5dbea647_chunk_0,doc_04240_5dbea647
4434,4434,doc_04241_fe72e86c_chunk_0,doc_04241_fe72e86c
4435,4435,doc_04242_1aafe11e_chunk_0,doc_04242_1aafe11e
4436,4436,doc_04243_f443eb4c_chunk_0,doc_04243_f443eb4c
4437,4437,doc_04244_272bb263_chunk_0,doc_04244_272bb263
4438,4438,doc_04245_fe4ba4cd_chunk_0,doc_04245_fe4ba4cd
4439,4439,doc_04245_fe4ba4cd_chunk_1,doc_04245_fe4ba4cd
4440,4440,doc_04246_315a681f_chunk_0,doc_04246_315a681f
4441,4441,doc_04246_315a681f_chunk_1,doc_04246_315a681f
4442,4442,doc_04247_0b952edc_chunk_0,doc_04247_0b952edc
4443,4443,doc_04248_a9ef349f_chunk_0,doc_04248_a9ef349f
4444,4444,doc_04248_a9ef349f_chunk_1,doc_04248_a9ef349f
4445,4445,doc_04249_cf764aa9_chunk_0,doc_04249_cf764aa9
4446,4446,doc_04250_9886f701_chunk_0,doc_04250_9886f701
4447,4447,doc_04251_7e1c5eff_chunk_0,doc_04251_7e1c5eff
4448,4448,doc_04252_ddfdd88b_chunk_0,doc_04252_ddfdd88b
4449,4449,doc_04253_967ee083_chunk_0,doc_04253_967ee083
4450,4450,doc_04254_26914037_chunk_0,doc_04254_26914037
4451,4451,doc_04255_bbde4207_chunk_0,doc_04255_bbde4207
4452,4452,doc_04256_8ea3d0dd_chunk_0,doc_04256_8ea3d0dd
4453,4453,doc_04257_f928f0b0_chunk_0,doc_04257_f928f0b0
4454,4454,doc_04258_80cacdfd_chunk_0,doc_04258_80cacdfd
4455,4455,doc_04259_941d1506_chunk_0,doc_04259_941d1506
4456,4456,doc_04260_4f41395e_chunk_0,doc_04260_4f41395e
4457,4457,doc_04261_5a8e5486_chunk_0,doc_04261_5a8e5486
4458,4458,doc_04262_a0e46799_chunk_0,doc_04262_a0e46799
4459,4459,doc_04263_56693ecf_chunk_0,doc_04263_56693ecf
4460,4460,doc_04264_8505ae9a_chunk_0,doc_04264_8505ae9a
4461,4461,doc_04265_92098828_chunk_0,doc_04265_92098828
4462,4462,doc_04266_5a068077_chunk_0,doc_04266_5a068077
4463,4463,doc_04267_b109b2ac_chunk_0,doc_04267_b109b2ac
4464,4464,doc_04268_d21f7672_chunk_0,doc_04268_d21f7672
4465,4465,doc_04269_b001ef24_chunk_0,doc_04269_b001ef24
4466,4466,doc_04270_e286c14d_chunk_0,doc_04270_e286c14d
4467,4467,doc_04271_7e43d3b3_chunk_0,doc_04271_7e43d3b3
4468,4468,doc_04272_b253e6e8_chunk_0,doc_04272_b253e6e8
4469,4469,doc_04273_498bc987_chunk_0,doc_04273_498bc987
4470,4470,doc_04274_e0555913_chunk_0,doc_04274_e0555913
4471,4471,doc_04275_3f820c8d_chunk_0,doc_04275_3f820c8d
4472,4472,doc_04276_24eee8eb_chunk_0,doc_04276_24eee8eb
4473,4473,doc_04277_6e7bab32_chunk_0,doc_04277_6e7bab32
4474,4474,doc_04278_da440ccd_chunk_0,doc_04278_da440ccd
4475,4475,doc_04279_7a119df9_chunk_0,doc_04279_7a119df9
4476,4476,doc_04280_35821398_chunk_0,doc_04280_35821398
4477,4477,doc_04281_d722f425_chunk_0,doc_04281_d722f425
4478,4478,doc_04282_ba0d67b7_chunk_0,doc_04282_ba0d67b7
4479,4479,doc_04283_a261f4e4_chunk_0,doc_04283_a261f4e4
4480,4480,doc_04284_016e46cd_chunk_0,doc_04284_016e46cd
4481,4481,doc_04285_a4a9783c_chunk_0,doc_04285_a4a9783c
4482,4482,doc_04286_df8d20e1_chunk_0,doc_04286_df8d20e1
4483,4483,doc_04286_df8d20e1_chunk_1,doc_04286_df8d20e1
4484,4484,doc_04287_0dffc068_chunk_0,doc_04287_0dffc068
4485,4485,doc_04288_843e8945_chunk_0,doc_04288_843e8945
4486,4486,doc_04289_446fc376_chunk_0,doc_04289_446fc376
4487,4487,doc_04290_8e939312_chunk_0,doc_04290_8e939312
4488,4488,doc_04291_86259f07_chunk_0,doc_04291_86259f07
4489,4489,doc_04292_ac2590b7_chunk_0,doc_04292_ac2590b7
4490,4490,doc_04293_bd12ead6_chunk_0,doc_04293_bd12ead6
4491,4491,doc_04294_9cff8fd9_chunk_0,doc_04294_9cff8fd9
4492,4492,doc_04295_96b281d9_chunk_0,doc_04295_96b281d9
4493,4493,doc_04296_9f9ef384_chunk_0,doc_04296_9f9ef384
4494,4494,doc_04297_7d0c48bc_chunk_0,doc_04297_7d0c48bc
4495,4495,doc_04298_caf010b9_chunk_0,doc_04298_caf010b9
4496,4496,doc_04299_3139fe58_chunk_0,doc_04299_3139fe58
4497,4497,doc_04300_240d28b2_chunk_0,doc_04300_240d28b2
4498,4498,doc_04301_30670867_chunk_0,doc_04301_30670867
4499,4499,doc_04302_65846e8b_chunk_0,doc_04302_65846e8b
4500,4500,doc_04303_480e1268_chunk_0,doc_04303_480e1268
4501,4501,doc_04304_045f3ba7_chunk_0,doc_04304_045f3ba7
4502,4502,doc_04305_2e1fe148_chunk_0,doc_04305_2e1fe148
4503,4503,doc_04306_c0500d81_chunk_0,doc_04306_c0500d81
4504,4504,doc_04307_609eb272_chunk_0,doc_04307_609eb272
4505,4505,doc_04308_fad72d5e_chunk_0,doc_04308_fad72d5e
4506,4506,doc_04309_a1abda7a_chunk_0,doc_04309_a1abda7a
4507,4507,doc_04310_0c4dcafd_chunk_0,doc_04310_0c4dcafd
4508,4508,doc_04311_fd9b344e_chunk_0,doc_04311_fd9b344e
4509,4509,doc_04312_c5780902_chunk_0,doc_04312_c5780902
4510,4510,doc_04313_f18f86cf_chunk_0,doc_04313_f18f86cf
4511,4511,doc_04314_4b0c17f1_chunk_0,doc_04314_4b0c17f1
4512,4512,doc_04315_614a4b87_chunk_0,doc_04315_614a4b87
4513,4513,doc_04316_424ee00c_chunk_0,doc_04316_424ee00c
4514,4514,doc_04317_7617c2b9_chunk_0,doc_04317_7617c2b9
4515,4515,doc_04318_75d85f9e_chunk_0,doc_04318_75d85f9e
4516,4516,doc_04319_da313e11_chunk_0,doc_04319_da313e11
4517,4517,doc_04320_94b1b0c1_chunk_0,doc_04320_94b1b0c1
4518,4518,doc_04321_4ea27ebc_chunk_0,doc_04321_4ea27ebc
4519,4519,doc_04322_00ab9ed8_chunk_0,doc_04322_00ab9ed8
4520,4520,doc_04323_4591a0c8_chunk_0,doc_04323_4591a0c8
4521,4521,doc_04324_1a9d8b52_chunk_0,doc_04324_1a9d8b52
4522,4522,doc_04325_fc888d6a_chunk_0,doc_04325_fc888d6a
4523,4523,doc_04326_ba8ea75a_chunk_0,doc_04326_ba8ea75a
4524,4524,doc_04327_48c5919a_chunk_0,doc_04327_48c5919a
4525,4525,doc_04328_bb1879aa_chunk_0,doc_04328_bb1879aa
4526,4526,doc_04329_8b56da3e_chunk_0,doc_04329_8b56da3e
4527,4527,doc_04330_ea220a4d_chunk_0,doc_04330_ea220a4d
4528,4528,doc_04331_80899de5_chunk_0,doc_04331_80899de5
4529,4529,doc_04332_25683fce_chunk_0,doc_04332_25683fce
4530,4530,doc_04333_a1510f65_chunk_0,doc_04333_a1510f65
4531,4531,doc_04334_628edd94_chunk_0,doc_04334_628edd94
4532,4532,doc_04335_e1585e89_chunk_0,doc_04335_e1585e89
4533,4533,doc_04336_50cfd286_chunk_0,doc_04336_50cfd286
4534,4534,doc_04337_3f3df95a_chunk_0,doc_04337_3f3df95a
4535,4535,doc_04338_95f3dcaa_chunk_0,doc_04338_95f3dcaa
4536,4536,doc_04339_a0a163a3_chunk_0,doc_04339_a0a163a3
4537,4537,doc_04340_a5fd142e_chunk_0,doc_04340_a5fd142e
4538,4538,doc_04341_3e6292a0_chunk_0,doc_04341_3e6292a0
4539,4539,doc_04342_36e1c85b_chunk_0,doc_04342_36e1c85b
4540,4540,doc_04343_f5871da1_chunk_0,doc_04343_f5871da1
4541,4541,doc_04344_077d908a_chunk_0,doc_04344_077d908a
4542,4542,doc_04345_3321a251_chunk_0,doc_04345_3321a251
4543,4543,doc_04346_1fa014bc_chunk_0,doc_04346_1fa014bc
4544,4544,doc_04347_ad798353_chunk_0,doc_04347_ad798353
4545,4545,doc_04348_636e13d8_chunk_0,doc_04348_636e13d8
4546,4546,doc_04349_271411a7_chunk_0,doc_04349_271411a7
4547,4547,doc_04350_98bdec8c_chunk_0,doc_04350_98bdec8c
4548,4548,doc_04351_8697df9a_chunk_0,doc_04351_8697df9a
4549,4549,doc_04352_22183e18_chunk_0,doc_04352_22183e18
4550,4550,doc_04353_4fbc0e2e_chunk_0,doc_04353_4fbc0e2e
4551,4551,doc_04354_04ef51eb_chunk_0,doc_04354_04ef51eb
4552,4552,doc_04355_e4efb884_chunk_0,doc_04355_e4efb884
4553,4553,doc_04356_d71f6500_chunk_0,doc_04356_d71f6500
4554,4554,doc_04357_7bfdafb1_chunk_0,doc_04357_7bfdafb1
4555,4555,doc_04358_9605cce1_chunk_0,doc_04358_9605cce1
4556,4556,doc_04358_9605cce1_chunk_1,doc_04358_9605cce1
4557,4557,doc_04359_32d9771c_chunk_0,doc_04359_32d9771c
4558,4558,doc_04360_04919e85_chunk_0,doc_04360_04919e85
4559,4559,doc_04361_9575eecc_chunk_0,doc_04361_9575eecc
4560,4560,doc_04362_9a00276d_chunk_0,doc_04362_9a00276d
4561,4561,doc_04363_7d1b7f46_chunk_0,doc_04363_7d1b7f46
4562,4562,doc_04364_e59d8859_chunk_0,doc_04364_e59d8859
4563,4563,doc_04365_1e96b17a_chunk_0,doc_04365_1e96b17a
4564,4564,doc_04366_27f43d76_chunk_0,doc_04366_27f43d76
4565,4565,doc_04367_600515f8_chunk_0,doc_04367_600515f8
4566,4566,doc_04368_fb03e254_chunk_0,doc_04368_fb03e254
4567,4567,doc_04369_a1e6224c_chunk_0,doc_04369_a1e6224c
4568,4568,doc_04370_56a56c33_chunk_0,doc_04370_56a56c33
4569,4569,doc_04371_1f0f7666_chunk_0,doc_04371_1f0f7666
4570,4570,doc_04372_3fb84f7c_chunk_0,doc_04372_3fb84f7c
4571,4571,doc_04373_44656478_chunk_0,doc_04373_44656478
4572,4572,doc_04374_676e2005_chunk_0,doc_04374_676e2005
4573,4573,doc_04375_0f7370a3_chunk_0,doc_04375_0f7370a3
4574,4574,doc_04376_666cd796_chunk_0,doc_04376_666cd796
4575,4575,doc_04377_16e6b94d_chunk_0,doc_04377_16e6b94d
4576,4576,doc_04378_0d06e287_chunk_0,doc_04378_0d06e287
4577,4577,doc_04379_826e06fb_chunk_0,doc_04379_826e06fb
4578,4578,doc_04380_60fff45e_chunk_0,doc_04380_60fff45e
4579,4579,doc_04381_68d75122_chunk_0,doc_04381_68d75122
4580,4580,doc_04382_4f4332d0_chunk_0,doc_04382_4f4332d0
4581,4581,doc_04383_20a39fd3_chunk_0,doc_04383_20a39fd3
4582,4582,doc_04384_d3eda792_chunk_0,doc_04384_d3eda792
4583,4583,doc_04385_2ef207e4_chunk_0,doc_04385_2ef207e4
4584,4584,doc_04386_98429190_chunk_0,doc_04386_98429190
4585,4585,doc_04387_676e7593_chunk_0,doc_04387_676e7593
4586,4586,doc_04388_6e916b5b_chunk_0,doc_04388_6e916b5b
4587,4587,doc_04389_6e918f40_chunk_0,doc_04389_6e918f40
4588,4588,doc_04390_5b0aadd8_chunk_0,doc_04390_5b0aadd8
4589,4589,doc_04391_85eae4ce_chunk_0,doc_04391_85eae4ce
4590,4590,doc_04392_4bad12d9_chunk_0,doc_04392_4bad12d9
4591,4591,doc_04393_28574ce5_chunk_0,doc_04393_28574ce5
4592,4592,doc_04394_5d10de91_chunk_0,doc_04394_5d10de91
4593,4593,doc_04395_75586203_chunk_0,doc_04395_75586203
4594,4594,doc_04396_8e109887_chunk_0,doc_04396_8e109887
4595,4595,doc_04397_f8f2f9dd_chunk_0,doc_04397_f8f2f9dd
4596,4596,doc_04398_ea2d193c_chunk_0,doc_04398_ea2d193c
4597,4597,doc_04399_0e0bdbb4_chunk_0,doc_04399_0e0bdbb4
4598,4598,doc_04400_5ce995fa_chunk_0,doc_04400_5ce995fa
4599,4599,doc_04401_fdd28ec1_chunk_0,doc_04401_fdd28ec1
4600,4600,doc_04402_96ee0bd4_chunk_0,doc_04402_96ee0bd4
4601,4601,doc_04403_e2985d13_chunk_0,doc_04403_e2985d13
4602,4602,doc_04404_5e0d0a55_chunk_0,doc_04404_5e0d0a55
4603,4603,doc_04405_36a54548_chunk_0,doc_04405_36a54548
4604,4604,doc_04406_a226e805_chunk_0,doc_04406_a226e805
4605,4605,doc_04407_e23e9240_chunk_0,doc_04407_e23e9240
4606,4606,doc_04408_b829b271_chunk_0,doc_04408_b829b271
4607,4607,doc_04409_59ea8750_chunk_0,doc_04409_59ea8750
4608,4608,doc_04410_6aa4ef10_chunk_0,doc_04410_6aa4ef10
4609,4609,doc_04411_39326999_chunk_0,doc_04411_39326999
4610,4610,doc_04412_44458830_chunk_0,doc_04412_44458830
4611,4611,doc_04413_fa198ac1_chunk_0,doc_04413_fa198ac1
4612,4612,doc_04414_3696e7dc_chunk_0,doc_04414_3696e7dc
4613,4613,doc_04415_37f275fe_chunk_0,doc_04415_37f275fe
4614,4614,doc_04416_6af65caa_chunk_0,doc_04416_6af65caa
4615,4615,doc_04417_f5a496b5_chunk_0,doc_04417_f5a496b5
4616,4616,doc_04418_0324ce8c_chunk_0,doc_04418_0324ce8c
4617,4617,doc_04419_13edb341_chunk_0,doc_04419_13edb341
4618,4618,doc_04420_d2c52525_chunk_0,doc_04420_d2c52525
4619,4619,doc_04421_516db07d_chunk_0,doc_04421_516db07d
4620,4620,doc_04422_1dff207a_chunk_0,doc_04422_1dff207a
4621,4621,doc_04423_51598684_chunk_0,doc_04423_51598684
4622,4622,doc_04424_9ca9998a_chunk_0,doc_04424_9ca9998a
4623,4623,doc_04425_bde314b0_chunk_0,doc_04425_bde314b0
4624,4624,doc_04426_4b70faeb_chunk_0,doc_04426_4b70faeb
4625,4625,doc_04427_c9cbc7b0_chunk_0,doc_04427_c9cbc7b0
4626,4626,doc_04428_86a5784a_chunk_0,doc_04428_86a5784a
4627,4627,doc_04429_2db8f8b8_chunk_0,doc_04429_2db8f8b8
4628,4628,doc_04430_4c146cb8_chunk_0,doc_04430_4c146cb8
4629,4629,doc_04431_ffd256a3_chunk_0,doc_04431_ffd256a3
4630,4630,doc_04432_0f97bf14_chunk_0,doc_04432_0f97bf14
4631,4631,doc_04433_37c6c71d_chunk_0,doc_04433_37c6c71d
4632,4632,doc_04434_3b920d83_chunk_0,doc_04434_3b920d83
4633,4633,doc_04435_9f65e3ef_chunk_0,doc_04435_9f65e3ef
4634,4634,doc_04436_b653d070_chunk_0,doc_04436_b653d070
4635,4635,doc_04437_a0773969_chunk_0,doc_04437_a0773969
4636,4636,doc_04438_ffca7342_chunk_0,doc_04438_ffca7342
4637,4637,doc_04439_1cb00e2c_chunk_0,doc_04439_1cb00e2c
4638,4638,doc_04440_fbf83266_chunk_0,doc_04440_fbf83266
4639,4639,doc_04441_010fe1e1_chunk_0,doc_04441_010fe1e1
4640,4640,doc_04442_54613d7f_chunk_0,doc_04442_54613d7f
4641,4641,doc_04443_c5561323_chunk_0,doc_04443_c5561323
4642,4642,doc_04444_40dc1ceb_chunk_0,doc_04444_40dc1ceb
4643,4643,doc_04445_26c27251_chunk_0,doc_04445_26c27251
4644,4644,doc_04446_f67e1d7c_chunk_0,doc_04446_f67e1d7c
4645,4645,doc_04447_b905199a_chunk_0,doc_04447_b905199a
4646,4646,doc_04448_7898fc2c_chunk_0,doc_04448_7898fc2c
4647,4647,doc_04449_90ad9a6b_chunk_0,doc_04449_90ad9a6b
4648,4648,doc_04450_83ab85cc_chunk_0,doc_04450_83ab85cc
4649,4649,doc_04451_905d92ac_chunk_0,doc_04451_905d92ac
4650,4650,doc_04452_5cdde66a_chunk_0,doc_04452_5cdde66a
4651,4651,doc_04453_d2add9ba_chunk_0,doc_04453_d2add9ba
4652,4652,doc_04454_5d76715a_chunk_0,doc_04454_5d76715a
4653,4653,doc_04455_9a86072f_chunk_0,doc_04455_9a86072f
4654,4654,doc_04456_a1bdce14_chunk_0,doc_04456_a1bdce14
4655,4655,doc_04457_9a137623_chunk_0,doc_04457_9a137623
4656,4656,doc_04458_1d8f06ba_chunk_0,doc_04458_1d8f06ba
4657,4657,doc_04459_3364da80_chunk_0,doc_04459_3364da80
4658,4658,doc_04460_bf7a981a_chunk_0,doc_04460_bf7a981a
4659,4659,doc_04461_a838b30b_chunk_0,doc_04461_a838b30b
4660,4660,doc_04462_33f7237f_chunk_0,doc_04462_33f7237f
4661,4661,doc_04463_b0a846fb_chunk_0,doc_04463_b0a846fb
4662,4662,doc_04464_5a7c0a96_chunk_0,doc_04464_5a7c0a96
4663,4663,doc_04465_f26a429f_chunk_0,doc_04465_f26a429f
4664,4664,doc_04466_31df4419_chunk_0,doc_04466_31df4419
4665,4665,doc_04467_08875bc5_chunk_0,doc_04467_08875bc5
4666,4666,doc_04468_d3fc924e_chunk_0,doc_04468_d3fc924e
4667,4667,doc_04469_621ef2fd_chunk_0,doc_04469_621ef2fd
4668,4668,doc_04470_62b9a41d_chunk_0,doc_04470_62b9a41d
4669,4669,doc_04471_585a9da6_chunk_0,doc_04471_585a9da6
4670,4670,doc_04472_0ab00e9c_chunk_0,doc_04472_0ab00e9c
4671,4671,doc_04473_f4900540_chunk_0,doc_04473_f4900540
4672,4672,doc_04474_ded1eb18_chunk_0,doc_04474_ded1eb18
4673,4673,doc_04475_4a29425d_chunk_0,doc_04475_4a29425d
4674,4674,doc_04476_0fc2cb07_chunk_0,doc_04476_0fc2cb07
4675,4675,doc_04477_40825149_chunk_0,doc_04477_40825149
4676,4676,doc_04478_1d03c434_chunk_0,doc_04478_1d03c434
4677,4677,doc_04479_48ae7682_chunk_0,doc_04479_48ae7682
4678,4678,doc_04480_4c3de60d_chunk_0,doc_04480_4c3de60d
4679,4679,doc_04481_7382a1d9_chunk_0,doc_04481_7382a1d9
4680,4680,doc_04482_2fcffc97_chunk_0,doc_04482_2fcffc97
4681,4681,doc_04483_5df1f9aa_chunk_0,doc_04483_5df1f9aa
4682,4682,doc_04484_598827a2_chunk_0,doc_04484_598827a2
4683,4683,doc_04485_fea75d81_chunk_0,doc_04485_fea75d81
4684,4684,doc_04486_ce409855_chunk_0,doc_04486_ce409855
4685,4685,doc_04487_c1800e5d_chunk_0,doc_04487_c1800e5d
4686,4686,doc_04488_ff2af53d_chunk_0,doc_04488_ff2af53d
4687,4687,doc_04489_95287c17_chunk_0,doc_04489_95287c17
4688,4688,doc_04490_89281dd1_chunk_0,doc_04490_89281dd1
4689,4689,doc_04491_18db5870_chunk_0,doc_04491_18db5870
4690,4690,doc_04492_eb7bac4c_chunk_0,doc_04492_eb7bac4c
4691,4691,doc_04493_07ad3c0d_chunk_0,doc_04493_07ad3c0d
4692,4692,doc_04494_3aaa7506_chunk_0,doc_04494_3aaa7506
4693,4693,doc_04495_b717ef4c_chunk_0,doc_04495_b717ef4c
4694,4694,doc_04496_0ce8eec2_chunk_0,doc_04496_0ce8eec2
4695,4695,doc_04497_b9e90bac_chunk_0,doc_04497_b9e90bac
4696,4696,doc_04498_de38741d_chunk_0,doc_04498_de38741d
4697,4697,doc_04499_246e3a33_chunk_0,doc_04499_246e3a33
4698,4698,doc_04500_de29ee69_chunk_0,doc_04500_de29ee69
4699,4699,doc_04501_bcf55356_chunk_0,doc_04501_bcf55356
4700,4700,doc_04502_068851e0_chunk_0,doc_04502_068851e0
4701,4701,doc_04503_fcc0ad73_chunk_0,doc_04503_fcc0ad73
4702,4702,doc_04504_d0c02886_chunk_0,doc_04504_d0c02886
4703,4703,doc_04505_86e82c20_chunk_0,doc_04505_86e82c20
4704,4704,doc_04506_c7710297_chunk_0,doc_04506_c7710297
4705,4705,doc_04507_1206ec8c_chunk_0,doc_04507_1206ec8c
4706,4706,doc_04508_cd2795b6_chunk_0,doc_04508_cd2795b6
4707,4707,doc_04509_9384916a_chunk_0,doc_04509_9384916a
4708,4708,doc_04510_b2d45390_chunk_0,doc_04510_b2d45390
4709,4709,doc_04511_4d5d70ad_chunk_0,doc_04511_4d5d70ad
4710,4710,doc_04512_5ef95bc7_chunk_0,doc_04512_5ef95bc7
4711,4711,doc_04513_aa5e4043_chunk_0,doc_04513_aa5e4043
4712,4712,doc_04514_62c8a3be_chunk_0,doc_04514_62c8a3be
4713,4713,doc_04515_6a9f044a_chunk_0,doc_04515_6a9f044a
4714,4714,doc_04516_4a4f1035_chunk_0,doc_04516_4a4f1035
4715,4715,doc_04517_f90c7d25_chunk_0,doc_04517_f90c7d25
4716,4716,doc_04518_8d9d5517_chunk_0,doc_04518_8d9d5517
4717,4717,doc_04519_0cde1297_chunk_0,doc_04519_0cde1297
4718,4718,doc_04520_4a76a6be_chunk_0,doc_04520_4a76a6be
4719,4719,doc_04521_73439eb1_chunk_0,doc_04521_73439eb1
4720,4720,doc_04522_45290c71_chunk_0,doc_04522_45290c71
4721,4721,doc_04523_b7259999_chunk_0,doc_04523_b7259999
4722,4722,doc_04524_aabc03c4_chunk_0,doc_04524_aabc03c4
4723,4723,doc_04525_95670d99_chunk_0,doc_04525_95670d99
4724,4724,doc_04526_0be3c64c_chunk_0,doc_04526_0be3c64c
4725,4725,doc_04527_8fff2fd1_chunk_0,doc_04527_8fff2fd1
4726,4726,doc_04528_8cd6f6c7_chunk_0,doc_04528_8cd6f6c7
4727,4727,doc_04529_123766c5_chunk_0,doc_04529_123766c5
4728,4728,doc_04530_22182453_chunk_0,doc_04530_22182453
4729,4729,doc_04531_71558938_chunk_0,doc_04531_71558938
4730,4730,doc_04532_020373ab_chunk_0,doc_04532_020373ab
4731,4731,doc_04533_2942534f_chunk_0,doc_04533_2942534f
4732,4732,doc_04534_29cb5af3_chunk_0,doc_04534_29cb5af3
4733,4733,doc_04535_76a975aa_chunk_0,doc_04535_76a975aa
4734,4734,doc_04536_0acdf497_chunk_0,doc_04536_0acdf497
4735,4735,doc_04537_3408ef12_chunk_0,doc_04537_3408ef12
4736,4736,doc_04538_53842dab_chunk_0,doc_04538_53842dab
4737,4737,doc_04539_539b15a9_chunk_0,doc_04539_539b15a9
4738,4738,doc_04540_2779127b_chunk_0,doc_04540_2779127b
4739,4739,doc_04541_b29b7077_chunk_0,doc_04541_b29b7077
4740,4740,doc_04542_16a45b43_chunk_0,doc_04542_16a45b43
4741,4741,doc_04543_34659032_chunk_0,doc_04543_34659032
4742,4742,doc_04544_460a8872_chunk_0,doc_04544_460a8872
4743,4743,doc_04545_7e559040_chunk_0,doc_04545_7e559040
4744,4744,doc_04546_b497640f_chunk_0,doc_04546_b497640f
4745,4745,doc_04547_001d1897_chunk_0,doc_04547_001d1897
4746,4746,doc_04548_92fff20d_chunk_0,doc_04548_92fff20d
4747,4747,doc_04549_8986a599_chunk_0,doc_04549_8986a599
4748,4748,doc_04550_f069947c_chunk_0,doc_04550_f069947c
4749,4749,doc_04551_6e185895_chunk_0,doc_04551_6e185895
4750,4750,doc_04552_c1f982f9_chunk_0,doc_04552_c1f982f9
4751,4751,doc_04553_2db94258_chunk_0,doc_04553_2db94258
4752,4752,doc_04554_8d12c244_chunk_0,doc_04554_8d12c244
4753,4753,doc_04555_f5abff4b_chunk_0,doc_04555_f5abff4b
4754,4754,doc_04556_4842aaf6_chunk_0,doc_04556_4842aaf6
4755,4755,doc_04557_b6947360_chunk_0,doc_04557_b6947360
4756,4756,doc_04558_8e3a9712_chunk_0,doc_04558_8e3a9712
4757,4757,doc_04559_8e5eceeb_chunk_0,doc_04559_8e5eceeb
4758,4758,doc_04560_3e97fe43_chunk_0,doc_04560_3e97fe43
4759,4759,doc_04561_078fb47b_chunk_0,doc_04561_078fb47b
4760,4760,doc_04562_1f6e8c68_chunk_0,doc_04562_1f6e8c68
4761,4761,doc_04563_2cff71dd_chunk_0,doc_04563_2cff71dd
4762,4762,doc_04564_6d3c54b0_chunk_0,doc_04564_6d3c54b0
4763,4763,doc_04565_51e3aedc_chunk_0,doc_04565_51e3aedc
4764,4764,doc_04566_05cbf034_chunk_0,doc_04566_05cbf034
4765,4765,doc_04567_03ff63e0_chunk_0,doc_04567_03ff63e0
4766,4766,doc_04568_3279b610_chunk_0,doc_04568_3279b610
4767,4767,doc_04569_29700976_chunk_0,doc_04569_29700976
4768,4768,doc_04570_69c71929_chunk_0,doc_04570_69c71929
4769,4769,doc_04571_4d13d4db_chunk_0,doc_04571_4d13d4db
4770,4770,doc_04572_a1334e90_chunk_0,doc_04572_a1334e90
4771,4771,doc_04573_a09526e2_chunk_0,doc_04573_a09526e2
4772,4772,doc_04574_91b8d06a_chunk_0,doc_04574_91b8d06a
4773,4773,doc_04575_760ebbf3_chunk_0,doc_04575_760ebbf3
4774,4774,doc_04576_4cb2a15c_chunk_0,doc_04576_4cb2a15c
4775,4775,doc_04577_3c08898c_chunk_0,doc_04577_3c08898c
4776,4776,doc_04578_61f254a2_chunk_0,doc_04578_61f254a2
4777,4777,doc_04579_b170acb7_chunk_0,doc_04579_b170acb7
4778,4778,doc_04580_6c0cc56f_chunk_0,doc_04580_6c0cc56f
4779,4779,doc_04581_24926246_chunk_0,doc_04581_24926246
4780,4780,doc_04582_bb519ae9_chunk_0,doc_04582_bb519ae9
4781,4781,doc_04583_1ee77aae_chunk_0,doc_04583_1ee77aae
4782,4782,doc_04584_de7276bf_chunk_0,doc_04584_de7276bf
4783,4783,doc_04585_08489c3d_chunk_0,doc_04585_08489c3d
4784,4784,doc_04586_e7b148d7_chunk_0,doc_04586_e7b148d7
4785,4785,doc_04587_1e62fc37_chunk_0,doc_04587_1e62fc37
4786,4786,doc_04588_67106efa_chunk_0,doc_04588_67106efa
4787,4787,doc_04589_ece6267e_chunk_0,doc_04589_ece6267e
4788,4788,doc_04590_5d6161ee_chunk_0,doc_04590_5d6161ee
4789,4789,doc_04590_5d6161ee_chunk_1,doc_04590_5d6161ee
4790,4790,doc_04591_e918315b_chunk_0,doc_04591_e918315b
4791,4791,doc_04591_e918315b_chunk_1,doc_04591_e918315b
4792,4792,doc_04592_96afa617_chunk_0,doc_04592_96afa617
4793,4793,doc_04593_76fe1960_chunk_0,doc_04593_76fe1960
4794,4794,doc_04594_f96cd512_chunk_0,doc_04594_f96cd512
4795,4795,doc_04595_65a42055_chunk_0,doc_04595_65a42055
4796,4796,doc_04596_cf69db69_chunk_0,doc_04596_cf69db69
4797,4797,doc_04597_94c08c70_chunk_0,doc_04597_94c08c70
4798,4798,doc_04598_37653a48_chunk_0,doc_04598_37653a48
4799,4799,doc_04599_2155f352_chunk_0,doc_04599_2155f352
4800,4800,doc_04600_c43c59c9_chunk_0,doc_04600_c43c59c9
4801,4801,doc_04601_a4ef867e_chunk_0,doc_04601_a4ef867e
4802,4802,doc_04602_fb21e0cf_chunk_0,doc_04602_fb21e0cf
4803,4803,doc_04603_9690f93d_chunk_0,doc_04603_9690f93d
4804,4804,doc_04604_0d67664a_chunk_0,doc_04604_0d67664a
4805,4805,doc_04605_08e59f33_chunk_0,doc_04605_08e59f33
4806,4806,doc_04606_dde2a4ef_chunk_0,doc_04606_dde2a4ef
4807,4807,doc_04607_d9ae9d97_chunk_0,doc_04607_d9ae9d97
4808,4808,doc_04608_b91bc40d_chunk_0,doc_04608_b91bc40d
4809,4809,doc_04609_c5ee207e_chunk_0,doc_04609_c5ee207e
4810,4810,doc_04610_a46bef58_chunk_0,doc_04610_a46bef58
4811,4811,doc_04611_fb8fb625_chunk_0,doc_04611_fb8fb625
4812,4812,doc_04612_ade88063_chunk_0,doc_04612_ade88063
4813,4813,doc_04613_52b61f36_chunk_0,doc_04613_52b61f36
4814,4814,doc_04613_52b61f36_chunk_1,doc_04613_52b61f36
4815,4815,doc_04614_4b75ee7b_chunk_0,doc_04614_4b75ee7b
4816,4816,doc_04615_ec9c59b1_chunk_0,doc_04615_ec9c59b1
4817,4817,doc_04616_0eef8bdb_chunk_0,doc_04616_0eef8bdb
4818,4818,doc_04617_ad0aa78e_chunk_0,doc_04617_ad0aa78e
4819,4819,doc_04618_e50bffc7_chunk_0,doc_04618_e50bffc7
4820,4820,doc_04619_ac34e753_chunk_0,doc_04619_ac34e753
4821,4821,doc_04620_27e1075c_chunk_0,doc_04620_27e1075c
4822,4822,doc_04621_17b3182c_chunk_0,doc_04621_17b3182c
4823,4823,doc_04621_17b3182c_chunk_1,doc_04621_17b3182c
4824,4824,doc_04622_e7b466fd_chunk_0,doc_04622_e7b466fd
4825,4825,doc_04622_e7b466fd_chunk_1,doc_04622_e7b466fd
4826,4826,doc_04623_e279398c_chunk_0,doc_04623_e279398c
4827,4827,doc_04624_38848606_chunk_0,doc_04624_38848606
4828,4828,doc_04625_880d603b_chunk_0,doc_04625_880d603b
4829,4829,doc_04626_08568c0d_chunk_0,doc_04626_08568c0d
4830,4830,doc_04627_fda4bbdc_chunk_0,doc_04627_fda4bbdc
4831,4831,doc_04628_b5b2876a_chunk_0,doc_04628_b5b2876a
4832,4832,doc_04629_2edbed3f_chunk_0,doc_04629_2edbed3f
4833,4833,doc_04630_78f36fcc_chunk_0,doc_04630_78f36fcc
4834,4834,doc_04631_834fdba0_chunk_0,doc_04631_834fdba0
4835,4835,doc_04632_0eb5bccf_chunk_0,doc_04632_0eb5bccf
4836,4836,doc_04633_1b6cb21c_chunk_0,doc_04633_1b6cb21c
4837,4837,doc_04634_c09342ad_chunk_0,doc_04634_c09342ad
4838,4838,doc_04635_89cf0e2c_chunk_0,doc_04635_89cf0e2c
4839,4839,doc_04636_42f38546_chunk_0,doc_04636_42f38546
4840,4840,doc_04637_63555c11_chunk_0,doc_04637_63555c11
4841,4841,doc_04638_101862b5_chunk_0,doc_04638_101862b5
4842,4842,doc_04639_16b49195_chunk_0,doc_04639_16b49195
4843,4843,doc_04640_84f9ec12_chunk_0,doc_04640_84f9ec12
4844,4844,doc_04641_d7c4e970_chunk_0,doc_04641_d7c4e970
4845,4845,doc_04642_6d1eea2e_chunk_0,doc_04642_6d1eea2e
4846,4846,doc_04643_664ff7b1_chunk_0,doc_04643_664ff7b1
4847,4847,doc_04644_9ad5b2c3_chunk_0,doc_04644_9ad5b2c3
4848,4848,doc_04645_5fb13fcc_chunk_0,doc_04645_5fb13fcc
4849,4849,doc_04646_e326e3fb_chunk_0,doc_04646_e326e3fb
4850,4850,doc_04647_c5ac64d8_chunk_0,doc_04647_c5ac64d8
4851,4851,doc_04648_5190d0a7_chunk_0,doc_04648_5190d0a7
4852,4852,doc_04649_b5a8bea8_chunk_0,doc_04649_b5a8bea8
4853,4853,doc_04650_e55b74b6_chunk_0,doc_04650_e55b74b6
4854,4854,doc_04651_0aae139f_chunk_0,doc_04651_0aae139f
4855,4855,doc_04652_3f8821e0_chunk_0,doc_04652_3f8821e0
4856,4856,doc_04653_c1ad2d2c_chunk_0,doc_04653_c1ad2d2c
4857,4857,doc_04654_799284e0_chunk_0,doc_04654_799284e0
4858,4858,doc_04655_c7ad8f66_chunk_0,doc_04655_c7ad8f66
4859,4859,doc_04656_51342993_chunk_0,doc_04656_51342993
4860,4860,doc_04657_bc66a565_chunk_0,doc_04657_bc66a565
4861,4861,doc_04658_852ad5c9_chunk_0,doc_04658_852ad5c9
4862,4862,doc_04659_fa77d331_chunk_0,doc_04659_fa77d331
4863,4863,doc_04660_f331e631_chunk_0,doc_04660_f331e631
4864,4864,doc_04661_4ebdb21d_chunk_0,doc_04661_4ebdb21d
4865,4865,doc_04662_81638cb9_chunk_0,doc_04662_81638cb9
4866,4866,doc_04663_731c74f3_chunk_0,doc_04663_731c74f3
4867,4867,doc_04664_0527bd91_chunk_0,doc_04664_0527bd91
4868,4868,doc_04665_53724b07_chunk_0,doc_04665_53724b07
4869,4869,doc_04666_4ddf444d_chunk_0,doc_04666_4ddf444d
4870,4870,doc_04667_efd6e061_chunk_0,doc_04667_efd6e061
4871,4871,doc_04668_02351d83_chunk_0,doc_04668_02351d83
4872,4872,doc_04669_8cde585a_chunk_0,doc_04669_8cde585a
4873,4873,doc_04670_475edf20_chunk_0,doc_04670_475edf20
4874,4874,doc_04671_a03b1f9d_chunk_0,doc_04671_a03b1f9d
4875,4875,doc_04672_d19cca60_chunk_0,doc_04672_d19cca60
4876,4876,doc_04673_fa598a10_chunk_0,doc_04673_fa598a10
4877,4877,doc_04674_29244439_chunk_0,doc_04674_29244439
4878,4878,doc_04675_c8229cdf_chunk_0,doc_04675_c8229cdf
4879,4879,doc_04676_3d314665_chunk_0,doc_04676_3d314665
4880,4880,doc_04677_ace9104a_chunk_0,doc_04677_ace9104a
4881,4881,doc_04678_199b7bd1_chunk_0,doc_04678_199b7bd1
4882,4882,doc_04679_eb41632a_chunk_0,doc_04679_eb41632a
4883,4883,doc_04680_edb79145_chunk_0,doc_04680_edb79145
4884,4884,doc_04681_71f4f526_chunk_0,doc_04681_71f4f526
4885,4885,doc_04682_d0ba8da0_chunk_0,doc_04682_d0ba8da0
4886,4886,doc_04683_1042b311_chunk_0,doc_04683_1042b311
4887,4887,doc_04684_cd1a7ef5_chunk_0,doc_04684_cd1a7ef5
4888,4888,doc_04685_90d11237_chunk_0,doc_04685_90d11237
4889,4889,doc_04686_ac21f3c0_chunk_0,doc_04686_ac21f3c0
4890,4890,doc_04687_c26dce4a_chunk_0,doc_04687_c26dce4a
4891,4891,doc_04688_e6bc9e16_chunk_0,doc_04688_e6bc9e16
4892,4892,doc_04689_610dead5_chunk_0,doc_04689_610dead5
4893,4893,doc_04690_0ed83e93_chunk_0,doc_04690_0ed83e93
4894,4894,doc_04691_79a458cc_chunk_0,doc_04691_79a458cc
4895,4895,doc_04692_f53e0ef7_chunk_0,doc_04692_f53e0ef7
4896,4896,doc_04693_a2c163d7_chunk_0,doc_04693_a2c163d7
4897,4897,doc_04694_fb671a07_chunk_0,doc_04694_fb671a07
4898,4898,doc_04695_b5dd0cfa_chunk_0,doc_04695_b5dd0cfa
4899,4899,doc_04696_5d7eedf8_chunk_0,doc_04696_5d7eedf8
4900,4900,doc_04697_0be8a7af_chunk_0,doc_04697_0be8a7af
4901,4901,doc_04698_c0d47b37_chunk_0,doc_04698_c0d47b37
4902,4902,doc_04699_f71ce689_chunk_0,doc_04699_f71ce689
4903,4903,doc_04700_d82850eb_chunk_0,doc_04700_d82850eb
4904,4904,doc_04701_92bb9b64_chunk_0,doc_04701_92bb9b64
4905,4905,doc_04702_e5f354f9_chunk_0,doc_04702_e5f354f9
4906,4906,doc_04703_0d1579a0_chunk_0,doc_04703_0d1579a0
4907,4907,doc_04704_744e5663_chunk_0,doc_04704_744e5663
4908,4908,doc_04705_d2731355_chunk_0,doc_04705_d2731355
4909,4909,doc_04706_881b4b6f_chunk_0,doc_04706_881b4b6f
4910,4910,doc_04707_03c28346_chunk_0,doc_04707_03c28346
4911,4911,doc_04708_9d1efc38_chunk_0,doc_04708_9d1efc38
4912,4912,doc_04709_131d9294_chunk_0,doc_04709_131d9294
4913,4913,doc_04710_91b9b105_chunk_0,doc_04710_91b9b105
4914,4914,doc_04711_0bccb5a6_chunk_0,doc_04711_0bccb5a6
4915,4915,doc_04712_fbd1c5e4_chunk_0,doc_04712_fbd1c5e4
4916,4916,doc_04713_2ac3249f_chunk_0,doc_04713_2ac3249f
4917,4917,doc_04714_badbb825_chunk_0,doc_04714_badbb825
4918,4918,doc_04715_85c95126_chunk_0,doc_04715_85c95126
4919,4919,doc_04716_66e1222e_chunk_0,doc_04716_66e1222e
4920,4920,doc_04717_2503dacb_chunk_0,doc_04717_2503dacb
4921,4921,doc_04718_31b1ed61_chunk_0,doc_04718_31b1ed61
4922,4922,doc_04719_71336942_chunk_0,doc_04719_71336942
4923,4923,doc_04720_fb62d9bb_chunk_0,doc_04720_fb62d9bb
4924,4924,doc_04721_a5f2c8ee_chunk_0,doc_04721_a5f2c8ee
4925,4925,doc_04722_624499aa_chunk_0,doc_04722_624499aa
4926,4926,doc_04723_6c047f14_chunk_0,doc_04723_6c047f14
4927,4927,doc_04724_9c4b1d3e_chunk_0,doc_04724_9c4b1d3e
4928,4928,doc_04725_a4d7e2d6_chunk_0,doc_04725_a4d7e2d6
4929,4929,doc_04726_a605d2e8_chunk_0,doc_04726_a605d2e8
4930,4930,doc_04727_25d470be_chunk_0,doc_04727_25d470be
4931,4931,doc_04728_55a422eb_chunk_0,doc_04728_55a422eb
4932,4932,doc_04729_67b12a5d_chunk_0,doc_04729_67b12a5d
4933,4933,doc_04730_647d3963_chunk_0,doc_04730_647d3963
4934,4934,doc_04731_21ffc076_chunk_0,doc_04731_21ffc076
4935,4935,doc_04732_19a96aa6_chunk_0,doc_04732_19a96aa6
4936,4936,doc_04733_012ad4b2_chunk_0,doc_04733_012ad4b2
4937,4937,doc_04734_783bd818_chunk_0,doc_04734_783bd818
4938,4938,doc_04735_e3d31730_chunk_0,doc_04735_e3d31730
4939,4939,doc_04736_b1f955a6_chunk_0,doc_04736_b1f955a6
4940,4940,doc_04737_0e5cfce2_chunk_0,doc_04737_0e5cfce2
4941,4941,doc_04738_20b99450_chunk_0,doc_04738_20b99450
4942,4942,doc_04739_a96a620b_chunk_0,doc_04739_a96a620b
4943,4943,doc_04740_fc9ba402_chunk_0,doc_04740_fc9ba402
4944,4944,doc_04741_0c264eb6_chunk_0,doc_04741_0c264eb6
4945,4945,doc_04742_041b0382_chunk_0,doc_04742_041b0382
4946,4946,doc_04743_34620690_chunk_0,doc_04743_34620690
4947,4947,doc_04744_6a179bf2_chunk_0,doc_04744_6a179bf2
4948,4948,doc_04745_f7d9b5c4_chunk_0,doc_04745_f7d9b5c4
4949,4949,doc_04746_5281ce1c_chunk_0,doc_04746_5281ce1c
4950,4950,doc_04747_f10f71b8_chunk_0,doc_04747_f10f71b8
4951,4951,doc_04748_3cdbc96d_chunk_0,doc_04748_3cdbc96d
4952,4952,doc_04749_b92c5123_chunk_0,doc_04749_b92c5123
4953,4953,doc_04750_0e8947bb_chunk_0,doc_04750_0e8947bb
4954,4954,doc_04751_a0c76175_chunk_0,doc_04751_a0c76175
4955,4955,doc_04751_a0c76175_chunk_1,doc_04751_a0c76175
4956,4956,doc_04752_915babca_chunk_0,doc_04752_915babca
4957,4957,doc_04753_87a819d4_chunk_0,doc_04753_87a819d4
4958,4958,doc_04754_aac0e92f_chunk_0,doc_04754_aac0e92f
4959,4959,doc_04755_85906bd6_chunk_0,doc_04755_85906bd6
4960,4960,doc_04756_6d1597a0_chunk_0,doc_04756_6d1597a0
4961,4961,doc_04757_8309ab64_chunk_0,doc_04757_8309ab64
4962,4962,doc_04758_1e6928f6_chunk_0,doc_04758_1e6928f6
4963,4963,doc_04759_91e351e6_chunk_0,doc_04759_91e351e6
4964,4964,doc_04759_91e351e6_chunk_1,doc_04759_91e351e6
4965,4965,doc_04760_8e120f03_chunk_0,doc_04760_8e120f03
4966,4966,doc_04761_5a42dea5_chunk_0,doc_04761_5a42dea5
4967,4967,doc_04762_03ab96a1_chunk_0,doc_04762_03ab96a1
4968,4968,doc_04763_9ca1f7d5_chunk_0,doc_04763_9ca1f7d5
4969,4969,doc_04763_9ca1f7d5_chunk_1,doc_04763_9ca1f7d5
4970,4970,doc_04764_32fc08ce_chunk_0,doc_04764_32fc08ce
4971,4971,doc_04764_32fc08ce_chunk_1,doc_04764_32fc08ce
4972,4972,doc_04765_c01ad251_chunk_0,doc_04765_c01ad251
4973,4973,doc_04765_c01ad251_chunk_1,doc_04765_c01ad251
4974,4974,doc_04766_4b98bb5b_chunk_0,doc_04766_4b98bb5b
4975,4975,doc_04766_4b98bb5b_chunk_1,doc_04766_4b98bb5b
4976,4976,doc_04767_ef1d13d0_chunk_0,doc_04767_ef1d13d0
4977,4977,doc_04768_5ba4fd5a_chunk_0,doc_04768_5ba4fd5a
4978,4978,doc_04768_5ba4fd5a_chunk_1,doc_04768_5ba4fd5a
4979,4979,doc_04769_8e99abc3_chunk_0,doc_04769_8e99abc3
4980,4980,doc_04769_8e99abc3_chunk_1,doc_04769_8e99abc3
4981,4981,doc_04770_fc6692d6_chunk_0,doc_04770_fc6692d6
4982,4982,doc_04771_c7341212_chunk_0,doc_04771_c7341212
4983,4983,doc_04772_50bca118_chunk_0,doc_04772_50bca118
4984,4984,doc_04773_fe5edd86_chunk_0,doc_04773_fe5edd86
4985,4985,doc_04774_c73e0cba_chunk_0,doc_04774_c73e0cba
4986,4986,doc_04774_c73e0cba_chunk_1,doc_04774_c73e0cba
4987,4987,doc_04775_ff9f2cad_chunk_0,doc_04775_ff9f2cad
4988,4988,doc_04776_f2d4e95c_chunk_0,doc_04776_f2d4e95c
4989,4989,doc_04777_ca455f49_chunk_0,doc_04777_ca455f49
4990,4990,doc_04778_a1c17d0f_chunk_0,doc_04778_a1c17d0f
4991,4991,doc_04778_a1c17d0f_chunk_1,doc_04778_a1c17d0f
4992,4992,doc_04779_fd65f58f_chunk_0,doc_04779_fd65f58f
4993,4993,doc_04780_1aaf79ae_chunk_0,doc_04780_1aaf79ae
4994,4994,doc_04780_1aaf79ae_chunk_1,doc_04780_1aaf79ae
4995,4995,doc_04781_9d882279_chunk_0,doc_04781_9d882279
4996,4996,doc_04781_9d882279_chunk_1,doc_04781_9d882279
4997,4997,doc_04782_2f340eae_chunk_0,doc_04782_2f340eae
4998,4998,doc_04782_2f340eae_chunk_1,doc_04782_2f340eae
4999,4999,doc_04783_8e5c9f69_chunk_0,doc_04783_8e5c9f69
5000,5000,doc_04783_8e5c9f69_chunk_1,doc_04783_8e5c9f69
5001,5001,doc_04784_c8d0080d_chunk_0,doc_04784_c8d0080d
5002,5002,doc_04784_c8d0080d_chunk_1,doc_04784_c8d0080d
5003,5003,doc_04785_3636db98_chunk_0,doc_04785_3636db98
5004,5004,doc_04786_ab08c6ae_chunk_0,doc_04786_ab08c6ae
5005,5005,doc_04787_a8d8fe5b_chunk_0,doc_04787_a8d8fe5b
5006,5006,doc_04788_7f384366_chunk_0,doc_04788_7f384366
5007,5007,doc_04789_d4c87605_chunk_0,doc_04789_d4c87605
5008,5008,doc_04790_ccd92310_chunk_0,doc_04790_ccd92310
5009,5009,doc_04791_362f6768_chunk_0,doc_04791_362f6768
5010,5010,doc_04792_1f2fe5cd_chunk_0,doc_04792_1f2fe5cd
5011,5011,doc_04792_1f2fe5cd_chunk_1,doc_04792_1f2fe5cd
5012,5012,doc_04793_0dc868aa_chunk_0,doc_04793_0dc868aa
5013,5013,doc_04793_0dc868aa_chunk_1,doc_04793_0dc868aa
5014,5014,doc_04794_dbdca73b_chunk_0,doc_04794_dbdca73b
5015,5015,doc_04794_dbdca73b_chunk_1,doc_04794_dbdca73b
5016,5016,doc_04795_06c00d9a_chunk_0,doc_04795_06c00d9a
5017,5017,doc_04796_6287d861_chunk_0,doc_04796_6287d861
5018,5018,doc_04797_eada254e_chunk_0,doc_04797_eada254e
5019,5019,doc_04798_03c6e943_chunk_0,doc_04798_03c6e943
5020,5020,doc_04799_c9b1a13f_chunk_0,doc_04799_c9b1a13f
5021,5021,doc_04800_f9155d0b_chunk_0,doc_04800_f9155d0b
5022,5022,doc_04801_95068197_chunk_0,doc_04801_95068197
5023,5023,doc_04802_b9f88aba_chunk_0,doc_04802_b9f88aba
5024,5024,doc_04803_9567620f_chunk_0,doc_04803_9567620f
5025,5025,doc_04804_04a5e3e7_chunk_0,doc_04804_04a5e3e7
5026,5026,doc_04805_7e1a8f5e_chunk_0,doc_04805_7e1a8f5e
5027,5027,doc_04806_12c4d805_chunk_0,doc_04806_12c4d805
5028,5028,doc_04807_cb179daf_chunk_0,doc_04807_cb179daf
5029,5029,doc_04808_fe19937c_chunk_0,doc_04808_fe19937c
5030,5030,doc_04809_b6a2ab18_chunk_0,doc_04809_b6a2ab18
5031,5031,doc_04810_5a5c73b2_chunk_0,doc_04810_5a5c73b2
5032,5032,doc_04811_2a578d71_chunk_0,doc_04811_2a578d71
5033,5033,doc_04812_ff8622b7_chunk_0,doc_04812_ff8622b7
5034,5034,doc_04813_1fc2861c_chunk_0,doc_04813_1fc2861c
5035,5035,doc_04814_8f3f841a_chunk_0,doc_04814_8f3f841a
5036,5036,doc_04815_e379a1ac_chunk_0,doc_04815_e379a1ac
5037,5037,doc_04816_e344ce3b_chunk_0,doc_04816_e344ce3b
5038,5038,doc_04817_9017148a_chunk_0,doc_04817_9017148a
5039,5039,doc_04818_e5d01ff6_chunk_0,doc_04818_e5d01ff6
5040,5040,doc_04819_9f7445c8_chunk_0,doc_04819_9f7445c8
5041,5041,doc_04820_9ec3747c_chunk_0,doc_04820_9ec3747c
5042,5042,doc_04821_6b663312_chunk_0,doc_04821_6b663312
5043,5043,doc_04822_bf1e0df1_chunk_0,doc_04822_bf1e0df1
5044,5044,doc_04823_8cecd16a_chunk_0,doc_04823_8cecd16a
5045,5045,doc_04824_dee65bb0_chunk_0,doc_04824_dee65bb0
5046,5046,doc_04825_9465fa61_chunk_0,doc_04825_9465fa61
5047,5047,doc_04826_e4df6080_chunk_0,doc_04826_e4df6080
5048,5048,doc_04827_b23ccc06_chunk_0,doc_04827_b23ccc06
5049,5049,doc_04828_90215494_chunk_0,doc_04828_90215494
5050,5050,doc_04829_e37a538e_chunk_0,doc_04829_e37a538e
5051,5051,doc_04830_d7504ba2_chunk_0,doc_04830_d7504ba2
5052,5052,doc_04831_7d64ac5b_chunk_0,doc_04831_7d64ac5b
5053,5053,doc_04832_cac00fdc_chunk_0,doc_04832_cac00fdc
5054,5054,doc_04833_0ecfbeea_chunk_0,doc_04833_0ecfbeea
5055,5055,doc_04834_dc2224db_chunk_0,doc_04834_dc2224db
5056,5056,doc_04835_94a4ef85_chunk_0,doc_04835_94a4ef85
5057,5057,doc_04836_24156d1b_chunk_0,doc_04836_24156d1b
5058,5058,doc_04837_4e74809e_chunk_0,doc_04837_4e74809e
5059,5059,doc_04838_39e474f1_chunk_0,doc_04838_39e474f1
5060,5060,doc_04839_c57da94d_chunk_0,doc_04839_c57da94d
5061,5061,doc_04840_eb18a7c3_chunk_0,doc_04840_eb18a7c3
5062,5062,doc_04841_1ca66c06_chunk_0,doc_04841_1ca66c06
5063,5063,doc_04842_95033ba0_chunk_0,doc_04842_95033ba0
5064,5064,doc_04843_1f4a1b0f_chunk_0,doc_04843_1f4a1b0f
5065,5065,doc_04844_6e99de65_chunk_0,doc_04844_6e99de65
5066,5066,doc_04845_7897162d_chunk_0,doc_04845_7897162d
5067,5067,doc_04846_66b696ca_chunk_0,doc_04846_66b696ca
5068,5068,doc_04847_bc05f589_chunk_0,doc_04847_bc05f589
5069,5069,doc_04848_907e94bf_chunk_0,doc_04848_907e94bf
5070,5070,doc_04849_5f52e3c4_chunk_0,doc_04849_5f52e3c4
5071,5071,doc_04850_8772e706_chunk_0,doc_04850_8772e706
5072,5072,doc_04851_9ace8652_chunk_0,doc_04851_9ace8652
5073,5073,doc_04852_9fc6a852_chunk_0,doc_04852_9fc6a852
5074,5074,doc_04853_7cdd7f9f_chunk_0,doc_04853_7cdd7f9f
5075,5075,doc_04854_4c16f1ac_chunk_0,doc_04854_4c16f1ac
5076,5076,doc_04855_a8ca7567_chunk_0,doc_04855_a8ca7567
5077,5077,doc_04856_b22fe6d4_chunk_0,doc_04856_b22fe6d4
5078,5078,doc_04857_73b5bc9f_chunk_0,doc_04857_73b5bc9f
5079,5079,doc_04858_147326ce_chunk_0,doc_04858_147326ce
5080,5080,doc_04859_18b7f7c9_chunk_0,doc_04859_18b7f7c9
5081,5081,doc_04860_b04b27ad_chunk_0,doc_04860_b04b27ad
5082,5082,doc_04861_50c3ab5d_chunk_0,doc_04861_50c3ab5d
5083,5083,doc_04862_4727fd94_chunk_0,doc_04862_4727fd94
5084,5084,doc_04863_ac62bdf5_chunk_0,doc_04863_ac62bdf5
5085,5085,doc_04864_e09e7c7a_chunk_0,doc_04864_e09e7c7a
5086,5086,doc_04865_17f435d0_chunk_0,doc_04865_17f435d0
5087,5087,doc_04866_b9f9f637_chunk_0,doc_04866_b9f9f637
5088,5088,doc_04867_3ffbf748_chunk_0,doc_04867_3ffbf748
5089,5089,doc_04868_6d2830bc_chunk_0,doc_04868_6d2830bc
5090,5090,doc_04869_b123bb88_chunk_0,doc_04869_b123bb88
5091,5091,doc_04870_c4685369_chunk_0,doc_04870_c4685369
5092,5092,doc_04871_0d9a5dfb_chunk_0,doc_04871_0d9a5dfb
5093,5093,doc_04872_4ecf1846_chunk_0,doc_04872_4ecf1846
5094,5094,doc_04873_cf8c2fcc_chunk_0,doc_04873_cf8c2fcc
5095,5095,doc_04874_bae849cb_chunk_0,doc_04874_bae849cb
5096,5096,doc_04875_45a9abf4_chunk_0,doc_04875_45a9abf4
5097,5097,doc_04876_b1399b09_chunk_0,doc_04876_b1399b09
5098,5098,doc_04877_3f7f80e9_chunk_0,doc_04877_3f7f80e9
5099,5099,doc_04878_6a97c464_chunk_0,doc_04878_6a97c464
5100,5100,doc_04879_ff7db367_chunk_0,doc_04879_ff7db367
5101,5101,doc_04880_f27bf430_chunk_0,doc_04880_f27bf430
5102,5102,doc_04881_8a8f0ba4_chunk_0,doc_04881_8a8f0ba4
5103,5103,doc_04882_66ec9347_chunk_0,doc_04882_66ec9347
5104,5104,doc_04883_2fc9c10f_chunk_0,doc_04883_2fc9c10f
5105,5105,doc_04884_e2758d4a_chunk_0,doc_04884_e2758d4a
5106,5106,doc_04885_5b061bef_chunk_0,doc_04885_5b061bef
5107,5107,doc_04886_1d8ed27d_chunk_0,doc_04886_1d8ed27d
5108,5108,doc_04887_15a17c7c_chunk_0,doc_04887_15a17c7c
5109,5109,doc_04888_4080ea8e_chunk_0,doc_04888_4080ea8e
5110,5110,doc_04889_3a28d722_chunk_0,doc_04889_3a28d722
5111,5111,doc_04890_2d7593db_chunk_0,doc_04890_2d7593db
5112,5112,doc_04891_41bc2513_chunk_0,doc_04891_41bc2513
5113,5113,doc_04892_4658f901_chunk_0,doc_04892_4658f901
5114,5114,doc_04892_4658f901_chunk_1,doc_04892_4658f901
5115,5115,doc_04893_0e9bd865_chunk_0,doc_04893_0e9bd865
5116,5116,doc_04894_70f0583b_chunk_0,doc_04894_70f0583b
5117,5117,doc_04895_2f9d4257_chunk_0,doc_04895_2f9d4257
5118,5118,doc_04896_4509176b_chunk_0,doc_04896_4509176b
5119,5119,doc_04897_4997f38b_chunk_0,doc_04897_4997f38b
5120,5120,doc_04898_614a71d1_chunk_0,doc_04898_614a71d1
5121,5121,doc_04899_7ce12372_chunk_0,doc_04899_7ce12372
5122,5122,doc_04900_8ea306c4_chunk_0,doc_04900_8ea306c4
5123,5123,doc_04901_0136fe56_chunk_0,doc_04901_0136fe56
5124,5124,doc_04902_00a9d730_chunk_0,doc_04902_00a9d730
5125,5125,doc_04903_a8b254d7_chunk_0,doc_04903_a8b254d7
5126,5126,doc_04904_771ad597_chunk_0,doc_04904_771ad597
5127,5127,doc_04905_a36ed421_chunk_0,doc_04905_a36ed421
5128,5128,doc_04906_f0b1aa93_chunk_0,doc_04906_f0b1aa93
5129,5129,doc_04907_fb3ff895_chunk_0,doc_04907_fb3ff895
5130,5130,doc_04908_dc26fedc_chunk_0,doc_04908_dc26fedc
5131,5131,doc_04909_8c035894_chunk_0,doc_04909_8c035894
5132,5132,doc_04910_c40432c6_chunk_0,doc_04910_c40432c6
5133,5133,doc_04911_acda6347_chunk_0,doc_04911_acda6347
5134,5134,doc_04912_714e3939_chunk_0,doc_04912_714e3939
5135,5135,doc_04913_771fd3ea_chunk_0,doc_04913_771fd3ea
5136,5136,doc_04914_3f53b990_chunk_0,doc_04914_3f53b990
5137,5137,doc_04915_f2cca917_chunk_0,doc_04915_f2cca917
5138,5138,doc_04916_04002701_chunk_0,doc_04916_04002701
5139,5139,doc_04917_3e2366c5_chunk_0,doc_04917_3e2366c5
5140,5140,doc_04918_6415427c_chunk_0,doc_04918_6415427c
5141,5141,doc_04919_c64c4138_chunk_0,doc_04919_c64c4138
5142,5142,doc_04920_a950e546_chunk_0,doc_04920_a950e546
5143,5143,doc_04921_827144c6_chunk_0,doc_04921_827144c6
5144,5144,doc_04922_f1a9f5a4_chunk_0,doc_04922_f1a9f5a4
5145,5145,doc_04923_6b44910a_chunk_0,doc_04923_6b44910a
5146,5146,doc_04924_73137289_chunk_0,doc_04924_73137289
5147,5147,doc_04925_8a011b35_chunk_0,doc_04925_8a011b35
5148,5148,doc_04926_460cfbea_chunk_0,doc_04926_460cfbea
5149,5149,doc_04927_221d52d4_chunk_0,doc_04927_221d52d4
5150,5150,doc_04928_7c684857_chunk_0,doc_04928_7c684857
5151,5151,doc_04929_1817c6d7_chunk_0,doc_04929_1817c6d7
5152,5152,doc_04930_367c8176_chunk_0,doc_04930_367c8176
5153,5153,doc_04931_d03e44fc_chunk_0,doc_04931_d03e44fc
5154,5154,doc_04932_716267f6_chunk_0,doc_04932_716267f6
5155,5155,doc_04933_a5d12575_chunk_0,doc_04933_a5d12575
5156,5156,doc_04934_d5692931_chunk_0,doc_04934_d5692931
5157,5157,doc_04935_f2232fa3_chunk_0,doc_04935_f2232fa3
5158,5158,doc_04936_1c1c673b_chunk_0,doc_04936_1c1c673b
5159,5159,doc_04937_70733298_chunk_0,doc_04937_70733298
5160,5160,doc_04938_be12f4f6_chunk_0,doc_04938_be12f4f6
5161,5161,doc_04939_adb89da8_chunk_0,doc_04939_adb89da8
5162,5162,doc_04940_5c0b9ac9_chunk_0,doc_04940_5c0b9ac9
5163,5163,doc_04941_a1e73d54_chunk_0,doc_04941_a1e73d54
5164,5164,doc_04942_b333c344_chunk_0,doc_04942_b333c344
5165,5165,doc_04943_c316b52b_chunk_0,doc_04943_c316b52b
5166,5166,doc_04944_2b60481d_chunk_0,doc_04944_2b60481d
5167,5167,doc_04945_afd8e04a_chunk_0,doc_04945_afd8e04a
5168,5168,doc_04946_6acb6ad6_chunk_0,doc_04946_6acb6ad6
5169,5169,doc_04947_8816af55_chunk_0,doc_04947_8816af55
5170,5170,doc_04948_b47e1d09_chunk_0,doc_04948_b47e1d09
5171,5171,doc_04949_8b031b32_chunk_0,doc_04949_8b031b32
5172,5172,doc_04950_b1945888_chunk_0,doc_04950_b1945888
5173,5173,doc_04951_6b8f5ec2_chunk_0,doc_04951_6b8f5ec2
5174,5174,doc_04952_7d51cbc2_chunk_0,doc_04952_7d51cbc2
5175,5175,doc_04953_e9e2e3a2_chunk_0,doc_04953_e9e2e3a2
5176,5176,doc_04954_68375a88_chunk_0,doc_04954_68375a88
5177,5177,doc_04955_8b79d943_chunk_0,doc_04955_8b79d943
5178,5178,doc_04956_14e4fef2_chunk_0,doc_04956_14e4fef2
5179,5179,doc_04957_7c3a458a_chunk_0,doc_04957_7c3a458a
5180,5180,doc_04958_ff117c66_chunk_0,doc_04958_ff117c66
5181,5181,doc_04959_386c5745_chunk_0,doc_04959_386c5745
5182,5182,doc_04960_2fb43a17_chunk_0,doc_04960_2fb43a17
5183,5183,doc_04961_022e2295_chunk_0,doc_04961_022e2295
5184,5184,doc_04962_d66cfb87_chunk_0,doc_04962_d66cfb87
5185,5185,doc_04963_30b6c65e_chunk_0,doc_04963_30b6c65e
5186,5186,doc_04964_34d97c62_chunk_0,doc_04964_34d97c62
5187,5187,doc_04965_52efcdc7_chunk_0,doc_04965_52efcdc7
5188,5188,doc_04966_b093cc63_chunk_0,doc_04966_b093cc63
5189,5189,doc_04967_9079cf1a_chunk_0,doc_04967_9079cf1a
5190,5190,doc_04968_2f022bf3_chunk_0,doc_04968_2f022bf3
5191,5191,doc_04969_f04b58a2_chunk_0,doc_04969_f04b58a2
5192,5192,doc_04970_16674d3e_chunk_0,doc_04970_16674d3e
5193,5193,doc_04971_7add5776_chunk_0,doc_04971_7add5776
5194,5194,doc_04972_b05c2870_chunk_0,doc_04972_b05c2870
5195,5195,doc_04973_d0c360cb_chunk_0,doc_04973_d0c360cb
5196,5196,doc_04974_dd550aef_chunk_0,doc_04974_dd550aef
5197,5197,doc_04975_781025db_chunk_0,doc_04975_781025db
5198,5198,doc_04976_92b2372c_chunk_0,doc_04976_92b2372c
5199,5199,doc_04977_8e5a8fba_chunk_0,doc_04977_8e5a8fba
5200,5200,doc_04978_9374fee4_chunk_0,doc_04978_9374fee4
5201,5201,doc_04979_35571524_chunk_0,doc_04979_35571524
5202,5202,doc_04980_9e4311e6_chunk_0,doc_04980_9e4311e6
5203,5203,doc_04981_fc747850_chunk_0,doc_04981_fc747850
5204,5204,doc_04982_400a21fa_chunk_0,doc_04982_400a21fa
5205,5205,doc_04983_965b43d1_chunk_0,doc_04983_965b43d1
5206,5206,doc_04984_ad8559b2_chunk_0,doc_04984_ad8559b2
5207,5207,doc_04985_ddb85b87_chunk_0,doc_04985_ddb85b87
5208,5208,doc_04986_e66f7391_chunk_0,doc_04986_e66f7391
5209,5209,doc_04987_d180222e_chunk_0,doc_04987_d180222e
5210,5210,doc_04988_332c4d30_chunk_0,doc_04988_332c4d30
5211,5211,doc_04989_6ded4ecc_chunk_0,doc_04989_6ded4ecc
5212,5212,doc_04990_e5e68a64_chunk_0,doc_04990_e5e68a64
5213,5213,doc_04991_40411409_chunk_0,doc_04991_40411409
5214,5214,doc_04992_173074e5_chunk_0,doc_04992_173074e5
5215,5215,doc_04993_7ca65189_chunk_0,doc_04993_7ca65189
5216,5216,doc_04994_ce7dc013_chunk_0,doc_04994_ce7dc013
5217,5217,doc_04995_6c0f2d34_chunk_0,doc_04995_6c0f2d34
5218,5218,doc_04996_44e3acc5_chunk_0,doc_04996_44e3acc5
5219,5219,doc_04997_1feb4f32_chunk_0,doc_04997_1feb4f32
5220,5220,doc_04998_f4c4ea5a_chunk_0,doc_04998_f4c4ea5a
5221,5221,doc_04999_36f775a4_chunk_0,doc_04999_36f775a4
5222,5222,doc_05000_2ea0181d_chunk_0,doc_05000_2ea0181d
5223,5223,doc_05001_acc3c2de_chunk_0,doc_05001_acc3c2de
5224,5224,doc_05002_cd0e9f84_chunk_0,doc_05002_cd0e9f84
5225,5225,doc_05003_3d590987_chunk_0,doc_05003_3d590987
5226,5226,doc_05003_3d590987_chunk_1,doc_05003_3d590987
5227,5227,doc_05004_23baff3f_chunk_0,doc_05004_23baff3f
5228,5228,doc_05004_23baff3f_chunk_1,doc_05004_23baff3f
5229,5229,doc_05005_cf2936ff_chunk_0,doc_05005_cf2936ff
5230,5230,doc_05005_cf2936ff_chunk_1,doc_05005_cf2936ff
5231,5231,doc_05006_2ddbca55_chunk_0,doc_05006_2ddbca55
5232,5232,doc_05007_d7881b71_chunk_0,doc_05007_d7881b71
5233,5233,doc_05008_b5ca7ce3_chunk_0,doc_05008_b5ca7ce3
5234,5234,doc_05009_1a901f8f_chunk_0,doc_05009_1a901f8f
5235,5235,doc_05010_7329dd14_chunk_0,doc_05010_7329dd14
5236,5236,doc_05011_17cdfd47_chunk_0,doc_05011_17cdfd47
5237,5237,doc_05012_560ae11a_chunk_0,doc_05012_560ae11a
5238,5238,doc_05013_082bd9e6_chunk_0,doc_05013_082bd9e6
5239,5239,doc_05014_cb5c5fef_chunk_0,doc_05014_cb5c5fef
5240,5240,doc_05015_252ba7b9_chunk_0,doc_05015_252ba7b9
5241,5241,doc_05016_ebb96822_chunk_0,doc_05016_ebb96822
5242,5242,doc_05017_fc051328_chunk_0,doc_05017_fc051328
5243,5243,doc_05018_d7b2eba2_chunk_0,doc_05018_d7b2eba2
5244,5244,doc_05019_5c79f518_chunk_0,doc_05019_5c79f518
5245,5245,doc_05020_cb02221c_chunk_0,doc_05020_cb02221c
5246,5246,doc_05021_f139e779_chunk_0,doc_05021_f139e779
5247,5247,doc_05021_f139e779_chunk_1,doc_05021_f139e779
5248,5248,doc_05021_f139e779_chunk_2,doc_05021_f139e779
5249,5249,doc_05022_a07ef782_chunk_0,doc_05022_a07ef782
5250,5250,doc_05023_771b4d01_chunk_0,doc_05023_771b4d01
5251,5251,doc_05024_ac66fc8b_chunk_0,doc_05024_ac66fc8b
5252,5252,doc_05025_4200e833_chunk_0,doc_05025_4200e833
5253,5253,doc_05026_18111d4a_chunk_0,doc_05026_18111d4a
5254,5254,doc_05027_da0ea1cc_chunk_0,doc_05027_da0ea1cc
5255,5255,doc_05028_1fb4ff6b_chunk_0,doc_05028_1fb4ff6b
5256,5256,doc_05029_e498397c_chunk_0,doc_05029_e498397c
5257,5257,doc_05030_1a3519c9_chunk_0,doc_05030_1a3519c9
5258,5258,doc_05030_1a3519c9_chunk_1,doc_05030_1a3519c9
5259,5259,doc_05031_3a817375_chunk_0,doc_05031_3a817375
5260,5260,doc_05032_55c08c8f_chunk_0,doc_05032_55c08c8f
5261,5261,doc_05032_55c08c8f_chunk_1,doc_05032_55c08c8f
5262,5262,doc_05032_55c08c8f_chunk_2,doc_05032_55c08c8f
5263,5263,doc_05032_55c08c8f_chunk_3,doc_05032_55c08c8f
5264,5264,doc_05032_55c08c8f_chunk_4,doc_05032_55c08c8f
5265,5265,doc_05033_88c77b84_chunk_0,doc_05033_88c77b84
5266,5266,doc_05033_88c77b84_chunk_1,doc_05033_88c77b84
5267,5267,doc_05033_88c77b84_chunk_2,doc_05033_88c77b84
5268,5268,doc_05034_f1dd4ae0_chunk_0,doc_05034_f1dd4ae0
5269,5269,doc_05034_f1dd4ae0_chunk_1,doc_05034_f1dd4ae0
5270,5270,doc_05035_25032a18_chunk_0,doc_05035_25032a18
5271,5271,doc_05036_296c5c53_chunk_0,doc_05036_296c5c53
5272,5272,doc_05037_fbd97cbd_chunk_0,doc_05037_fbd97cbd
5273,5273,doc_05038_1d507ac1_chunk_0,doc_05038_1d507ac1
5274,5274,doc_05039_7764ec16_chunk_0,doc_05039_7764ec16
5275,5275,doc_05040_7b25ebbd_chunk_0,doc_05040_7b25ebbd
5276,5276,doc_05041_e4f242cf_chunk_0,doc_05041_e4f242cf
5277,5277,doc_05042_9de0131f_chunk_0,doc_05042_9de0131f
5278,5278,doc_05043_d0b2a01a_chunk_0,doc_05043_d0b2a01a
5279,5279,doc_05044_37c7c0ca_chunk_0,doc_05044_37c7c0ca
5280,5280,doc_05045_a9b32abe_chunk_0,doc_05045_a9b32abe
5281,5281,doc_05046_64a16f25_chunk_0,doc_05046_64a16f25
5282,5282,doc_05047_fb4e97b6_chunk_0,doc_05047_fb4e97b6
5283,5283,doc_05048_2955fe8f_chunk_0,doc_05048_2955fe8f
5284,5284,doc_05049_8fa5aeea_chunk_0,doc_05049_8fa5aeea
5285,5285,doc_05050_76be2287_chunk_0,doc_05050_76be2287
5286,5286,doc_05051_65e11e54_chunk_0,doc_05051_65e11e54
5287,5287,doc_05052_9cfd556f_chunk_0,doc_05052_9cfd556f
5288,5288,doc_05053_68ce9191_chunk_0,doc_05053_68ce9191
5289,5289,doc_05054_1939a152_chunk_0,doc_05054_1939a152
5290,5290,doc_05055_d34b4f32_chunk_0,doc_05055_d34b4f32
5291,5291,doc_05056_ec32a0f8_chunk_0,doc_05056_ec32a0f8
5292,5292,doc_05057_9b245b17_chunk_0,doc_05057_9b245b17
5293,5293,doc_05058_a725aaf8_chunk_0,doc_05058_a725aaf8
5294,5294,doc_05059_d4165aa4_chunk_0,doc_05059_d4165aa4
5295,5295,doc_05060_b3a83514_chunk_0,doc_05060_b3a83514
5296,5296,doc_05061_838c3435_chunk_0,doc_05061_838c3435
5297,5297,doc_05062_1015601a_chunk_0,doc_05062_1015601a
5298,5298,doc_05063_b51db189_chunk_0,doc_05063_b51db189
5299,5299,doc_05064_d79b1646_chunk_0,doc_05064_d79b1646
5300,5300,doc_05065_a73bb99f_chunk_0,doc_05065_a73bb99f
5301,5301,doc_05066_9a35b7dd_chunk_0,doc_05066_9a35b7dd
5302,5302,doc_05067_655c330f_chunk_0,doc_05067_655c330f
5303,5303,doc_05068_a69d1171_chunk_0,doc_05068_a69d1171
5304,5304,doc_05069_af2b342a_chunk_0,doc_05069_af2b342a
5305,5305,doc_05070_46cd209e_chunk_0,doc_05070_46cd209e
5306,5306,doc_05071_d0ad042f_chunk_0,doc_05071_d0ad042f
5307,5307,doc_05072_931aa704_chunk_0,doc_05072_931aa704
5308,5308,doc_05073_d94b3f30_chunk_0,doc_05073_d94b3f30
5309,5309,doc_05074_8f5461db_chunk_0,doc_05074_8f5461db
5310,5310,doc_05075_c2091ede_chunk_0,doc_05075_c2091ede
5311,5311,doc_05076_42a91a91_chunk_0,doc_05076_42a91a91
5312,5312,doc_05077_1da65670_chunk_0,doc_05077_1da65670
5313,5313,doc_05078_e555674c_chunk_0,doc_05078_e555674c
5314,5314,doc_05079_cff1b36e_chunk_0,doc_05079_cff1b36e
5315,5315,doc_05080_cde16cc0_chunk_0,doc_05080_cde16cc0
5316,5316,doc_05081_76081198_chunk_0,doc_05081_76081198
5317,5317,doc_05082_141dba3e_chunk_0,doc_05082_141dba3e
5318,5318,doc_05083_b8d571c4_chunk_0,doc_05083_b8d571c4
5319,5319,doc_05084_a2ca7bb9_chunk_0,doc_05084_a2ca7bb9
5320,5320,doc_05085_003d6010_chunk_0,doc_05085_003d6010
5321,5321,doc_05086_b96030a7_chunk_0,doc_05086_b96030a7
5322,5322,doc_05087_e3033c2d_chunk_0,doc_05087_e3033c2d
5323,5323,doc_05088_352c7c96_chunk_0,doc_05088_352c7c96
5324,5324,doc_05089_95b0552c_chunk_0,doc_05089_95b0552c
5325,5325,doc_05090_ee5e8f14_chunk_0,doc_05090_ee5e8f14
5326,5326,doc_05091_2bf323ce_chunk_0,doc_05091_2bf323ce
5327,5327,doc_05092_8f19ed84_chunk_0,doc_05092_8f19ed84
5328,5328,doc_05093_76a94fe1_chunk_0,doc_05093_76a94fe1
5329,5329,doc_05094_b4207e06_chunk_0,doc_05094_b4207e06
5330,5330,doc_05095_80858a0d_chunk_0,doc_05095_80858a0d
5331,5331,doc_05096_8087d528_chunk_0,doc_05096_8087d528
5332,5332,doc_05097_26a1291d_chunk_0,doc_05097_26a1291d
5333,5333,doc_05098_2de1ebde_chunk_0,doc_05098_2de1ebde
5334,5334,doc_05099_518d798c_chunk_0,doc_05099_518d798c
5335,5335,doc_05100_e00aefd6_chunk_0,doc_05100_e00aefd6
5336,5336,doc_05101_47c45190_chunk_0,doc_05101_47c45190
5337,5337,doc_05102_bb190ac6_chunk_0,doc_05102_bb190ac6
5338,5338,doc_05103_260e2909_chunk_0,doc_05103_260e2909
5339,5339,doc_05104_e685e47d_chunk_0,doc_05104_e685e47d
5340,5340,doc_05105_6f37e299_chunk_0,doc_05105_6f37e299
5341,5341,doc_05106_ef35240f_chunk_0,doc_05106_ef35240f
5342,5342,doc_05107_ebac2a4e_chunk_0,doc_05107_ebac2a4e
5343,5343,doc_05108_ae8b6cd6_chunk_0,doc_05108_ae8b6cd6
5344,5344,doc_05109_5954657c_chunk_0,doc_05109_5954657c
5345,5345,doc_05110_dc1934cc_chunk_0,doc_05110_dc1934cc
5346,5346,doc_05111_7735059d_chunk_0,doc_05111_7735059d
5347,5347,doc_05112_87902b61_chunk_0,doc_05112_87902b61
5348,5348,doc_05113_09e2196e_chunk_0,doc_05113_09e2196e
5349,5349,doc_05114_889793ac_chunk_0,doc_05114_889793ac
5350,5350,doc_05115_3ef4e4c0_chunk_0,doc_05115_3ef4e4c0
5351,5351,doc_05116_c3006921_chunk_0,doc_05116_c3006921
5352,5352,doc_05117_0b224922_chunk_0,doc_05117_0b224922
5353,5353,doc_05118_16842228_chunk_0,doc_05118_16842228
5354,5354,doc_05119_15cf6178_chunk_0,doc_05119_15cf6178
5355,5355,doc_05120_97a441b9_chunk_0,doc_05120_97a441b9
5356,5356,doc_05121_6176f0c9_chunk_0,doc_05121_6176f0c9
5357,5357,doc_05122_660c3b1e_chunk_0,doc_05122_660c3b1e
5358,5358,doc_05123_8adaa074_chunk_0,doc_05123_8adaa074
5359,5359,doc_05124_e43ef4af_chunk_0,doc_05124_e43ef4af
5360,5360,doc_05125_b921d4c5_chunk_0,doc_05125_b921d4c5
5361,5361,doc_05126_c3a60700_chunk_0,doc_05126_c3a60700
5362,5362,doc_05127_74f10bbc_chunk_0,doc_05127_74f10bbc
5363,5363,doc_05128_6fbf8040_chunk_0,doc_05128_6fbf8040
5364,5364,doc_05129_f53a6bc9_chunk_0,doc_05129_f53a6bc9
5365,5365,doc_05130_11530e8f_chunk_0,doc_05130_11530e8f
5366,5366,doc_05131_511c0d8b_chunk_0,doc_05131_511c0d8b
5367,5367,doc_05132_1c575b2f_chunk_0,doc_05132_1c575b2f
5368,5368,doc_05133_0cae15ed_chunk_0,doc_05133_0cae15ed
5369,5369,doc_05134_7a492953_chunk_0,doc_05134_7a492953
5370,5370,doc_05135_4f47ff58_chunk_0,doc_05135_4f47ff58
5371,5371,doc_05136_d2a84473_chunk_0,doc_05136_d2a84473
5372,5372,doc_05137_af7aaf1a_chunk_0,doc_05137_af7aaf1a
5373,5373,doc_05138_3aa6a64c_chunk_0,doc_05138_3aa6a64c
5374,5374,doc_05139_bae72fa0_chunk_0,doc_05139_bae72fa0
5375,5375,doc_05140_c18e1d19_chunk_0,doc_05140_c18e1d19
5376,5376,doc_05141_50510213_chunk_0,doc_05141_50510213
5377,5377,doc_05142_8bca489e_chunk_0,doc_05142_8bca489e
5378,5378,doc_05143_dc2056c8_chunk_0,doc_05143_dc2056c8
5379,5379,doc_05144_b25f3c9b_chunk_0,doc_05144_b25f3c9b
5380,5380,doc_05145_6790a7b2_chunk_0,doc_05145_6790a7b2
5381,5381,doc_05146_b7ebe91c_chunk_0,doc_05146_b7ebe91c
5382,5382,doc_05147_ad9afd63_chunk_0,doc_05147_ad9afd63
5383,5383,doc_05148_f089a31c_chunk_0,doc_05148_f089a31c
5384,5384,doc_05149_75be899c_chunk_0,doc_05149_75be899c
5385,5385,doc_05150_e263d4fc_chunk_0,doc_05150_e263d4fc
5386,5386,doc_05151_78453f0e_chunk_0,doc_05151_78453f0e
5387,5387,doc_05152_220fa2e7_chunk_0,doc_05152_220fa2e7
5388,5388,doc_05153_8896f65b_chunk_0,doc_05153_8896f65b
5389,5389,doc_05154_107575e0_chunk_0,doc_05154_107575e0
5390,5390,doc_05155_902a0627_chunk_0,doc_05155_902a0627
5391,5391,doc_05156_d65d7348_chunk_0,doc_05156_d65d7348
5392,5392,doc_05157_2cd58f9a_chunk_0,doc_05157_2cd58f9a
5393,5393,doc_05158_1016f0b6_chunk_0,doc_05158_1016f0b6
5394,5394,doc_05159_70b7b5ab_chunk_0,doc_05159_70b7b5ab
5395,5395,doc_05160_2d9e7fe4_chunk_0,doc_05160_2d9e7fe4
5396,5396,doc_05161_de37899a_chunk_0,doc_05161_de37899a
5397,5397,doc_05162_52c283f9_chunk_0,doc_05162_52c283f9
5398,5398,doc_05163_53b17ce0_chunk_0,doc_05163_53b17ce0
5399,5399,doc_05164_d4e58655_chunk_0,doc_05164_d4e58655
5400,5400,doc_05165_37c95fc7_chunk_0,doc_05165_37c95fc7
5401,5401,doc_05165_37c95fc7_chunk_1,doc_05165_37c95fc7
5402,5402,doc_05166_6ce0760e_chunk_0,doc_05166_6ce0760e
5403,5403,doc_05166_6ce0760e_chunk_1,doc_05166_6ce0760e
5404,5404,doc_05167_22451f8e_chunk_0,doc_05167_22451f8e
5405,5405,doc_05167_22451f8e_chunk_1,doc_05167_22451f8e
5406,5406,doc_05168_36a76ee3_chunk_0,doc_05168_36a76ee3
5407,5407,doc_05169_4e82f2ef_chunk_0,doc_05169_4e82f2ef
5408,5408,doc_05170_566fb660_chunk_0,doc_05170_566fb660
5409,5409,doc_05171_d5589b1f_chunk_0,doc_05171_d5589b1f
5410,5410,doc_05172_3fc8e86e_chunk_0,doc_05172_3fc8e86e
5411,5411,doc_05173_f8feb981_chunk_0,doc_05173_f8feb981
5412,5412,doc_05174_51995240_chunk_0,doc_05174_51995240
5413,5413,doc_05175_6c9b2336_chunk_0,doc_05175_6c9b2336
5414,5414,doc_05176_617054f9_chunk_0,doc_05176_617054f9
5415,5415,doc_05177_7fa33243_chunk_0,doc_05177_7fa33243
5416,5416,doc_05177_7fa33243_chunk_1,doc_05177_7fa33243
5417,5417,doc_05178_2892ef93_chunk_0,doc_05178_2892ef93
5418,5418,doc_05179_51058d0a_chunk_0,doc_05179_51058d0a
5419,5419,doc_05180_cf92f9ac_chunk_0,doc_05180_cf92f9ac
5420,5420,doc_05181_7f8ae0df_chunk_0,doc_05181_7f8ae0df
5421,5421,doc_05182_fb68a74b_chunk_0,doc_05182_fb68a74b
5422,5422,doc_05183_daa9e94a_chunk_0,doc_05183_daa9e94a
5423,5423,doc_05184_48f371fe_chunk_0,doc_05184_48f371fe
5424,5424,doc_05185_77432d99_chunk_0,doc_05185_77432d99
5425,5425,doc_05186_e8bdbc53_chunk_0,doc_05186_e8bdbc53
5426,5426,doc_05187_9f7043c9_chunk_0,doc_05187_9f7043c9
5427,5427,doc_05188_4967a8d3_chunk_0,doc_05188_4967a8d3
5428,5428,doc_05189_b3270e18_chunk_0,doc_05189_b3270e18
5429,5429,doc_05190_66a89b88_chunk_0,doc_05190_66a89b88
5430,5430,doc_05191_5a4a1bd9_chunk_0,doc_05191_5a4a1bd9
5431,5431,doc_05192_7eb9ceb3_chunk_0,doc_05192_7eb9ceb3
5432,5432,doc_05193_591e9b5f_chunk_0,doc_05193_591e9b5f
5433,5433,doc_05194_59a842bb_chunk_0,doc_05194_59a842bb
5434,5434,doc_05195_035376ad_chunk_0,doc_05195_035376ad
5435,5435,doc_05196_9cfe596a_chunk_0,doc_05196_9cfe596a
5436,5436,doc_05197_4d6a3bf3_chunk_0,doc_05197_4d6a3bf3
5437,5437,doc_05198_aad1876a_chunk_0,doc_05198_aad1876a
5438,5438,doc_05199_33ef47a6_chunk_0,doc_05199_33ef47a6
5439,5439,doc_05200_6ad215d6_chunk_0,doc_05200_6ad215d6
5440,5440,doc_05201_3303c077_chunk_0,doc_05201_3303c077
5441,5441,doc_05202_c58a7ced_chunk_0,doc_05202_c58a7ced
5442,5442,doc_05203_44258d05_chunk_0,doc_05203_44258d05
5443,5443,doc_05204_a38e01ff_chunk_0,doc_05204_a38e01ff
5444,5444,doc_05205_0d19bbbc_chunk_0,doc_05205_0d19bbbc
5445,5445,doc_05206_ef649551_chunk_0,doc_05206_ef649551
5446,5446,doc_05207_49e86bbd_chunk_0,doc_05207_49e86bbd
5447,5447,doc_05208_0b1c6972_chunk_0,doc_05208_0b1c6972
5448,5448,doc_05209_2620e7dd_chunk_0,doc_05209_2620e7dd
5449,5449,doc_05210_a294cdcb_chunk_0,doc_05210_a294cdcb
5450,5450,doc_05211_900d529e_chunk_0,doc_05211_900d529e
5451,5451,doc_05212_edd8fa5e_chunk_0,doc_05212_edd8fa5e
5452,5452,doc_05213_590fc40b_chunk_0,doc_05213_590fc40b
5453,5453,doc_05214_8c5147ce_chunk_0,doc_05214_8c5147ce
5454,5454,doc_05215_3e6f059e_chunk_0,doc_05215_3e6f059e
5455,5455,doc_05216_bfb5e64e_chunk_0,doc_05216_bfb5e64e
5456,5456,doc_05217_b1955504_chunk_0,doc_05217_b1955504
5457,5457,doc_05218_607ed7ff_chunk_0,doc_05218_607ed7ff
5458,5458,doc_05219_73e9593f_chunk_0,doc_05219_73e9593f
5459,5459,doc_05220_362ae312_chunk_0,doc_05220_362ae312
5460,5460,doc_05221_ea1bd002_chunk_0,doc_05221_ea1bd002
5461,5461,doc_05222_2076a358_chunk_0,doc_05222_2076a358
5462,5462,doc_05223_8eb44427_chunk_0,doc_05223_8eb44427
5463,5463,doc_05224_629ea9d0_chunk_0,doc_05224_629ea9d0
5464,5464,doc_05225_1d0215b1_chunk_0,doc_05225_1d0215b1
5465,5465,doc_05226_d03f701e_chunk_0,doc_05226_d03f701e
5466,5466,doc_05227_8684dfc3_chunk_0,doc_05227_8684dfc3
5467,5467,doc_05228_4a39d56e_chunk_0,doc_05228_4a39d56e
5468,5468,doc_05229_10a51888_chunk_0,doc_05229_10a51888
5469,5469,doc_05230_4f7e5b88_chunk_0,doc_05230_4f7e5b88
5470,5470,doc_05231_c3c8a6ff_chunk_0,doc_05231_c3c8a6ff
5471,5471,doc_05232_e51050df_chunk_0,doc_05232_e51050df
5472,5472,doc_05233_e1c904c9_chunk_0,doc_05233_e1c904c9
5473,5473,doc_05234_6e1da06f_chunk_0,doc_05234_6e1da06f
5474,5474,doc_05235_8fa5c729_chunk_0,doc_05235_8fa5c729
5475,5475,doc_05236_687a26a4_chunk_0,doc_05236_687a26a4
5476,5476,doc_05237_91e4fd17_chunk_0,doc_05237_91e4fd17
5477,5477,doc_05238_efc14dfe_chunk_0,doc_05238_efc14dfe
5478,5478,doc_05239_ef08142c_chunk_0,doc_05239_ef08142c
5479,5479,doc_05240_8a0e92e7_chunk_0,doc_05240_8a0e92e7
5480,5480,doc_05241_985e61e9_chunk_0,doc_05241_985e61e9
5481,5481,doc_05242_80e0759f_chunk_0,doc_05242_80e0759f
5482,5482,doc_05243_3e91014d_chunk_0,doc_05243_3e91014d
5483,5483,doc_05244_c5f95fc9_chunk_0,doc_05244_c5f95fc9
5484,5484,doc_05245_7f9aae97_chunk_0,doc_05245_7f9aae97
5485,5485,doc_05246_3113028a_chunk_0,doc_05246_3113028a
5486,5486,doc_05247_85943c2a_chunk_0,doc_05247_85943c2a
5487,5487,doc_05248_62b191c3_chunk_0,doc_05248_62b191c3
5488,5488,doc_05249_936d14f6_chunk_0,doc_05249_936d14f6
5489,5489,doc_05250_55d1ecef_chunk_0,doc_05250_55d1ecef
5490,5490,doc_05251_3aeee942_chunk_0,doc_05251_3aeee942
5491,5491,doc_05252_02c70845_chunk_0,doc_05252_02c70845
5492,5492,doc_05253_4ddd1f8a_chunk_0,doc_05253_4ddd1f8a
5493,5493,doc_05254_55fb262a_chunk_0,doc_05254_55fb262a
5494,5494,doc_05255_5bd7b714_chunk_0,doc_05255_5bd7b714
5495,5495,doc_05256_17240e7a_chunk_0,doc_05256_17240e7a
5496,5496,doc_05257_cc9412a9_chunk_0,doc_05257_cc9412a9
5497,5497,doc_05258_f3519839_chunk_0,doc_05258_f3519839
5498,5498,doc_05259_e7301ff7_chunk_0,doc_05259_e7301ff7
5499,5499,doc_05260_1f09d7d4_chunk_0,doc_05260_1f09d7d4
5500,5500,doc_05261_96846ced_chunk_0,doc_05261_96846ced
5501,5501,doc_05262_cdb13f1c_chunk_0,doc_05262_cdb13f1c
5502,5502,doc_05263_e5839c95_chunk_0,doc_05263_e5839c95
5503,5503,doc_05264_f6727ae1_chunk_0,doc_05264_f6727ae1
5504,5504,doc_05265_56d80f44_chunk_0,doc_05265_56d80f44
5505,5505,doc_05266_d1fd50f5_chunk_0,doc_05266_d1fd50f5
5506,5506,doc_05267_9fb9c18f_chunk_0,doc_05267_9fb9c18f
5507,5507,doc_05268_566451f2_chunk_0,doc_05268_566451f2
5508,5508,doc_05269_ae907835_chunk_0,doc_05269_ae907835
5509,5509,doc_05270_9bfad8cd_chunk_0,doc_05270_9bfad8cd
5510,5510,doc_05271_b1e326b5_chunk_0,doc_05271_b1e326b5
5511,5511,doc_05272_300d46e0_chunk_0,doc_05272_300d46e0
5512,5512,doc_05273_3521960e_chunk_0,doc_05273_3521960e
5513,5513,doc_05274_1097587d_chunk_0,doc_05274_1097587d
5514,5514,doc_05275_33c01cce_chunk_0,doc_05275_33c01cce
5515,5515,doc_05276_27688b2f_chunk_0,doc_05276_27688b2f
5516,5516,doc_05277_8f86ff8b_chunk_0,doc_05277_8f86ff8b
5517,5517,doc_05278_dff94706_chunk_0,doc_05278_dff94706
5518,5518,doc_05279_4122ec3b_chunk_0,doc_05279_4122ec3b
5519,5519,doc_05280_f3911657_chunk_0,doc_05280_f3911657
5520,5520,doc_05281_8bd410f7_chunk_0,doc_05281_8bd410f7
5521,5521,doc_05282_20d546f9_chunk_0,doc_05282_20d546f9
5522,5522,doc_05283_146e4b82_chunk_0,doc_05283_146e4b82
5523,5523,doc_05284_4574d3d9_chunk_0,doc_05284_4574d3d9
5524,5524,doc_05285_de312c5a_chunk_0,doc_05285_de312c5a
5525,5525,doc_05286_0c7d5267_chunk_0,doc_05286_0c7d5267
5526,5526,doc_05287_6ab6f09f_chunk_0,doc_05287_6ab6f09f
5527,5527,doc_05288_14158b2a_chunk_0,doc_05288_14158b2a
5528,5528,doc_05289_c4605dcf_chunk_0,doc_05289_c4605dcf
5529,5529,doc_05290_1cabc5e1_chunk_0,doc_05290_1cabc5e1
5530,5530,doc_05291_0a255046_chunk_0,doc_05291_0a255046
5531,5531,doc_05292_a8a95acf_chunk_0,doc_05292_a8a95acf
5532,5532,doc_05293_ea738a7b_chunk_0,doc_05293_ea738a7b
5533,5533,doc_05294_028bb60d_chunk_0,doc_05294_028bb60d
5534,5534,doc_05295_2d9c81ed_chunk_0,doc_05295_2d9c81ed
5535,5535,doc_05296_c3ec5dcc_chunk_0,doc_05296_c3ec5dcc
5536,5536,doc_05297_e576c608_chunk_0,doc_05297_e576c608
5537,5537,doc_05298_623a13d6_chunk_0,doc_05298_623a13d6
5538,5538,doc_05299_c707d08d_chunk_0,doc_05299_c707d08d
5539,5539,doc_05300_7b42fdc4_chunk_0,doc_05300_7b42fdc4
5540,5540,doc_05300_7b42fdc4_chunk_1,doc_05300_7b42fdc4
5541,5541,doc_05301_fd31aedf_chunk_0,doc_05301_fd31aedf
5542,5542,doc_05302_6fe653b0_chunk_0,doc_05302_6fe653b0
5543,5543,doc_05303_fb0a6e48_chunk_0,doc_05303_fb0a6e48
5544,5544,doc_05304_cc817e80_chunk_0,doc_05304_cc817e80
5545,5545,doc_05305_8bdf6294_chunk_0,doc_05305_8bdf6294
5546,5546,doc_05306_c9b9e2f4_chunk_0,doc_05306_c9b9e2f4
5547,5547,doc_05307_bfed07c8_chunk_0,doc_05307_bfed07c8
5548,5548,doc_05308_1831a348_chunk_0,doc_05308_1831a348
5549,5549,doc_05309_dc92b747_chunk_0,doc_05309_dc92b747
5550,5550,doc_05310_03a27aee_chunk_0,doc_05310_03a27aee
5551,5551,doc_05311_ecc9bb1b_chunk_0,doc_05311_ecc9bb1b
5552,5552,doc_05312_659acb6f_chunk_0,doc_05312_659acb6f
5553,5553,doc_05313_d236f6a8_chunk_0,doc_05313_d236f6a8
5554,5554,doc_05314_30d61fc8_chunk_0,doc_05314_30d61fc8
5555,5555,doc_05315_cdaa28c7_chunk_0,doc_05315_cdaa28c7
5556,5556,doc_05315_cdaa28c7_chunk_1,doc_05315_cdaa28c7
5557,5557,doc_05316_07a3d90d_chunk_0,doc_05316_07a3d90d
5558,5558,doc_05317_91f09db1_chunk_0,doc_05317_91f09db1
5559,5559,doc_05318_d0667b18_chunk_0,doc_05318_d0667b18
5560,5560,doc_05319_ade4abf2_chunk_0,doc_05319_ade4abf2
5561,5561,doc_05319_ade4abf2_chunk_1,doc_05319_ade4abf2
5562,5562,doc_05320_8ce57fa0_chunk_0,doc_05320_8ce57fa0
5563,5563,doc_05321_36875890_chunk_0,doc_05321_36875890
5564,5564,doc_05321_36875890_chunk_1,doc_05321_36875890
5565,5565,doc_05322_567d4329_chunk_0,doc_05322_567d4329
5566,5566,doc_05323_aa6ee2b1_chunk_0,doc_05323_aa6ee2b1
5567,5567,doc_05324_80e850a0_chunk_0,doc_05324_80e850a0
5568,5568,doc_05325_33f08f53_chunk_0,doc_05325_33f08f53
5569,5569,doc_05325_33f08f53_chunk_1,doc_05325_33f08f53
5570,5570,doc_05326_62ed0e71_chunk_0,doc_05326_62ed0e71
5571,5571,doc_05327_fe5ee1cd_chunk_0,doc_05327_fe5ee1cd
5572,5572,doc_05328_7be5b07f_chunk_0,doc_05328_7be5b07f
5573,5573,doc_05329_d2966310_chunk_0,doc_05329_d2966310
5574,5574,doc_05330_0cb5caa3_chunk_0,doc_05330_0cb5caa3
5575,5575,doc_05331_5be7408d_chunk_0,doc_05331_5be7408d
5576,5576,doc_05331_5be7408d_chunk_1,doc_05331_5be7408d
5577,5577,doc_05332_c89c3ceb_chunk_0,doc_05332_c89c3ceb
5578,5578,doc_05333_b4cb416c_chunk_0,doc_05333_b4cb416c
5579,5579,doc_05334_fcadcd43_chunk_0,doc_05334_fcadcd43
5580,5580,doc_05335_d8f4ba07_chunk_0,doc_05335_d8f4ba07
5581,5581,doc_05336_b9c5105b_chunk_0,doc_05336_b9c5105b
5582,5582,doc_05337_d114f8ee_chunk_0,doc_05337_d114f8ee
5583,5583,doc_05338_22837af9_chunk_0,doc_05338_22837af9
5584,5584,doc_05339_3a650cf5_chunk_0,doc_05339_3a650cf5
5585,5585,doc_05340_c09d18bd_chunk_0,doc_05340_c09d18bd
5586,5586,doc_05341_b9319bc4_chunk_0,doc_05341_b9319bc4
5587,5587,doc_05342_4e6c3930_chunk_0,doc_05342_4e6c3930
5588,5588,doc_05343_a822a22f_chunk_0,doc_05343_a822a22f
5589,5589,doc_05344_c54e1e06_chunk_0,doc_05344_c54e1e06
5590,5590,doc_05345_aa2e998a_chunk_0,doc_05345_aa2e998a
5591,5591,doc_05346_4775f80f_chunk_0,doc_05346_4775f80f
5592,5592,doc_05347_11d28fec_chunk_0,doc_05347_11d28fec
5593,5593,doc_05348_c89b98a2_chunk_0,doc_05348_c89b98a2
5594,5594,doc_05349_632c209f_chunk_0,doc_05349_632c209f
5595,5595,doc_05350_a2553971_chunk_0,doc_05350_a2553971
5596,5596,doc_05351_bccf232a_chunk_0,doc_05351_bccf232a
5597,5597,doc_05352_ce67ee1a_chunk_0,doc_05352_ce67ee1a
5598,5598,doc_05353_20bc55d2_chunk_0,doc_05353_20bc55d2
5599,5599,doc_05354_dfb55867_chunk_0,doc_05354_dfb55867
5600,5600,doc_05355_94cfc1ac_chunk_0,doc_05355_94cfc1ac
5601,5601,doc_05356_8d23a9fd_chunk_0,doc_05356_8d23a9fd
5602,5602,doc_05357_52d53826_chunk_0,doc_05357_52d53826
5603,5603,doc_05357_52d53826_chunk_1,doc_05357_52d53826
5604,5604,doc_05358_9c415d42_chunk_0,doc_05358_9c415d42
5605,5605,doc_05359_a0fe7d60_chunk_0,doc_05359_a0fe7d60
5606,5606,doc_05359_a0fe7d60_chunk_1,doc_05359_a0fe7d60
5607,5607,doc_05360_49cb6bcb_chunk_0,doc_05360_49cb6bcb
5608,5608,doc_05361_9244c46f_chunk_0,doc_05361_9244c46f
5609,5609,doc_05362_1b958a28_chunk_0,doc_05362_1b958a28
5610,5610,doc_05363_c29941f3_chunk_0,doc_05363_c29941f3
5611,5611,doc_05364_0e0a535e_chunk_0,doc_05364_0e0a535e
5612,5612,doc_05365_532fb4d0_chunk_0,doc_05365_532fb4d0
5613,5613,doc_05366_9a3d95d4_chunk_0,doc_05366_9a3d95d4
5614,5614,doc_05367_9802bffa_chunk_0,doc_05367_9802bffa
5615,5615,doc_05368_a7a2fce8_chunk_0,doc_05368_a7a2fce8
5616,5616,doc_05368_a7a2fce8_chunk_1,doc_05368_a7a2fce8
5617,5617,doc_05369_4b7f5c10_chunk_0,doc_05369_4b7f5c10
5618,5618,doc_05370_4bcadef0_chunk_0,doc_05370_4bcadef0
5619,5619,doc_05371_366e24e4_chunk_0,doc_05371_366e24e4
5620,5620,doc_05372_577960b4_chunk_0,doc_05372_577960b4
5621,5621,doc_05373_30021818_chunk_0,doc_05373_30021818
5622,5622,doc_05374_b0d8b4e9_chunk_0,doc_05374_b0d8b4e9
5623,5623,doc_05375_74821e93_chunk_0,doc_05375_74821e93
5624,5624,doc_05376_9cdd0e0d_chunk_0,doc_05376_9cdd0e0d
5625,5625,doc_05377_4ce27705_chunk_0,doc_05377_4ce27705
5626,5626,doc_05378_1f3d72ae_chunk_0,doc_05378_1f3d72ae
5627,5627,doc_05379_009671dd_chunk_0,doc_05379_009671dd
5628,5628,doc_05380_0fe4b0da_chunk_0,doc_05380_0fe4b0da
5629,5629,doc_05381_e2a9b6af_chunk_0,doc_05381_e2a9b6af
5630,5630,doc_05382_328d5fae_chunk_0,doc_05382_328d5fae
5631,5631,doc_05382_328d5fae_chunk_1,doc_05382_328d5fae
5632,5632,doc_05383_5113d36c_chunk_0,doc_05383_5113d36c
5633,5633,doc_05384_1f211d04_chunk_0,doc_05384_1f211d04
5634,5634,doc_05385_fb605b5c_chunk_0,doc_05385_fb605b5c
5635,5635,doc_05386_ea7cabdf_chunk_0,doc_05386_ea7cabdf
5636,5636,doc_05387_1d3390ee_chunk_0,doc_05387_1d3390ee
5637,5637,doc_05388_7266db17_chunk_0,doc_05388_7266db17
5638,5638,doc_05389_e79c66c7_chunk_0,doc_05389_e79c66c7
5639,5639,doc_05390_eb021e1c_chunk_0,doc_05390_eb021e1c
5640,5640,doc_05391_4de751f3_chunk_0,doc_05391_4de751f3
5641,5641,doc_05392_4fa2aa3d_chunk_0,doc_05392_4fa2aa3d
5642,5642,doc_05393_97e1e040_chunk_0,doc_05393_97e1e040
5643,5643,doc_05394_a792f2c5_chunk_0,doc_05394_a792f2c5
5644,5644,doc_05395_7968698c_chunk_0,doc_05395_7968698c
5645,5645,doc_05396_bcb179eb_chunk_0,doc_05396_bcb179eb
5646,5646,doc_05397_1038ae13_chunk_0,doc_05397_1038ae13
5647,5647,doc_05398_d4eb941e_chunk_0,doc_05398_d4eb941e
5648,5648,doc_05399_e67a63bb_chunk_0,doc_05399_e67a63bb
5649,5649,doc_05400_b69b0f3b_chunk_0,doc_05400_b69b0f3b
5650,5650,doc_05401_38524e51_chunk_0,doc_05401_38524e51
5651,5651,doc_05402_2d6e52ae_chunk_0,doc_05402_2d6e52ae
5652,5652,doc_05403_1ab30f7b_chunk_0,doc_05403_1ab30f7b
5653,5653,doc_05404_2da043e9_chunk_0,doc_05404_2da043e9
5654,5654,doc_05405_2b705b3b_chunk_0,doc_05405_2b705b3b
5655,5655,doc_05406_0b50d11a_chunk_0,doc_05406_0b50d11a
5656,5656,doc_05407_784297a8_chunk_0,doc_05407_784297a8
5657,5657,doc_05408_1ea7a31b_chunk_0,doc_05408_1ea7a31b
5658,5658,doc_05409_44b163e3_chunk_0,doc_05409_44b163e3
5659,5659,doc_05410_adc82f1a_chunk_0,doc_05410_adc82f1a
5660,5660,doc_05411_d09ff888_chunk_0,doc_05411_d09ff888
5661,5661,doc_05412_3a650d79_chunk_0,doc_05412_3a650d79
5662,5662,doc_05413_0fd2bd74_chunk_0,doc_05413_0fd2bd74
5663,5663,doc_05414_3340956e_chunk_0,doc_05414_3340956e
5664,5664,doc_05415_62d69fd1_chunk_0,doc_05415_62d69fd1
5665,5665,doc_05416_948719e4_chunk_0,doc_05416_948719e4
5666,5666,doc_05417_3e5c974b_chunk_0,doc_05417_3e5c974b
5667,5667,doc_05418_27f1bfe4_chunk_0,doc_05418_27f1bfe4
5668,5668,doc_05419_effc0b56_chunk_0,doc_05419_effc0b56
5669,5669,doc_05420_db9ddbe5_chunk_0,doc_05420_db9ddbe5
5670,5670,doc_05421_899fe016_chunk_0,doc_05421_899fe016
5671,5671,doc_05421_899fe016_chunk_1,doc_05421_899fe016
5672,5672,doc_05422_191ac1b5_chunk_0,doc_05422_191ac1b5
5673,5673,doc_05423_45252cca_chunk_0,doc_05423_45252cca
5674,5674,doc_05424_772c530b_chunk_0,doc_05424_772c530b
5675,5675,doc_05425_defdf76b_chunk_0,doc_05425_defdf76b
5676,5676,doc_05426_862b50c3_chunk_0,doc_05426_862b50c3
5677,5677,doc_05427_2989d6d2_chunk_0,doc_05427_2989d6d2
5678,5678,doc_05427_2989d6d2_chunk_1,doc_05427_2989d6d2
5679,5679,doc_05428_d1d1990b_chunk_0,doc_05428_d1d1990b
5680,5680,doc_05429_640e8e47_chunk_0,doc_05429_640e8e47
5681,5681,doc_05430_2e0d1b89_chunk_0,doc_05430_2e0d1b89
5682,5682,doc_05431_ad62cccc_chunk_0,doc_05431_ad62cccc
5683,5683,doc_05432_6f782fc1_chunk_0,doc_05432_6f782fc1
5684,5684,doc_05433_ddcc5757_chunk_0,doc_05433_ddcc5757
5685,5685,doc_05434_414c508f_chunk_0,doc_05434_414c508f
5686,5686,doc_05435_f9c8e971_chunk_0,doc_05435_f9c8e971
5687,5687,doc_05436_1214781e_chunk_0,doc_05436_1214781e
5688,5688,doc_05437_8cf5305b_chunk_0,doc_05437_8cf5305b
5689,5689,doc_05438_27c4bd7e_chunk_0,doc_05438_27c4bd7e
5690,5690,doc_05439_c6274b96_chunk_0,doc_05439_c6274b96
5691,5691,doc_05440_2dcc9a57_chunk_0,doc_05440_2dcc9a57
5692,5692,doc_05441_2ac4d101_chunk_0,doc_05441_2ac4d101
5693,5693,doc_05442_ae7a6580_chunk_0,doc_05442_ae7a6580
5694,5694,doc_05442_ae7a6580_chunk_1,doc_05442_ae7a6580
5695,5695,doc_05443_87c9a944_chunk_0,doc_05443_87c9a944
5696,5696,doc_05444_734cdd7b_chunk_0,doc_05444_734cdd7b
5697,5697,doc_05445_4540c7bd_chunk_0,doc_05445_4540c7bd
5698,5698,doc_05446_7300def4_chunk_0,doc_05446_7300def4
5699,5699,doc_05447_d259ce13_chunk_0,doc_05447_d259ce13
5700,5700,doc_05448_606a8622_chunk_0,doc_05448_606a8622
5701,5701,doc_05449_a8ef9593_chunk_0,doc_05449_a8ef9593
5702,5702,doc_05450_48897365_chunk_0,doc_05450_48897365
5703,5703,doc_05451_687017fb_chunk_0,doc_05451_687017fb
5704,5704,doc_05452_e3723492_chunk_0,doc_05452_e3723492
5705,5705,doc_05453_e2e09004_chunk_0,doc_05453_e2e09004
5706,5706,doc_05454_7975281f_chunk_0,doc_05454_7975281f
5707,5707,doc_05455_ae062c21_chunk_0,doc_05455_ae062c21
5708,5708,doc_05456_f51232d7_chunk_0,doc_05456_f51232d7
5709,5709,doc_05457_d2881e70_chunk_0,doc_05457_d2881e70
5710,5710,doc_05458_2cf8dcf2_chunk_0,doc_05458_2cf8dcf2
5711,5711,doc_05459_baaeb945_chunk_0,doc_05459_baaeb945
5712,5712,doc_05460_35b44144_chunk_0,doc_05460_35b44144
5713,5713,doc_05461_fb47155c_chunk_0,doc_05461_fb47155c
5714,5714,doc_05462_a8357135_chunk_0,doc_05462_a8357135
5715,5715,doc_05463_fceaf526_chunk_0,doc_05463_fceaf526
5716,5716,doc_05464_f7daaf1e_chunk_0,doc_05464_f7daaf1e
5717,5717,doc_05465_b30a7ae3_chunk_0,doc_05465_b30a7ae3
5718,5718,doc_05466_70b547ca_chunk_0,doc_05466_70b547ca
5719,5719,doc_05467_b701545b_chunk_0,doc_05467_b701545b
5720,5720,doc_05468_3bfbcdc3_chunk_0,doc_05468_3bfbcdc3
5721,5721,doc_05469_2ed7994e_chunk_0,doc_05469_2ed7994e
5722,5722,doc_05470_e969b307_chunk_0,doc_05470_e969b307
5723,5723,doc_05471_bffacac8_chunk_0,doc_05471_bffacac8
5724,5724,doc_05472_9998c41b_chunk_0,doc_05472_9998c41b
5725,5725,doc_05473_9a37428d_chunk_0,doc_05473_9a37428d
5726,5726,doc_05474_eaa66d1b_chunk_0,doc_05474_eaa66d1b
5727,5727,doc_05475_efe72f27_chunk_0,doc_05475_efe72f27
5728,5728,doc_05476_8252d4c3_chunk_0,doc_05476_8252d4c3
5729,5729,doc_05477_18d97cbe_chunk_0,doc_05477_18d97cbe
5730,5730,doc_05478_0e7a6734_chunk_0,doc_05478_0e7a6734
5731,5731,doc_05479_01cdf91d_chunk_0,doc_05479_01cdf91d
5732,5732,doc_05480_a988bf3d_chunk_0,doc_05480_a988bf3d
5733,5733,doc_05481_7c0a1894_chunk_0,doc_05481_7c0a1894
5734,5734,doc_05482_80fd76fd_chunk_0,doc_05482_80fd76fd
5735,5735,doc_05483_869a5feb_chunk_0,doc_05483_869a5feb
5736,5736,doc_05484_8d970ce0_chunk_0,doc_05484_8d970ce0
5737,5737,doc_05485_9479bd58_chunk_0,doc_05485_9479bd58
5738,5738,doc_05486_21943f80_chunk_0,doc_05486_21943f80
5739,5739,doc_05487_13e07b76_chunk_0,doc_05487_13e07b76
5740,5740,doc_05488_48ed586f_chunk_0,doc_05488_48ed586f
5741,5741,doc_05489_fa1d75e4_chunk_0,doc_05489_fa1d75e4
5742,5742,doc_05490_7be0fb93_chunk_0,doc_05490_7be0fb93
5743,5743,doc_05491_8f0947df_chunk_0,doc_05491_8f0947df
5744,5744,doc_05492_b828f5b0_chunk_0,doc_05492_b828f5b0
5745,5745,doc_05493_2a414c4d_chunk_0,doc_05493_2a414c4d
5746,5746,doc_05494_cf781780_chunk_0,doc_05494_cf781780
5747,5747,doc_05495_59e1a67a_chunk_0,doc_05495_59e1a67a
5748,5748,doc_05496_7e0dd8f7_chunk_0,doc_05496_7e0dd8f7
5749,5749,doc_05497_0835ab2b_chunk_0,doc_05497_0835ab2b
5750,5750,doc_05498_aaf943f7_chunk_0,doc_05498_aaf943f7
5751,5751,doc_05499_61606bf9_chunk_0,doc_05499_61606bf9
5752,5752,doc_05500_6ef36c5b_chunk_0,doc_05500_6ef36c5b
5753,5753,doc_05501_b53f161d_chunk_0,doc_05501_b53f161d
5754,5754,doc_05502_d385e716_chunk_0,doc_05502_d385e716
5755,5755,doc_05503_5723df67_chunk_0,doc_05503_5723df67
5756,5756,doc_05504_55725f0e_chunk_0,doc_05504_55725f0e
5757,5757,doc_05505_84913f33_chunk_0,doc_05505_84913f33
5758,5758,doc_05506_dc166faa_chunk_0,doc_05506_dc166faa
5759,5759,doc_05507_245d9fd2_chunk_0,doc_05507_245d9fd2
5760,5760,doc_05508_dfce0810_chunk_0,doc_05508_dfce0810
5761,5761,doc_05509_1e3f368c_chunk_0,doc_05509_1e3f368c
5762,5762,doc_05510_a5242150_chunk_0,doc_05510_a5242150
5763,5763,doc_05511_a1f04739_chunk_0,doc_05511_a1f04739
5764,5764,doc_05512_856105d9_chunk_0,doc_05512_856105d9
5765,5765,doc_05513_e1fbde2e_chunk_0,doc_05513_e1fbde2e
5766,5766,doc_05514_0af13ce7_chunk_0,doc_05514_0af13ce7
5767,5767,doc_05515_a369eddc_chunk_0,doc_05515_a369eddc
5768,5768,doc_05516_6ddadfe0_chunk_0,doc_05516_6ddadfe0
5769,5769,doc_05517_f4bcc0d6_chunk_0,doc_05517_f4bcc0d6
5770,5770,doc_05518_d8b0f865_chunk_0,doc_05518_d8b0f865
5771,5771,doc_05519_1ae89da2_chunk_0,doc_05519_1ae89da2
5772,5772,doc_05520_68b5c098_chunk_0,doc_05520_68b5c098
5773,5773,doc_05521_b3ca6d6e_chunk_0,doc_05521_b3ca6d6e
5774,5774,doc_05522_968237d5_chunk_0,doc_05522_968237d5
5775,5775,doc_05523_8f515ab6_chunk_0,doc_05523_8f515ab6
5776,5776,doc_05524_9d29365c_chunk_0,doc_05524_9d29365c
5777,5777,doc_05525_7bd5f107_chunk_0,doc_05525_7bd5f107
5778,5778,doc_05526_bab68351_chunk_0,doc_05526_bab68351
5779,5779,doc_05527_01488cea_chunk_0,doc_05527_01488cea
5780,5780,doc_05528_7a1944f0_chunk_0,doc_05528_7a1944f0
5781,5781,doc_05529_478664b8_chunk_0,doc_05529_478664b8
5782,5782,doc_05530_7650e84c_chunk_0,doc_05530_7650e84c
5783,5783,doc_05531_36835247_chunk_0,doc_05531_36835247
5784,5784,doc_05532_11804059_chunk_0,doc_05532_11804059
5785,5785,doc_05533_a823ee66_chunk_0,doc_05533_a823ee66
5786,5786,doc_05534_7512a029_chunk_0,doc_05534_7512a029
5787,5787,doc_05535_608f2d63_chunk_0,doc_05535_608f2d63
5788,5788,doc_05536_412cfeef_chunk_0,doc_05536_412cfeef
5789,5789,doc_05537_86875f23_chunk_0,doc_05537_86875f23
5790,5790,doc_05538_174b5a53_chunk_0,doc_05538_174b5a53
5791,5791,doc_05539_2a2e1897_chunk_0,doc_05539_2a2e1897
5792,5792,doc_05540_95dd2638_chunk_0,doc_05540_95dd2638
5793,5793,doc_05541_b50a8513_chunk_0,doc_05541_b50a8513
5794,5794,doc_05542_1371098b_chunk_0,doc_05542_1371098b
5795,5795,doc_05543_2f363f4f_chunk_0,doc_05543_2f363f4f
5796,5796,doc_05544_e192937f_chunk_0,doc_05544_e192937f
5797,5797,doc_05545_233af7b5_chunk_0,doc_05545_233af7b5
5798,5798,doc_05546_e10724e3_chunk_0,doc_05546_e10724e3
5799,5799,doc_05547_f526e09b_chunk_0,doc_05547_f526e09b
5800,5800,doc_05548_fe01fb27_chunk_0,doc_05548_fe01fb27
5801,5801,doc_05549_ac3bf044_chunk_0,doc_05549_ac3bf044
5802,5802,doc_05550_44aa4a53_chunk_0,doc_05550_44aa4a53
5803,5803,doc_05551_36c2cc0f_chunk_0,doc_05551_36c2cc0f
5804,5804,doc_05552_ac5d2825_chunk_0,doc_05552_ac5d2825
5805,5805,doc_05553_5350aabd_chunk_0,doc_05553_5350aabd
5806,5806,doc_05554_7f6fcad7_chunk_0,doc_05554_7f6fcad7
5807,5807,doc_05555_ff3b7705_chunk_0,doc_05555_ff3b7705
5808,5808,doc_05556_b27546e6_chunk_0,doc_05556_b27546e6
5809,5809,doc_05557_c544be61_chunk_0,doc_05557_c544be61
5810,5810,doc_05558_258edc69_chunk_0,doc_05558_258edc69
5811,5811,doc_05559_a6f66f1d_chunk_0,doc_05559_a6f66f1d
5812,5812,doc_05560_6c26042a_chunk_0,doc_05560_6c26042a
5813,5813,doc_05561_13e4f2a6_chunk_0,doc_05561_13e4f2a6
5814,5814,doc_05562_0c8a9fdc_chunk_0,doc_05562_0c8a9fdc
5815,5815,doc_05563_34bac238_chunk_0,doc_05563_34bac238
5816,5816,doc_05564_588e6e6e_chunk_0,doc_05564_588e6e6e
5817,5817,doc_05565_aee96e0d_chunk_0,doc_05565_aee96e0d
5818,5818,doc_05566_5687101f_chunk_0,doc_05566_5687101f
5819,5819,doc_05567_b97a4d48_chunk_0,doc_05567_b97a4d48
5820,5820,doc_05568_68670231_chunk_0,doc_05568_68670231
5821,5821,doc_05569_16a1c946_chunk_0,doc_05569_16a1c946
5822,5822,doc_05570_7f0d0001_chunk_0,doc_05570_7f0d0001
5823,5823,doc_05571_fd65565e_chunk_0,doc_05571_fd65565e
5824,5824,doc_05572_3c962775_chunk_0,doc_05572_3c962775
5825,5825,doc_05573_280efe25_chunk_0,doc_05573_280efe25
5826,5826,doc_05574_47e7af78_chunk_0,doc_05574_47e7af78
5827,5827,doc_05575_2fea8cd1_chunk_0,doc_05575_2fea8cd1
5828,5828,doc_05576_faef9930_chunk_0,doc_05576_faef9930
5829,5829,doc_05577_01fcb9a6_chunk_0,doc_05577_01fcb9a6
5830,5830,doc_05578_70f6b334_chunk_0,doc_05578_70f6b334
5831,5831,doc_05579_2678bb12_chunk_0,doc_05579_2678bb12
5832,5832,doc_05580_bc0668f9_chunk_0,doc_05580_bc0668f9
5833,5833,doc_05581_9e9acdbf_chunk_0,doc_05581_9e9acdbf
5834,5834,doc_05582_1b4a7ec5_chunk_0,doc_05582_1b4a7ec5
5835,5835,doc_05583_2d926f0a_chunk_0,doc_05583_2d926f0a
5836,5836,doc_05584_b2c62b17_chunk_0,doc_05584_b2c62b17
5837,5837,doc_05585_2713a421_chunk_0,doc_05585_2713a421
5838,5838,doc_05585_2713a421_chunk_1,doc_05585_2713a421
5839,5839,doc_05586_e9534172_chunk_0,doc_05586_e9534172
5840,5840,doc_05586_e9534172_chunk_1,doc_05586_e9534172
5841,5841,doc_05587_2297549d_chunk_0,doc_05587_2297549d
5842,5842,doc_05588_48900b7f_chunk_0,doc_05588_48900b7f
5843,5843,doc_05589_986a5dd0_chunk_0,doc_05589_986a5dd0
5844,5844,doc_05590_73762e68_chunk_0,doc_05590_73762e68
5845,5845,doc_05591_b0cc035f_chunk_0,doc_05591_b0cc035f
5846,5846,doc_05591_b0cc035f_chunk_1,doc_05591_b0cc035f
5847,5847,doc_05592_1464ebe4_chunk_0,doc_05592_1464ebe4
5848,5848,doc_05593_9259b2b2_chunk_0,doc_05593_9259b2b2
5849,5849,doc_05594_cb65142e_chunk_0,doc_05594_cb65142e
5850,5850,doc_05595_9835a8fd_chunk_0,doc_05595_9835a8fd
5851,5851,doc_05596_6803b883_chunk_0,doc_05596_6803b883
5852,5852,doc_05597_a27e09f7_chunk_0,doc_05597_a27e09f7
5853,5853,doc_05598_2c99951a_chunk_0,doc_05598_2c99951a
5854,5854,doc_05599_6a0e29d2_chunk_0,doc_05599_6a0e29d2
5855,5855,doc_05600_f1d98299_chunk_0,doc_05600_f1d98299
5856,5856,doc_05601_629c9856_chunk_0,doc_05601_629c9856
5857,5857,doc_05602_8bdf15a4_chunk_0,doc_05602_8bdf15a4
5858,5858,doc_05603_092bf603_chunk_0,doc_05603_092bf603
5859,5859,doc_05604_e4541dce_chunk_0,doc_05604_e4541dce
5860,5860,doc_05605_f34a1050_chunk_0,doc_05605_f34a1050
5861,5861,doc_05606_36d6b96a_chunk_0,doc_05606_36d6b96a
5862,5862,doc_05607_45d95bd1_chunk_0,doc_05607_45d95bd1
5863,5863,doc_05608_fde51f13_chunk_0,doc_05608_fde51f13
5864,5864,doc_05609_d9dfbf05_chunk_0,doc_05609_d9dfbf05
5865,5865,doc_05610_044637f2_chunk_0,doc_05610_044637f2
5866,5866,doc_05611_8eb7f98d_chunk_0,doc_05611_8eb7f98d
5867,5867,doc_05612_003770a8_chunk_0,doc_05612_003770a8
5868,5868,doc_05613_19536332_chunk_0,doc_05613_19536332
5869,5869,doc_05614_b55aedb3_chunk_0,doc_05614_b55aedb3
5870,5870,doc_05615_afb6a15d_chunk_0,doc_05615_afb6a15d
5871,5871,doc_05616_9d053a19_chunk_0,doc_05616_9d053a19
5872,5872,doc_05617_9375ed26_chunk_0,doc_05617_9375ed26
5873,5873,doc_05618_72885159_chunk_0,doc_05618_72885159
5874,5874,doc_05619_c0ee560d_chunk_0,doc_05619_c0ee560d
5875,5875,doc_05620_623a2535_chunk_0,doc_05620_623a2535
5876,5876,doc_05621_6fe20f61_chunk_0,doc_05621_6fe20f61
5877,5877,doc_05622_a3c06604_chunk_0,doc_05622_a3c06604
5878,5878,doc_05623_8d161bd0_chunk_0,doc_05623_8d161bd0
5879,5879,doc_05624_1cdeccc8_chunk_0,doc_05624_1cdeccc8
5880,5880,doc_05625_f029d234_chunk_0,doc_05625_f029d234
5881,5881,doc_05626_4f2daa8f_chunk_0,doc_05626_4f2daa8f
5882,5882,doc_05627_d4bc9eea_chunk_0,doc_05627_d4bc9eea
5883,5883,doc_05628_b27ff9bd_chunk_0,doc_05628_b27ff9bd
5884,5884,doc_05629_62d64660_chunk_0,doc_05629_62d64660
5885,5885,doc_05630_a37cbf3c_chunk_0,doc_05630_a37cbf3c
5886,5886,doc_05631_8afd344b_chunk_0,doc_05631_8afd344b
5887,5887,doc_05632_fcb4edd3_chunk_0,doc_05632_fcb4edd3
5888,5888,doc_05633_6ceb4d3b_chunk_0,doc_05633_6ceb4d3b
5889,5889,doc_05634_1efce4de_chunk_0,doc_05634_1efce4de
5890,5890,doc_05635_13e9c7c2_chunk_0,doc_05635_13e9c7c2
5891,5891,doc_05636_f7294f3f_chunk_0,doc_05636_f7294f3f
5892,5892,doc_05637_383d3db6_chunk_0,doc_05637_383d3db6
5893,5893,doc_05638_0bec8c49_chunk_0,doc_05638_0bec8c49
5894,5894,doc_05639_e8f6f9fa_chunk_0,doc_05639_e8f6f9fa
5895,5895,doc_05640_6ac0a7de_chunk_0,doc_05640_6ac0a7de
5896,5896,doc_05641_69220e98_chunk_0,doc_05641_69220e98
5897,5897,doc_05642_2b3eaddc_chunk_0,doc_05642_2b3eaddc
5898,5898,doc_05643_70875313_chunk_0,doc_05643_70875313
5899,5899,doc_05644_09a44d3b_chunk_0,doc_05644_09a44d3b
5900,5900,doc_05645_dcf6a7c8_chunk_0,doc_05645_dcf6a7c8
5901,5901,doc_05646_2fd27887_chunk_0,doc_05646_2fd27887
5902,5902,doc_05647_b5527e5d_chunk_0,doc_05647_b5527e5d
5903,5903,doc_05648_a3a080aa_chunk_0,doc_05648_a3a080aa
5904,5904,doc_05649_41aba232_chunk_0,doc_05649_41aba232
5905,5905,doc_05650_91ddd2bd_chunk_0,doc_05650_91ddd2bd
5906,5906,doc_05651_77210def_chunk_0,doc_05651_77210def
5907,5907,doc_05652_5cb9ffba_chunk_0,doc_05652_5cb9ffba
5908,5908,doc_05653_e44bb1ca_chunk_0,doc_05653_e44bb1ca
5909,5909,doc_05654_2d346aaa_chunk_0,doc_05654_2d346aaa
5910,5910,doc_05655_24e3e326_chunk_0,doc_05655_24e3e326
5911,5911,doc_05656_9e0a175f_chunk_0,doc_05656_9e0a175f
5912,5912,doc_05657_2d78afec_chunk_0,doc_05657_2d78afec
5913,5913,doc_05658_34f1558c_chunk_0,doc_05658_34f1558c
5914,5914,doc_05659_c297648f_chunk_0,doc_05659_c297648f
5915,5915,doc_05660_057ede70_chunk_0,doc_05660_057ede70
5916,5916,doc_05661_8d5bf3fa_chunk_0,doc_05661_8d5bf3fa
5917,5917,doc_05662_ee44a1f4_chunk_0,doc_05662_ee44a1f4
5918,5918,doc_05663_b02874ac_chunk_0,doc_05663_b02874ac
5919,5919,doc_05664_756c6155_chunk_0,doc_05664_756c6155
5920,5920,doc_05665_574e2be4_chunk_0,doc_05665_574e2be4
5921,5921,doc_05666_19827b60_chunk_0,doc_05666_19827b60
5922,5922,doc_05667_bc66ea95_chunk_0,doc_05667_bc66ea95
5923,5923,doc_05668_73e5d993_chunk_0,doc_05668_73e5d993
5924,5924,doc_05669_8511a22a_chunk_0,doc_05669_8511a22a
5925,5925,doc_05670_748ad166_chunk_0,doc_05670_748ad166
5926,5926,doc_05671_bf5868d4_chunk_0,doc_05671_bf5868d4
5927,5927,doc_05672_ff1f3f9f_chunk_0,doc_05672_ff1f3f9f
5928,5928,doc_05673_5fe0837f_chunk_0,doc_05673_5fe0837f
5929,5929,doc_05674_6964dd5c_chunk_0,doc_05674_6964dd5c
5930,5930,doc_05675_5fc7f276_chunk_0,doc_05675_5fc7f276
5931,5931,doc_05676_50b79644_chunk_0,doc_05676_50b79644
5932,5932,doc_05677_6f38c616_chunk_0,doc_05677_6f38c616
5933,5933,doc_05678_0b41bcbe_chunk_0,doc_05678_0b41bcbe
5934,5934,doc_05679_ffe3a4ee_chunk_0,doc_05679_ffe3a4ee
5935,5935,doc_05680_2a136ae0_chunk_0,doc_05680_2a136ae0
5936,5936,doc_05681_ff8f071c_chunk_0,doc_05681_ff8f071c
5937,5937,doc_05682_45128880_chunk_0,doc_05682_45128880
5938,5938,doc_05683_0dcdaa9c_chunk_0,doc_05683_0dcdaa9c
5939,5939,doc_05684_c66cd506_chunk_0,doc_05684_c66cd506
5940,5940,doc_05685_202cc4dc_chunk_0,doc_05685_202cc4dc
5941,5941,doc_05686_34502770_chunk_0,doc_05686_34502770
5942,5942,doc_05687_a8a6dadc_chunk_0,doc_05687_a8a6dadc
5943,5943,doc_05688_3da9f6a1_chunk_0,doc_05688_3da9f6a1
5944,5944,doc_05689_0554f130_chunk_0,doc_05689_0554f130
5945,5945,doc_05690_5c4004a7_chunk_0,doc_05690_5c4004a7
5946,5946,doc_05691_c9e4d4f4_chunk_0,doc_05691_c9e4d4f4
5947,5947,doc_05692_b239dfdc_chunk_0,doc_05692_b239dfdc
5948,5948,doc_05693_523cdd05_chunk_0,doc_05693_523cdd05
5949,5949,doc_05694_286c5d87_chunk_0,doc_05694_286c5d87
5950,5950,doc_05695_c0d72561_chunk_0,doc_05695_c0d72561
5951,5951,doc_05696_5942328f_chunk_0,doc_05696_5942328f
5952,5952,doc_05697_578b97d0_chunk_0,doc_05697_578b97d0
5953,5953,doc_05698_e6283b6b_chunk_0,doc_05698_e6283b6b
5954,5954,doc_05699_a5f64238_chunk_0,doc_05699_a5f64238
5955,5955,doc_05700_a74cb00c_chunk_0,doc_05700_a74cb00c
5956,5956,doc_05701_01dde2f9_chunk_0,doc_05701_01dde2f9
5957,5957,doc_05702_3fe22d93_chunk_0,doc_05702_3fe22d93
5958,5958,doc_05703_3b591623_chunk_0,doc_05703_3b591623
5959,5959,doc_05704_d3498da8_chunk_0,doc_05704_d3498da8
5960,5960,doc_05705_c788b645_chunk_0,doc_05705_c788b645
5961,5961,doc_05706_eb4ca0ac_chunk_0,doc_05706_eb4ca0ac
5962,5962,doc_05707_cd426a91_chunk_0,doc_05707_cd426a91
5963,5963,doc_05708_345df0cc_chunk_0,doc_05708_345df0cc
5964,5964,doc_05709_11205077_chunk_0,doc_05709_11205077
5965,5965,doc_05710_0c54fd02_chunk_0,doc_05710_0c54fd02
5966,5966,doc_05711_df884fca_chunk_0,doc_05711_df884fca
5967,5967,doc_05712_35cff025_chunk_0,doc_05712_35cff025
5968,5968,doc_05713_f57f5325_chunk_0,doc_05713_f57f5325
5969,5969,doc_05714_7b0addf0_chunk_0,doc_05714_7b0addf0
5970,5970,doc_05715_36bfab05_chunk_0,doc_05715_36bfab05
5971,5971,doc_05716_601dd634_chunk_0,doc_05716_601dd634
5972,5972,doc_05717_a1af5cc4_chunk_0,doc_05717_a1af5cc4
5973,5973,doc_05718_dc70c40c_chunk_0,doc_05718_dc70c40c
5974,5974,doc_05719_0678da3c_chunk_0,doc_05719_0678da3c
5975,5975,doc_05720_855cfba3_chunk_0,doc_05720_855cfba3
5976,5976,doc_05721_a54e9f6f_chunk_0,doc_05721_a54e9f6f
5977,5977,doc_05722_9d1722bd_chunk_0,doc_05722_9d1722bd
5978,5978,doc_05723_8e295a6d_chunk_0,doc_05723_8e295a6d
5979,5979,doc_05724_804fa94c_chunk_0,doc_05724_804fa94c
5980,5980,doc_05725_86fc05c8_chunk_0,doc_05725_86fc05c8
5981,5981,doc_05726_4de93b9b_chunk_0,doc_05726_4de93b9b
5982,5982,doc_05727_e4d4133c_chunk_0,doc_05727_e4d4133c
5983,5983,doc_05728_c4ec3a67_chunk_0,doc_05728_c4ec3a67
5984,5984,doc_05729_548bce8b_chunk_0,doc_05729_548bce8b
5985,5985,doc_05730_04158ef0_chunk_0,doc_05730_04158ef0
5986,5986,doc_05731_e28228fc_chunk_0,doc_05731_e28228fc
5987,5987,doc_05732_f72f3043_chunk_0,doc_05732_f72f3043
5988,5988,doc_05733_4687059b_chunk_0,doc_05733_4687059b
5989,5989,doc_05734_5020706e_chunk_0,doc_05734_5020706e
5990,5990,doc_05735_e2ddc683_chunk_0,doc_05735_e2ddc683
5991,5991,doc_05736_057c5562_chunk_0,doc_05736_057c5562
5992,5992,doc_05737_15d49665_chunk_0,doc_05737_15d49665
5993,5993,doc_05738_53c6168e_chunk_0,doc_05738_53c6168e
5994,5994,doc_05739_0fdfda02_chunk_0,doc_05739_0fdfda02
5995,5995,doc_05740_75d49063_chunk_0,doc_05740_75d49063
5996,5996,doc_05741_bbcfe07c_chunk_0,doc_05741_bbcfe07c
5997,5997,doc_05742_09fe9673_chunk_0,doc_05742_09fe9673
5998,5998,doc_05743_1cda0619_chunk_0,doc_05743_1cda0619
5999,5999,doc_05744_fb118f12_chunk_0,doc_05744_fb118f12
6000,6000,doc_05745_fe4030ef_chunk_0,doc_05745_fe4030ef
6001,6001,doc_05746_0a9a0254_chunk_0,doc_05746_0a9a0254
6002,6002,doc_05747_d1392e2b_chunk_0,doc_05747_d1392e2b
6003,6003,doc_05748_cd7b51e8_chunk_0,doc_05748_cd7b51e8
6004,6004,doc_05749_91dee539_chunk_0,doc_05749_91dee539
6005,6005,doc_05750_13a89db6_chunk_0,doc_05750_13a89db6
6006,6006,doc_05751_641f7354_chunk_0,doc_05751_641f7354
6007,6007,doc_05752_84a5c50c_chunk_0,doc_05752_84a5c50c
6008,6008,doc_05753_50b09fba_chunk_0,doc_05753_50b09fba
6009,6009,doc_05754_7a0f0bef_chunk_0,doc_05754_7a0f0bef
6010,6010,doc_05755_611d961d_chunk_0,doc_05755_611d961d
6011,6011,doc_05756_e83b2b88_chunk_0,doc_05756_e83b2b88
6012,6012,doc_05757_179d4724_chunk_0,doc_05757_179d4724
6013,6013,doc_05758_34aee2ce_chunk_0,doc_05758_34aee2ce
6014,6014,doc_05759_6c55ca9e_chunk_0,doc_05759_6c55ca9e
6015,6015,doc_05760_dc4eba66_chunk_0,doc_05760_dc4eba66
6016,6016,doc_05761_344e31e4_chunk_0,doc_05761_344e31e4
6017,6017,doc_05762_44edc97f_chunk_0,doc_05762_44edc97f
6018,6018,doc_05763_6cf0da42_chunk_0,doc_05763_6cf0da42
6019,6019,doc_05764_916ad019_chunk_0,doc_05764_916ad019
6020,6020,doc_05765_c7ee3ff7_chunk_0,doc_05765_c7ee3ff7
6021,6021,doc_05766_6ca75dea_chunk_0,doc_05766_6ca75dea
6022,6022,doc_05767_d149d63a_chunk_0,doc_05767_d149d63a
6023,6023,doc_05768_7139e0a6_chunk_0,doc_05768_7139e0a6
6024,6024,doc_05769_04bde17b_chunk_0,doc_05769_04bde17b
6025,6025,doc_05770_dcf0d966_chunk_0,doc_05770_dcf0d966
6026,6026,doc_05771_a5ebe739_chunk_0,doc_05771_a5ebe739
6027,6027,doc_05772_4a346953_chunk_0,doc_05772_4a346953
6028,6028,doc_05773_8e06b359_chunk_0,doc_05773_8e06b359
6029,6029,doc_05774_8e3e274c_chunk_0,doc_05774_8e3e274c
6030,6030,doc_05775_fd7bff8e_chunk_0,doc_05775_fd7bff8e
6031,6031,doc_05776_ab044cab_chunk_0,doc_05776_ab044cab
6032,6032,doc_05777_4a06c08c_chunk_0,doc_05777_4a06c08c
6033,6033,doc_05778_7df376cd_chunk_0,doc_05778_7df376cd
6034,6034,doc_05779_956cf503_chunk_0,doc_05779_956cf503
6035,6035,doc_05780_b44087dd_chunk_0,doc_05780_b44087dd
6036,6036,doc_05781_9a066914_chunk_0,doc_05781_9a066914
6037,6037,doc_05782_283855b2_chunk_0,doc_05782_283855b2
6038,6038,doc_05783_3cbdb766_chunk_0,doc_05783_3cbdb766
6039,6039,doc_05784_909e5194_chunk_0,doc_05784_909e5194
6040,6040,doc_05785_138a239d_chunk_0,doc_05785_138a239d
6041,6041,doc_05786_b3966cf9_chunk_0,doc_05786_b3966cf9
6042,6042,doc_05787_cc853e31_chunk_0,doc_05787_cc853e31
6043,6043,doc_05788_8e259a73_chunk_0,doc_05788_8e259a73
6044,6044,doc_05789_28834b8a_chunk_0,doc_05789_28834b8a
6045,6045,doc_05790_a338a5e3_chunk_0,doc_05790_a338a5e3
6046,6046,doc_05791_ec6f421b_chunk_0,doc_05791_ec6f421b
6047,6047,doc_05792_8ae7eae1_chunk_0,doc_05792_8ae7eae1
6048,6048,doc_05793_039e5c2f_chunk_0,doc_05793_039e5c2f
6049,6049,doc_05794_8c1c9fb0_chunk_0,doc_05794_8c1c9fb0
6050,6050,doc_05795_2e901213_chunk_0,doc_05795_2e901213
6051,6051,doc_05796_51b51d81_chunk_0,doc_05796_51b51d81
6052,6052,doc_05797_b11df1b1_chunk_0,doc_05797_b11df1b1
6053,6053,doc_05798_1f248835_chunk_0,doc_05798_1f248835
6054,6054,doc_05799_a8aa70fc_chunk_0,doc_05799_a8aa70fc
6055,6055,doc_05800_e97993aa_chunk_0,doc_05800_e97993aa
6056,6056,doc_05801_3f608aff_chunk_0,doc_05801_3f608aff
6057,6057,doc_05802_4664f125_chunk_0,doc_05802_4664f125
6058,6058,doc_05803_5c051948_chunk_0,doc_05803_5c051948
6059,6059,doc_05804_654ec634_chunk_0,doc_05804_654ec634
6060,6060,doc_05805_33ad0c3c_chunk_0,doc_05805_33ad0c3c
6061,6061,doc_05806_9f90e350_chunk_0,doc_05806_9f90e350
6062,6062,doc_05807_f5508c4d_chunk_0,doc_05807_f5508c4d
6063,6063,doc_05808_a7806153_chunk_0,doc_05808_a7806153
6064,6064,doc_05809_c613cd5e_chunk_0,doc_05809_c613cd5e
6065,6065,doc_05810_4e5459b9_chunk_0,doc_05810_4e5459b9
6066,6066,doc_05811_2254e525_chunk_0,doc_05811_2254e525
6067,6067,doc_05812_4ce5ef30_chunk_0,doc_05812_4ce5ef30
6068,6068,doc_05813_945a80b1_chunk_0,doc_05813_945a80b1
6069,6069,doc_05814_b426d6bf_chunk_0,doc_05814_b426d6bf
6070,6070,doc_05815_ad4424c2_chunk_0,doc_05815_ad4424c2
6071,6071,doc_05816_5602c10f_chunk_0,doc_05816_5602c10f
6072,6072,doc_05817_60acbf45_chunk_0,doc_05817_60acbf45
6073,6073,doc_05818_819a5d96_chunk_0,doc_05818_819a5d96
6074,6074,doc_05819_fadf1a37_chunk_0,doc_05819_fadf1a37
6075,6075,doc_05820_2d7973ba_chunk_0,doc_05820_2d7973ba
6076,6076,doc_05821_ab348af0_chunk_0,doc_05821_ab348af0
6077,6077,doc_05822_b91b0ee7_chunk_0,doc_05822_b91b0ee7
6078,6078,doc_05823_6aa40b06_chunk_0,doc_05823_6aa40b06
6079,6079,doc_05824_4b14d3bd_chunk_0,doc_05824_4b14d3bd
6080,6080,doc_05825_7a4a9a9f_chunk_0,doc_05825_7a4a9a9f
6081,6081,doc_05826_88596f38_chunk_0,doc_05826_88596f38
6082,6082,doc_05827_d302580f_chunk_0,doc_05827_d302580f
6083,6083,doc_05828_0bec0983_chunk_0,doc_05828_0bec0983
6084,6084,doc_05829_4f9ee181_chunk_0,doc_05829_4f9ee181
6085,6085,doc_05830_f8d8f48f_chunk_0,doc_05830_f8d8f48f
6086,6086,doc_05831_58e1f8fd_chunk_0,doc_05831_58e1f8fd
6087,6087,doc_05832_176cba34_chunk_0,doc_05832_176cba34
6088,6088,doc_05833_220419f2_chunk_0,doc_05833_220419f2
6089,6089,doc_05834_99d17f3b_chunk_0,doc_05834_99d17f3b
6090,6090,doc_05835_031f31fa_chunk_0,doc_05835_031f31fa
6091,6091,doc_05836_baf8877d_chunk_0,doc_05836_baf8877d
6092,6092,doc_05837_ca208775_chunk_0,doc_05837_ca208775
6093,6093,doc_05838_30a3d4dc_chunk_0,doc_05838_30a3d4dc
6094,6094,doc_05839_9905156a_chunk_0,doc_05839_9905156a
6095,6095,doc_05840_be7b5135_chunk_0,doc_05840_be7b5135
6096,6096,doc_05841_71f9b790_chunk_0,doc_05841_71f9b790
6097,6097,doc_05842_6e75b875_chunk_0,doc_05842_6e75b875
6098,6098,doc_05843_9df30738_chunk_0,doc_05843_9df30738
6099,6099,doc_05844_889170fe_chunk_0,doc_05844_889170fe
6100,6100,doc_05845_0b7f30fd_chunk_0,doc_05845_0b7f30fd
6101,6101,doc_05846_c6cb14a0_chunk_0,doc_05846_c6cb14a0
6102,6102,doc_05847_82b47f99_chunk_0,doc_05847_82b47f99
6103,6103,doc_05848_a0fd4723_chunk_0,doc_05848_a0fd4723
6104,6104,doc_05849_265968f2_chunk_0,doc_05849_265968f2
6105,6105,doc_05850_54bc5400_chunk_0,doc_05850_54bc5400
6106,6106,doc_05851_91f450fd_chunk_0,doc_05851_91f450fd
6107,6107,doc_05852_a9c3b51e_chunk_0,doc_05852_a9c3b51e
6108,6108,doc_05853_ed8e74b0_chunk_0,doc_05853_ed8e74b0
6109,6109,doc_05854_084e4e13_chunk_0,doc_05854_084e4e13
6110,6110,doc_05855_989986fb_chunk_0,doc_05855_989986fb
6111,6111,doc_05856_f8029cd5_chunk_0,doc_05856_f8029cd5
6112,6112,doc_05857_c6abdb25_chunk_0,doc_05857_c6abdb25
6113,6113,doc_05858_60de38a1_chunk_0,doc_05858_60de38a1
6114,6114,doc_05859_2fbcd7e5_chunk_0,doc_05859_2fbcd7e5
6115,6115,doc_05860_26c7d4bd_chunk_0,doc_05860_26c7d4bd
6116,6116,doc_05861_75169fd3_chunk_0,doc_05861_75169fd3
6117,6117,doc_05862_09269583_chunk_0,doc_05862_09269583
6118,6118,doc_05863_09467c5c_chunk_0,doc_05863_09467c5c
6119,6119,doc_05864_283632dc_chunk_0,doc_05864_283632dc
6120,6120,doc_05865_63a42234_chunk_0,doc_05865_63a42234
6121,6121,doc_05866_f9b2903d_chunk_0,doc_05866_f9b2903d
6122,6122,doc_05867_e5dcd373_chunk_0,doc_05867_e5dcd373
6123,6123,doc_05868_b23b8f2f_chunk_0,doc_05868_b23b8f2f
6124,6124,doc_05869_f3e53b1a_chunk_0,doc_05869_f3e53b1a
6125,6125,doc_05870_860ff950_chunk_0,doc_05870_860ff950
6126,6126,doc_05871_0659ecbe_chunk_0,doc_05871_0659ecbe
6127,6127,doc_05872_d26a167b_chunk_0,doc_05872_d26a167b
6128,6128,doc_05873_95afc3fe_chunk_0,doc_05873_95afc3fe
6129,6129,doc_05874_7cb09213_chunk_0,doc_05874_7cb09213
6130,6130,doc_05875_df116500_chunk_0,doc_05875_df116500
6131,6131,doc_05876_bf798a35_chunk_0,doc_05876_bf798a35
6132,6132,doc_05877_979606e3_chunk_0,doc_05877_979606e3
6133,6133,doc_05878_1aae61d7_chunk_0,doc_05878_1aae61d7
6134,6134,doc_05879_cad698cb_chunk_0,doc_05879_cad698cb
6135,6135,doc_05880_2eade4ce_chunk_0,doc_05880_2eade4ce
6136,6136,doc_05881_5089bacb_chunk_0,doc_05881_5089bacb
6137,6137,doc_05882_3aad47e0_chunk_0,doc_05882_3aad47e0
6138,6138,doc_05883_e2dd2b37_chunk_0,doc_05883_e2dd2b37
6139,6139,doc_05884_2e0cdf5a_chunk_0,doc_05884_2e0cdf5a
6140,6140,doc_05885_83250205_chunk_0,doc_05885_83250205
6141,6141,doc_05886_a4eba6e4_chunk_0,doc_05886_a4eba6e4
6142,6142,doc_05887_df2c2466_chunk_0,doc_05887_df2c2466
6143,6143,doc_05888_c3e527a8_chunk_0,doc_05888_c3e527a8
6144,6144,doc_05889_2d9f6575_chunk_0,doc_05889_2d9f6575
6145,6145,doc_05890_7bb3278b_chunk_0,doc_05890_7bb3278b
6146,6146,doc_05891_7c989739_chunk_0,doc_05891_7c989739
6147,6147,doc_05892_2fc2f92f_chunk_0,doc_05892_2fc2f92f
6148,6148,doc_05893_c04a43ce_chunk_0,doc_05893_c04a43ce
6149,6149,doc_05894_d1380d3f_chunk_0,doc_05894_d1380d3f
6150,6150,doc_05895_616d77ab_chunk_0,doc_05895_616d77ab
6151,6151,doc_05896_43bf9e51_chunk_0,doc_05896_43bf9e51
6152,6152,doc_05897_558a5c01_chunk_0,doc_05897_558a5c01
6153,6153,doc_05898_c05adbc9_chunk_0,doc_05898_c05adbc9
6154,6154,doc_05899_fc12af85_chunk_0,doc_05899_fc12af85
6155,6155,doc_05900_4ce73ff1_chunk_0,doc_05900_4ce73ff1
6156,6156,doc_05901_e7b955c9_chunk_0,doc_05901_e7b955c9
6157,6157,doc_05902_e76c684b_chunk_0,doc_05902_e76c684b
6158,6158,doc_05903_2bb95837_chunk_0,doc_05903_2bb95837
6159,6159,doc_05904_c55268cb_chunk_0,doc_05904_c55268cb
6160,6160,doc_05905_8aa2d7d8_chunk_0,doc_05905_8aa2d7d8
6161,6161,doc_05906_8cc0f9f3_chunk_0,doc_05906_8cc0f9f3
6162,6162,doc_05907_4a0a2175_chunk_0,doc_05907_4a0a2175
6163,6163,doc_05908_e08560dc_chunk_0,doc_05908_e08560dc
6164,6164,doc_05909_c8dc5db2_chunk_0,doc_05909_c8dc5db2
6165,6165,doc_05910_2d4db2f8_chunk_0,doc_05910_2d4db2f8
6166,6166,doc_05911_03dd2d25_chunk_0,doc_05911_03dd2d25
6167,6167,doc_05912_fc86e785_chunk_0,doc_05912_fc86e785
6168,6168,doc_05913_25a38dfa_chunk_0,doc_05913_25a38dfa
6169,6169,doc_05914_698d678b_chunk_0,doc_05914_698d678b
6170,6170,doc_05915_6f769b82_chunk_0,doc_05915_6f769b82
6171,6171,doc_05916_413e90bb_chunk_0,doc_05916_413e90bb
6172,6172,doc_05917_47cc33d7_chunk_0,doc_05917_47cc33d7
6173,6173,doc_05918_ab49c6eb_chunk_0,doc_05918_ab49c6eb
6174,6174,doc_05919_aaa87a06_chunk_0,doc_05919_aaa87a06
6175,6175,doc_05920_07a2a8fe_chunk_0,doc_05920_07a2a8fe
6176,6176,doc_05921_47864ea2_chunk_0,doc_05921_47864ea2
6177,6177,doc_05922_edc22faa_chunk_0,doc_05922_edc22faa
6178,6178,doc_05923_86cf718e_chunk_0,doc_05923_86cf718e
6179,6179,doc_05924_b5080be0_chunk_0,doc_05924_b5080be0
6180,6180,doc_05925_6ce66a42_chunk_0,doc_05925_6ce66a42
6181,6181,doc_05926_c5c3332e_chunk_0,doc_05926_c5c3332e
6182,6182,doc_05927_4e0042bf_chunk_0,doc_05927_4e0042bf
6183,6183,doc_05928_f6103281_chunk_0,doc_05928_f6103281
6184,6184,doc_05929_d74b3a96_chunk_0,doc_05929_d74b3a96
6185,6185,doc_05930_b2e7410c_chunk_0,doc_05930_b2e7410c
6186,6186,doc_05931_b34f43cd_chunk_0,doc_05931_b34f43cd
6187,6187,doc_05931_b34f43cd_chunk_1,doc_05931_b34f43cd
6188,6188,doc_05932_697d6bbb_chunk_0,doc_05932_697d6bbb
6189,6189,doc_05933_64db8044_chunk_0,doc_05933_64db8044
6190,6190,doc_05934_7fd8f8bd_chunk_0,doc_05934_7fd8f8bd
6191,6191,doc_05935_e1896ba2_chunk_0,doc_05935_e1896ba2
6192,6192,doc_05936_5c5387d9_chunk_0,doc_05936_5c5387d9
6193,6193,doc_05937_e4caa0d2_chunk_0,doc_05937_e4caa0d2
6194,6194,doc_05938_1d83e16e_chunk_0,doc_05938_1d83e16e
6195,6195,doc_05939_f2cad63c_chunk_0,doc_05939_f2cad63c
6196,6196,doc_05940_5435503f_chunk_0,doc_05940_5435503f
6197,6197,doc_05940_5435503f_chunk_1,doc_05940_5435503f
6198,6198,doc_05941_85f7abb6_chunk_0,doc_05941_85f7abb6
6199,6199,doc_05942_f474b4a6_chunk_0,doc_05942_f474b4a6
6200,6200,doc_05943_f7b2f157_chunk_0,doc_05943_f7b2f157
6201,6201,doc_05944_a8da7284_chunk_0,doc_05944_a8da7284
6202,6202,doc_05945_3584c6bb_chunk_0,doc_05945_3584c6bb
6203,6203,doc_05946_5c36b8bc_chunk_0,doc_05946_5c36b8bc
6204,6204,doc_05947_6934fdcc_chunk_0,doc_05947_6934fdcc
6205,6205,doc_05948_10dbcd2b_chunk_0,doc_05948_10dbcd2b
6206,6206,doc_05949_6d81b954_chunk_0,doc_05949_6d81b954
6207,6207,doc_05950_7eab7494_chunk_0,doc_05950_7eab7494
6208,6208,doc_05951_9387cbe1_chunk_0,doc_05951_9387cbe1
6209,6209,doc_05952_857f73cc_chunk_0,doc_05952_857f73cc
6210,6210,doc_05953_1e050f78_chunk_0,doc_05953_1e050f78
6211,6211,doc_05954_09dc9b08_chunk_0,doc_05954_09dc9b08
6212,6212,doc_05955_622f9eae_chunk_0,doc_05955_622f9eae
6213,6213,doc_05956_7eb54b06_chunk_0,doc_05956_7eb54b06
6214,6214,doc_05957_05a0879b_chunk_0,doc_05957_05a0879b
6215,6215,doc_05958_c076ea6d_chunk_0,doc_05958_c076ea6d
6216,6216,doc_05959_30e288cd_chunk_0,doc_05959_30e288cd
6217,6217,doc_05960_0179282a_chunk_0,doc_05960_0179282a
6218,6218,doc_05961_c94b18b3_chunk_0,doc_05961_c94b18b3
6219,6219,doc_05962_067aee1f_chunk_0,doc_05962_067aee1f
6220,6220,doc_05963_3294a513_chunk_0,doc_05963_3294a513
6221,6221,doc_05964_cdda7ef8_chunk_0,doc_05964_cdda7ef8
6222,6222,doc_05965_334e1e23_chunk_0,doc_05965_334e1e23
6223,6223,doc_05966_b7999f95_chunk_0,doc_05966_b7999f95
6224,6224,doc_05967_de8bb510_chunk_0,doc_05967_de8bb510
6225,6225,doc_05968_38a3b5be_chunk_0,doc_05968_38a3b5be
6226,6226,doc_05969_eb0005ce_chunk_0,doc_05969_eb0005ce
6227,6227,doc_05970_f4f69b40_chunk_0,doc_05970_f4f69b40
6228,6228,doc_05971_81ea0ee7_chunk_0,doc_05971_81ea0ee7
6229,6229,doc_05972_c7b49c39_chunk_0,doc_05972_c7b49c39
6230,6230,doc_05973_4af87e8b_chunk_0,doc_05973_4af87e8b
6231,6231,doc_05974_c86bbaed_chunk_0,doc_05974_c86bbaed
6232,6232,doc_05975_c9e05b87_chunk_0,doc_05975_c9e05b87
6233,6233,doc_05976_ec7d08b9_chunk_0,doc_05976_ec7d08b9
6234,6234,doc_05977_32bc0a87_chunk_0,doc_05977_32bc0a87
6235,6235,doc_05978_98ecae06_chunk_0,doc_05978_98ecae06
6236,6236,doc_05979_84b20ec4_chunk_0,doc_05979_84b20ec4
6237,6237,doc_05980_09d4da7e_chunk_0,doc_05980_09d4da7e
6238,6238,doc_05981_53b5fe98_chunk_0,doc_05981_53b5fe98
6239,6239,doc_05982_fdd4333e_chunk_0,doc_05982_fdd4333e
6240,6240,doc_05983_f0b2f752_chunk_0,doc_05983_f0b2f752
6241,6241,doc_05984_604e2fb0_chunk_0,doc_05984_604e2fb0
6242,6242,doc_05985_c3ce7092_chunk_0,doc_05985_c3ce7092
6243,6243,doc_05986_4c97a264_chunk_0,doc_05986_4c97a264
6244,6244,doc_05987_5b98797e_chunk_0,doc_05987_5b98797e
6245,6245,doc_05988_07d2f220_chunk_0,doc_05988_07d2f220
6246,6246,doc_05989_50039a7c_chunk_0,doc_05989_50039a7c
6247,6247,doc_05990_b5678edf_chunk_0,doc_05990_b5678edf
6248,6248,doc_05991_711a93b6_chunk_0,doc_05991_711a93b6
6249,6249,doc_05992_a360335b_chunk_0,doc_05992_a360335b
6250,6250,doc_05993_b1099746_chunk_0,doc_05993_b1099746
6251,6251,doc_05994_c25b7ab5_chunk_0,doc_05994_c25b7ab5
6252,6252,doc_05995_686042d2_chunk_0,doc_05995_686042d2
6253,6253,doc_05996_05619ef5_chunk_0,doc_05996_05619ef5
6254,6254,doc_05997_6de70a95_chunk_0,doc_05997_6de70a95
6255,6255,doc_05998_96aca73f_chunk_0,doc_05998_96aca73f
6256,6256,doc_05999_ef268556_chunk_0,doc_05999_ef268556
6257,6257,doc_06000_82213f0e_chunk_0,doc_06000_82213f0e
6258,6258,doc_06001_141abd18_chunk_0,doc_06001_141abd18
6259,6259,doc_06002_1eab29f0_chunk_0,doc_06002_1eab29f0
6260,6260,doc_06003_ad6f7f3c_chunk_0,doc_06003_ad6f7f3c
6261,6261,doc_06004_fd48ad1b_chunk_0,doc_06004_fd48ad1b
6262,6262,doc_06005_384d23e2_chunk_0,doc_06005_384d23e2
6263,6263,doc_06006_0232d057_chunk_0,doc_06006_0232d057
6264,6264,doc_06007_adbe6730_chunk_0,doc_06007_adbe6730
6265,6265,doc_06008_79047160_chunk_0,doc_06008_79047160
6266,6266,doc_06009_bc21521f_chunk_0,doc_06009_bc21521f
6267,6267,doc_06010_4fd442aa_chunk_0,doc_06010_4fd442aa
6268,6268,doc_06011_6c11292e_chunk_0,doc_06011_6c11292e
6269,6269,doc_06012_2ea5fd63_chunk_0,doc_06012_2ea5fd63
6270,6270,doc_06013_16918905_chunk_0,doc_06013_16918905
6271,6271,doc_06014_0ab161b6_chunk_0,doc_06014_0ab161b6
6272,6272,doc_06015_692f465f_chunk_0,doc_06015_692f465f
6273,6273,doc_06016_e03eb434_chunk_0,doc_06016_e03eb434
6274,6274,doc_06017_8e2632cf_chunk_0,doc_06017_8e2632cf
6275,6275,doc_06018_ef05261b_chunk_0,doc_06018_ef05261b
6276,6276,doc_06019_020b2cf1_chunk_0,doc_06019_020b2cf1
6277,6277,doc_06020_97f13f32_chunk_0,doc_06020_97f13f32
6278,6278,doc_06021_59546323_chunk_0,doc_06021_59546323
6279,6279,doc_06022_2cc7b9a0_chunk_0,doc_06022_2cc7b9a0
6280,6280,doc_06023_bfbe28f7_chunk_0,doc_06023_bfbe28f7
6281,6281,doc_06024_222d7a5f_chunk_0,doc_06024_222d7a5f
6282,6282,doc_06025_10a4dd32_chunk_0,doc_06025_10a4dd32
6283,6283,doc_06026_2aa17da0_chunk_0,doc_06026_2aa17da0
6284,6284,doc_06027_9609e6ce_chunk_0,doc_06027_9609e6ce
6285,6285,doc_06028_67d73d88_chunk_0,doc_06028_67d73d88
6286,6286,doc_06029_700cf7bf_chunk_0,doc_06029_700cf7bf
6287,6287,doc_06030_ce529e6e_chunk_0,doc_06030_ce529e6e
6288,6288,doc_06031_22fda296_chunk_0,doc_06031_22fda296
6289,6289,doc_06032_4a130f28_chunk_0,doc_06032_4a130f28
6290,6290,doc_06033_4a688c72_chunk_0,doc_06033_4a688c72
6291,6291,doc_06034_3628ed45_chunk_0,doc_06034_3628ed45
6292,6292,doc_06035_7d6b63a0_chunk_0,doc_06035_7d6b63a0
6293,6293,doc_06036_079068ec_chunk_0,doc_06036_079068ec
6294,6294,doc_06037_6114f0fa_chunk_0,doc_06037_6114f0fa
6295,6295,doc_06038_b4b9d4c0_chunk_0,doc_06038_b4b9d4c0
6296,6296,doc_06039_bd654114_chunk_0,doc_06039_bd654114
6297,6297,doc_06040_a2a2a325_chunk_0,doc_06040_a2a2a325
6298,6298,doc_06041_72c00593_chunk_0,doc_06041_72c00593
6299,6299,doc_06041_72c00593_chunk_1,doc_06041_72c00593
6300,6300,doc_06042_c08fd5b2_chunk_0,doc_06042_c08fd5b2
6301,6301,doc_06043_259010c8_chunk_0,doc_06043_259010c8
6302,6302,doc_06044_87731921_chunk_0,doc_06044_87731921
6303,6303,doc_06045_c99335a5_chunk_0,doc_06045_c99335a5
6304,6304,doc_06046_7961249c_chunk_0,doc_06046_7961249c
6305,6305,doc_06046_7961249c_chunk_1,doc_06046_7961249c
6306,6306,doc_06047_79aa45fd_chunk_0,doc_06047_79aa45fd
6307,6307,doc_06047_79aa45fd_chunk_1,doc_06047_79aa45fd
6308,6308,doc_06048_7ec56841_chunk_0,doc_06048_7ec56841
6309,6309,doc_06049_62c6148d_chunk_0,doc_06049_62c6148d
6310,6310,doc_06050_2824cf50_chunk_0,doc_06050_2824cf50
6311,6311,doc_06051_79992a9d_chunk_0,doc_06051_79992a9d
6312,6312,doc_06052_7717675e_chunk_0,doc_06052_7717675e
6313,6313,doc_06053_d1d3265a_chunk_0,doc_06053_d1d3265a
6314,6314,doc_06054_3c83a2fe_chunk_0,doc_06054_3c83a2fe
6315,6315,doc_06055_ac36679f_chunk_0,doc_06055_ac36679f
6316,6316,doc_06056_9b0e19ea_chunk_0,doc_06056_9b0e19ea
6317,6317,doc_06057_9a687954_chunk_0,doc_06057_9a687954
6318,6318,doc_06058_68a21318_chunk_0,doc_06058_68a21318
6319,6319,doc_06059_d8b29987_chunk_0,doc_06059_d8b29987
6320,6320,doc_06060_ab8042ce_chunk_0,doc_06060_ab8042ce
6321,6321,doc_06061_67bebb27_chunk_0,doc_06061_67bebb27
6322,6322,doc_06061_67bebb27_chunk_1,doc_06061_67bebb27
6323,6323,doc_06062_2931191d_chunk_0,doc_06062_2931191d
6324,6324,doc_06063_fd3bd82e_chunk_0,doc_06063_fd3bd82e
6325,6325,doc_06064_b1368bea_chunk_0,doc_06064_b1368bea
6326,6326,doc_06064_b1368bea_chunk_1,doc_06064_b1368bea
6327,6327,doc_06065_f832c803_chunk_0,doc_06065_f832c803
6328,6328,doc_06066_d34f89f7_chunk_0,doc_06066_d34f89f7
6329,6329,doc_06067_17221932_chunk_0,doc_06067_17221932
6330,6330,doc_06068_b2589c2d_chunk_0,doc_06068_b2589c2d
6331,6331,doc_06069_1db5c555_chunk_0,doc_06069_1db5c555
6332,6332,doc_06070_5acca101_chunk_0,doc_06070_5acca101
6333,6333,doc_06071_49fac8f6_chunk_0,doc_06071_49fac8f6
6334,6334,doc_06072_f5aa6bba_chunk_0,doc_06072_f5aa6bba
6335,6335,doc_06073_d0c78f68_chunk_0,doc_06073_d0c78f68
6336,6336,doc_06074_33642e09_chunk_0,doc_06074_33642e09
6337,6337,doc_06075_5f3b4f7d_chunk_0,doc_06075_5f3b4f7d
6338,6338,doc_06076_ad0e21fb_chunk_0,doc_06076_ad0e21fb
6339,6339,doc_06077_5d1ca5ce_chunk_0,doc_06077_5d1ca5ce
6340,6340,doc_06078_46fb0e43_chunk_0,doc_06078_46fb0e43
6341,6341,doc_06079_4f6a1f0a_chunk_0,doc_06079_4f6a1f0a
6342,6342,doc_06080_6619c47e_chunk_0,doc_06080_6619c47e
6343,6343,doc_06081_9c11c622_chunk_0,doc_06081_9c11c622
6344,6344,doc_06082_f81f3e59_chunk_0,doc_06082_f81f3e59
6345,6345,doc_06083_0bbda087_chunk_0,doc_06083_0bbda087
6346,6346,doc_06084_55e56de2_chunk_0,doc_06084_55e56de2
6347,6347,doc_06085_43cd893e_chunk_0,doc_06085_43cd893e
6348,6348,doc_06086_f426f48e_chunk_0,doc_06086_f426f48e
6349,6349,doc_06087_b6bc9ca8_chunk_0,doc_06087_b6bc9ca8
6350,6350,doc_06088_4262651a_chunk_0,doc_06088_4262651a
6351,6351,doc_06089_8e6be870_chunk_0,doc_06089_8e6be870
6352,6352,doc_06090_2cc6bfa2_chunk_0,doc_06090_2cc6bfa2
6353,6353,doc_06091_7c4ef107_chunk_0,doc_06091_7c4ef107
6354,6354,doc_06092_11ad15bc_chunk_0,doc_06092_11ad15bc
6355,6355,doc_06093_8e5ec3da_chunk_0,doc_06093_8e5ec3da
6356,6356,doc_06094_3b0a3275_chunk_0,doc_06094_3b0a3275
6357,6357,doc_06095_af053814_chunk_0,doc_06095_af053814
6358,6358,doc_06096_e2da6b34_chunk_0,doc_06096_e2da6b34
6359,6359,doc_06097_d587e6ab_chunk_0,doc_06097_d587e6ab
6360,6360,doc_06098_4b8d4ef9_chunk_0,doc_06098_4b8d4ef9
6361,6361,doc_06099_d5df9c23_chunk_0,doc_06099_d5df9c23
6362,6362,doc_06100_93af8ae8_chunk_0,doc_06100_93af8ae8
6363,6363,doc_06101_547663da_chunk_0,doc_06101_547663da
6364,6364,doc_06102_a21dd514_chunk_0,doc_06102_a21dd514
6365,6365,doc_06103_3c17c2b8_chunk_0,doc_06103_3c17c2b8
6366,6366,doc_06104_0157a41e_chunk_0,doc_06104_0157a41e
6367,6367,doc_06105_a712430b_chunk_0,doc_06105_a712430b
6368,6368,doc_06106_7cdc79f5_chunk_0,doc_06106_7cdc79f5
6369,6369,doc_06107_8fb851f5_chunk_0,doc_06107_8fb851f5
6370,6370,doc_06108_698d9411_chunk_0,doc_06108_698d9411
6371,6371,doc_06109_94df7446_chunk_0,doc_06109_94df7446
6372,6372,doc_06110_34fecbc2_chunk_0,doc_06110_34fecbc2
6373,6373,doc_06111_d2a35890_chunk_0,doc_06111_d2a35890
6374,6374,doc_06112_4fdd4274_chunk_0,doc_06112_4fdd4274
6375,6375,doc_06113_bc6e63cb_chunk_0,doc_06113_bc6e63cb
6376,6376,doc_06114_f1656a51_chunk_0,doc_06114_f1656a51
6377,6377,doc_06115_ef1e5941_chunk_0,doc_06115_ef1e5941
6378,6378,doc_06116_ef067d81_chunk_0,doc_06116_ef067d81
6379,6379,doc_06117_01cf1a73_chunk_0,doc_06117_01cf1a73
6380,6380,doc_06118_a99159ed_chunk_0,doc_06118_a99159ed
6381,6381,doc_06119_ee9a10d7_chunk_0,doc_06119_ee9a10d7
6382,6382,doc_06120_3274c45b_chunk_0,doc_06120_3274c45b
6383,6383,doc_06121_b16f09f0_chunk_0,doc_06121_b16f09f0
6384,6384,doc_06122_76cd985c_chunk_0,doc_06122_76cd985c
6385,6385,doc_06123_6bf89a90_chunk_0,doc_06123_6bf89a90
6386,6386,doc_06124_2e78937a_chunk_0,doc_06124_2e78937a
6387,6387,doc_06125_3f26a964_chunk_0,doc_06125_3f26a964
6388,6388,doc_06126_507d9a1c_chunk_0,doc_06126_507d9a1c
6389,6389,doc_06127_8ee4643b_chunk_0,doc_06127_8ee4643b
6390,6390,doc_06128_57f7aa12_chunk_0,doc_06128_57f7aa12
6391,6391,doc_06129_696da391_chunk_0,doc_06129_696da391
6392,6392,doc_06130_04ba4934_chunk_0,doc_06130_04ba4934
6393,6393,doc_06131_dc48667b_chunk_0,doc_06131_dc48667b
6394,6394,doc_06132_071f614c_chunk_0,doc_06132_071f614c
6395,6395,doc_06133_e7b068ec_chunk_0,doc_06133_e7b068ec
6396,6396,doc_06134_ccc9efca_chunk_0,doc_06134_ccc9efca
6397,6397,doc_06135_2b4e0dd6_chunk_0,doc_06135_2b4e0dd6
6398,6398,doc_06136_94bbd527_chunk_0,doc_06136_94bbd527
6399,6399,doc_06137_82d3bc8e_chunk_0,doc_06137_82d3bc8e
6400,6400,doc_06138_e0eee568_chunk_0,doc_06138_e0eee568
6401,6401,doc_06139_bab97f72_chunk_0,doc_06139_bab97f72
6402,6402,doc_06140_b0dee63f_chunk_0,doc_06140_b0dee63f
6403,6403,doc_06141_9d72d8bc_chunk_0,doc_06141_9d72d8bc
6404,6404,doc_06142_f0529f52_chunk_0,doc_06142_f0529f52
6405,6405,doc_06143_8ed0535c_chunk_0,doc_06143_8ed0535c
6406,6406,doc_06144_6f2630c0_chunk_0,doc_06144_6f2630c0
6407,6407,doc_06145_5f3dcb7d_chunk_0,doc_06145_5f3dcb7d
6408,6408,doc_06146_e5456cf3_chunk_0,doc_06146_e5456cf3
6409,6409,doc_06147_142812a6_chunk_0,doc_06147_142812a6
6410,6410,doc_06148_48b051cb_chunk_0,doc_06148_48b051cb
6411,6411,doc_06149_735ff77a_chunk_0,doc_06149_735ff77a
6412,6412,doc_06150_822b9887_chunk_0,doc_06150_822b9887
6413,6413,doc_06151_2016f591_chunk_0,doc_06151_2016f591
6414,6414,doc_06152_c7ee5a52_chunk_0,doc_06152_c7ee5a52
6415,6415,doc_06153_fd5f34fa_chunk_0,doc_06153_fd5f34fa
6416,6416,doc_06154_6d42deab_chunk_0,doc_06154_6d42deab
6417,6417,doc_06155_2863662f_chunk_0,doc_06155_2863662f
6418,6418,doc_06156_ea0d679b_chunk_0,doc_06156_ea0d679b
6419,6419,doc_06157_00cb65fe_chunk_0,doc_06157_00cb65fe
6420,6420,doc_06158_70d55756_chunk_0,doc_06158_70d55756
6421,6421,doc_06159_8d4a1c8a_chunk_0,doc_06159_8d4a1c8a
6422,6422,doc_06160_9d5490e6_chunk_0,doc_06160_9d5490e6
6423,6423,doc_06161_c6b18239_chunk_0,doc_06161_c6b18239
6424,6424,doc_06162_976d86d2_chunk_0,doc_06162_976d86d2
6425,6425,doc_06163_a7bf56ce_chunk_0,doc_06163_a7bf56ce
6426,6426,doc_06164_dca1aaa1_chunk_0,doc_06164_dca1aaa1
6427,6427,doc_06165_6a6f2aef_chunk_0,doc_06165_6a6f2aef
6428,6428,doc_06166_e929e4cf_chunk_0,doc_06166_e929e4cf
6429,6429,doc_06166_e929e4cf_chunk_1,doc_06166_e929e4cf
6430,6430,doc_06167_ba58f31e_chunk_0,doc_06167_ba58f31e
6431,6431,doc_06167_ba58f31e_chunk_1,doc_06167_ba58f31e
6432,6432,doc_06167_ba58f31e_chunk_2,doc_06167_ba58f31e
6433,6433,doc_06168_ca2f3945_chunk_0,doc_06168_ca2f3945
6434,6434,doc_06169_fc00702f_chunk_0,doc_06169_fc00702f
6435,6435,doc_06170_6f54cfbf_chunk_0,doc_06170_6f54cfbf
6436,6436,doc_06170_6f54cfbf_chunk_1,doc_06170_6f54cfbf
6437,6437,doc_06171_1def72a2_chunk_0,doc_06171_1def72a2
6438,6438,doc_06171_1def72a2_chunk_1,doc_06171_1def72a2
6439,6439,doc_06172_bc8d0c7e_chunk_0,doc_06172_bc8d0c7e
6440,6440,doc_06172_bc8d0c7e_chunk_1,doc_06172_bc8d0c7e
6441,6441,doc_06173_e71cc16c_chunk_0,doc_06173_e71cc16c
6442,6442,doc_06173_e71cc16c_chunk_1,doc_06173_e71cc16c
6443,6443,doc_06173_e71cc16c_chunk_2,doc_06173_e71cc16c
6444,6444,doc_06174_5cb44451_chunk_0,doc_06174_5cb44451
6445,6445,doc_06175_71f419f3_chunk_0,doc_06175_71f419f3
6446,6446,doc_06176_4f58656f_chunk_0,doc_06176_4f58656f
6447,6447,doc_06177_4338f530_chunk_0,doc_06177_4338f530
6448,6448,doc_06178_1ea8590f_chunk_0,doc_06178_1ea8590f
6449,6449,doc_06179_4365259b_chunk_0,doc_06179_4365259b
6450,6450,doc_06179_4365259b_chunk_1,doc_06179_4365259b
6451,6451,doc_06180_29b51cd6_chunk_0,doc_06180_29b51cd6
6452,6452,doc_06180_29b51cd6_chunk_1,doc_06180_29b51cd6
6453,6453,doc_06181_42721f21_chunk_0,doc_06181_42721f21
6454,6454,doc_06182_ed3a0052_chunk_0,doc_06182_ed3a0052
6455,6455,doc_06183_6a29ce05_chunk_0,doc_06183_6a29ce05
6456,6456,doc_06184_5dfe3099_chunk_0,doc_06184_5dfe3099
6457,6457,doc_06185_4a078703_chunk_0,doc_06185_4a078703
6458,6458,doc_06186_56f4e6cd_chunk_0,doc_06186_56f4e6cd
6459,6459,doc_06187_696c72f5_chunk_0,doc_06187_696c72f5
6460,6460,doc_06188_e5cca20d_chunk_0,doc_06188_e5cca20d
6461,6461,doc_06189_8409a1da_chunk_0,doc_06189_8409a1da
6462,6462,doc_06190_760b5b56_chunk_0,doc_06190_760b5b56
6463,6463,doc_06191_65051856_chunk_0,doc_06191_65051856
6464,6464,doc_06192_b29537fb_chunk_0,doc_06192_b29537fb
6465,6465,doc_06193_e7e45acc_chunk_0,doc_06193_e7e45acc
6466,6466,doc_06194_5316a9c0_chunk_0,doc_06194_5316a9c0
6467,6467,doc_06195_2a1ceee4_chunk_0,doc_06195_2a1ceee4
6468,6468,doc_06196_4a7441fa_chunk_0,doc_06196_4a7441fa
6469,6469,doc_06197_1ed1c823_chunk_0,doc_06197_1ed1c823
6470,6470,doc_06198_f6a2f9b4_chunk_0,doc_06198_f6a2f9b4
6471,6471,doc_06199_dbf3ffa9_chunk_0,doc_06199_dbf3ffa9
6472,6472,doc_06200_8d2f9a26_chunk_0,doc_06200_8d2f9a26
6473,6473,doc_06201_ac6e5ad8_chunk_0,doc_06201_ac6e5ad8
6474,6474,doc_06202_2d5c6e50_chunk_0,doc_06202_2d5c6e50
6475,6475,doc_06203_2e31c9c8_chunk_0,doc_06203_2e31c9c8
6476,6476,doc_06204_d6ae86e5_chunk_0,doc_06204_d6ae86e5
6477,6477,doc_06205_c581ade9_chunk_0,doc_06205_c581ade9
6478,6478,doc_06206_4f505f53_chunk_0,doc_06206_4f505f53
6479,6479,doc_06207_10de8622_chunk_0,doc_06207_10de8622
6480,6480,doc_06208_b5e7e337_chunk_0,doc_06208_b5e7e337
6481,6481,doc_06209_f741ddf6_chunk_0,doc_06209_f741ddf6
6482,6482,doc_06210_f2798d38_chunk_0,doc_06210_f2798d38
6483,6483,doc_06211_c56c8b27_chunk_0,doc_06211_c56c8b27
6484,6484,doc_06212_f93eea15_chunk_0,doc_06212_f93eea15
6485,6485,doc_06213_7d0d33d7_chunk_0,doc_06213_7d0d33d7
6486,6486,doc_06214_3e29ecc0_chunk_0,doc_06214_3e29ecc0
6487,6487,doc_06215_9e28fa2e_chunk_0,doc_06215_9e28fa2e
6488,6488,doc_06216_26af635e_chunk_0,doc_06216_26af635e
6489,6489,doc_06217_02d226d4_chunk_0,doc_06217_02d226d4
6490,6490,doc_06218_fd02f0a8_chunk_0,doc_06218_fd02f0a8
6491,6491,doc_06219_2e800068_chunk_0,doc_06219_2e800068
6492,6492,doc_06220_ebdae430_chunk_0,doc_06220_ebdae430
6493,6493,doc_06221_290edc76_chunk_0,doc_06221_290edc76
6494,6494,doc_06222_8afe42e1_chunk_0,doc_06222_8afe42e1
6495,6495,doc_06223_a254a682_chunk_0,doc_06223_a254a682
6496,6496,doc_06224_dee6c3a8_chunk_0,doc_06224_dee6c3a8
6497,6497,doc_06225_9540ce02_chunk_0,doc_06225_9540ce02
6498,6498,doc_06226_3478a48c_chunk_0,doc_06226_3478a48c
6499,6499,doc_06227_61957232_chunk_0,doc_06227_61957232
6500,6500,doc_06228_a36ad63f_chunk_0,doc_06228_a36ad63f
6501,6501,doc_06229_3466d72d_chunk_0,doc_06229_3466d72d
6502,6502,doc_06230_4e8ea0b1_chunk_0,doc_06230_4e8ea0b1
6503,6503,doc_06231_b1cd8615_chunk_0,doc_06231_b1cd8615
6504,6504,doc_06232_3789bff7_chunk_0,doc_06232_3789bff7
6505,6505,doc_06233_caf909c8_chunk_0,doc_06233_caf909c8
6506,6506,doc_06234_49b1a39d_chunk_0,doc_06234_49b1a39d
6507,6507,doc_06235_4394b557_chunk_0,doc_06235_4394b557
6508,6508,doc_06236_dcc0dedb_chunk_0,doc_06236_dcc0dedb
6509,6509,doc_06237_745c652c_chunk_0,doc_06237_745c652c
6510,6510,doc_06238_664fe351_chunk_0,doc_06238_664fe351
6511,6511,doc_06239_ca173617_chunk_0,doc_06239_ca173617
6512,6512,doc_06240_fe5702b3_chunk_0,doc_06240_fe5702b3
6513,6513,doc_06241_7592285d_chunk_0,doc_06241_7592285d
6514,6514,doc_06242_de02d565_chunk_0,doc_06242_de02d565
6515,6515,doc_06243_d3b15fc6_chunk_0,doc_06243_d3b15fc6
6516,6516,doc_06244_21d5ec96_chunk_0,doc_06244_21d5ec96
6517,6517,doc_06245_a2276a7a_chunk_0,doc_06245_a2276a7a
6518,6518,doc_06246_8f2774cf_chunk_0,doc_06246_8f2774cf
6519,6519,doc_06247_4795da85_chunk_0,doc_06247_4795da85
6520,6520,doc_06248_b33827a3_chunk_0,doc_06248_b33827a3
6521,6521,doc_06249_3b0ee391_chunk_0,doc_06249_3b0ee391
6522,6522,doc_06250_4f4aca4f_chunk_0,doc_06250_4f4aca4f
6523,6523,doc_06251_770ff06a_chunk_0,doc_06251_770ff06a
6524,6524,doc_06252_33cb6b6c_chunk_0,doc_06252_33cb6b6c
6525,6525,doc_06253_4a11e841_chunk_0,doc_06253_4a11e841
6526,6526,doc_06254_fc8bd98f_chunk_0,doc_06254_fc8bd98f
6527,6527,doc_06255_8379565b_chunk_0,doc_06255_8379565b
6528,6528,doc_06256_8254b7fe_chunk_0,doc_06256_8254b7fe
6529,6529,doc_06257_5d087826_chunk_0,doc_06257_5d087826
6530,6530,doc_06258_552b0645_chunk_0,doc_06258_552b0645
6531,6531,doc_06259_cb5cd177_chunk_0,doc_06259_cb5cd177
6532,6532,doc_06260_2f6f6aac_chunk_0,doc_06260_2f6f6aac
6533,6533,doc_06261_bf6a2b3a_chunk_0,doc_06261_bf6a2b3a
6534,6534,doc_06262_2d29f184_chunk_0,doc_06262_2d29f184
6535,6535,doc_06262_2d29f184_chunk_1,doc_06262_2d29f184
6536,6536,doc_06263_1d2a2793_chunk_0,doc_06263_1d2a2793
6537,6537,doc_06264_52f76066_chunk_0,doc_06264_52f76066
6538,6538,doc_06265_a74cd45e_chunk_0,doc_06265_a74cd45e
6539,6539,doc_06266_3607f968_chunk_0,doc_06266_3607f968
6540,6540,doc_06266_3607f968_chunk_1,doc_06266_3607f968
6541,6541,doc_06267_b01f9976_chunk_0,doc_06267_b01f9976
6542,6542,doc_06268_9b22bf03_chunk_0,doc_06268_9b22bf03
6543,6543,doc_06269_fabf97df_chunk_0,doc_06269_fabf97df
6544,6544,doc_06270_e44b3470_chunk_0,doc_06270_e44b3470
6545,6545,doc_06271_da0b019d_chunk_0,doc_06271_da0b019d
6546,6546,doc_06271_da0b019d_chunk_1,doc_06271_da0b019d
6547,6547,doc_06271_da0b019d_chunk_2,doc_06271_da0b019d
6548,6548,doc_06272_1a7ca6b8_chunk_0,doc_06272_1a7ca6b8
6549,6549,doc_06272_1a7ca6b8_chunk_1,doc_06272_1a7ca6b8
6550,6550,doc_06273_08a3a15a_chunk_0,doc_06273_08a3a15a
6551,6551,doc_06274_dadaaf50_chunk_0,doc_06274_dadaaf50
6552,6552,doc_06275_0d28b1f6_chunk_0,doc_06275_0d28b1f6
6553,6553,doc_06276_1d8acfeb_chunk_0,doc_06276_1d8acfeb
6554,6554,doc_06277_cc300575_chunk_0,doc_06277_cc300575
6555,6555,doc_06278_ff2e527d_chunk_0,doc_06278_ff2e527d
6556,6556,doc_06279_dc69ef6e_chunk_0,doc_06279_dc69ef6e
6557,6557,doc_06280_44ef55bb_chunk_0,doc_06280_44ef55bb
6558,6558,doc_06280_44ef55bb_chunk_1,doc_06280_44ef55bb
6559,6559,doc_06281_82e2fb90_chunk_0,doc_06281_82e2fb90
6560,6560,doc_06282_d901a678_chunk_0,doc_06282_d901a678
6561,6561,doc_06282_d901a678_chunk_1,doc_06282_d901a678
6562,6562,doc_06283_9daeec5e_chunk_0,doc_06283_9daeec5e
6563,6563,doc_06284_70dfc9d8_chunk_0,doc_06284_70dfc9d8
6564,6564,doc_06285_65806868_chunk_0,doc_06285_65806868
6565,6565,doc_06285_65806868_chunk_1,doc_06285_65806868
6566,6566,doc_06286_3e25d030_chunk_0,doc_06286_3e25d030
6567,6567,doc_06287_955a1bfc_chunk_0,doc_06287_955a1bfc
6568,6568,doc_06288_7cf0030e_chunk_0,doc_06288_7cf0030e
6569,6569,doc_06289_6ea8bbca_chunk_0,doc_06289_6ea8bbca
6570,6570,doc_06290_31006dbb_chunk_0,doc_06290_31006dbb
6571,6571,doc_06290_31006dbb_chunk_1,doc_06290_31006dbb
6572,6572,doc_06291_3135a96b_chunk_0,doc_06291_3135a96b
6573,6573,doc_06292_3b826b9c_chunk_0,doc_06292_3b826b9c
6574,6574,doc_06293_78228ef3_chunk_0,doc_06293_78228ef3
6575,6575,doc_06294_6d534d9c_chunk_0,doc_06294_6d534d9c
6576,6576,doc_06295_ffd80381_chunk_0,doc_06295_ffd80381
6577,6577,doc_06296_e40b0d47_chunk_0,doc_06296_e40b0d47
6578,6578,doc_06297_1a392bc8_chunk_0,doc_06297_1a392bc8
6579,6579,doc_06298_c7cf85a9_chunk_0,doc_06298_c7cf85a9
6580,6580,doc_06299_3d0c5704_chunk_0,doc_06299_3d0c5704
6581,6581,doc_06300_28a14ffd_chunk_0,doc_06300_28a14ffd
6582,6582,doc_06301_6076fc35_chunk_0,doc_06301_6076fc35
6583,6583,doc_06302_ce9bae76_chunk_0,doc_06302_ce9bae76
6584,6584,doc_06303_c6cba643_chunk_0,doc_06303_c6cba643
6585,6585,doc_06304_51755237_chunk_0,doc_06304_51755237
6586,6586,doc_06305_2d0247d5_chunk_0,doc_06305_2d0247d5
6587,6587,doc_06306_8595d6d9_chunk_0,doc_06306_8595d6d9
6588,6588,doc_06307_0654d544_chunk_0,doc_06307_0654d544
6589,6589,doc_06308_c00fd79a_chunk_0,doc_06308_c00fd79a
6590,6590,doc_06309_92f795d9_chunk_0,doc_06309_92f795d9
6591,6591,doc_06310_47b38a40_chunk_0,doc_06310_47b38a40
6592,6592,doc_06311_ccbdc9ec_chunk_0,doc_06311_ccbdc9ec
6593,6593,doc_06312_c14a67fd_chunk_0,doc_06312_c14a67fd
6594,6594,doc_06313_1befc999_chunk_0,doc_06313_1befc999
6595,6595,doc_06314_1873b1db_chunk_0,doc_06314_1873b1db
6596,6596,doc_06315_af72a87e_chunk_0,doc_06315_af72a87e
6597,6597,doc_06316_72f220f1_chunk_0,doc_06316_72f220f1
6598,6598,doc_06317_c1848e53_chunk_0,doc_06317_c1848e53
6599,6599,doc_06318_0a9593e8_chunk_0,doc_06318_0a9593e8
6600,6600,doc_06319_616d9fa4_chunk_0,doc_06319_616d9fa4
6601,6601,doc_06320_a19b915c_chunk_0,doc_06320_a19b915c
6602,6602,doc_06321_170c1b54_chunk_0,doc_06321_170c1b54
6603,6603,doc_06322_e2684dfd_chunk_0,doc_06322_e2684dfd
6604,6604,doc_06323_704c63bf_chunk_0,doc_06323_704c63bf
6605,6605,doc_06324_1d3615b2_chunk_0,doc_06324_1d3615b2
6606,6606,doc_06325_91c42623_chunk_0,doc_06325_91c42623
6607,6607,doc_06326_5ba5e7a8_chunk_0,doc_06326_5ba5e7a8
6608,6608,doc_06327_5d3deee2_chunk_0,doc_06327_5d3deee2
6609,6609,doc_06328_fcf5ad51_chunk_0,doc_06328_fcf5ad51
6610,6610,doc_06329_e5f13ee8_chunk_0,doc_06329_e5f13ee8
6611,6611,doc_06330_f454d28a_chunk_0,doc_06330_f454d28a
6612,6612,doc_06331_cf091491_chunk_0,doc_06331_cf091491
6613,6613,doc_06332_f9f2419f_chunk_0,doc_06332_f9f2419f
6614,6614,doc_06333_2f59c2af_chunk_0,doc_06333_2f59c2af
6615,6615,doc_06334_d2cbb1f4_chunk_0,doc_06334_d2cbb1f4
6616,6616,doc_06335_5dde1a6f_chunk_0,doc_06335_5dde1a6f
6617,6617,doc_06336_ff55386b_chunk_0,doc_06336_ff55386b
6618,6618,doc_06337_2e78cce1_chunk_0,doc_06337_2e78cce1
6619,6619,doc_06338_f886c9d0_chunk_0,doc_06338_f886c9d0
6620,6620,doc_06339_1778b3ef_chunk_0,doc_06339_1778b3ef
6621,6621,doc_06340_664b2933_chunk_0,doc_06340_664b2933
6622,6622,doc_06341_37654a5b_chunk_0,doc_06341_37654a5b
6623,6623,doc_06342_08aa1f35_chunk_0,doc_06342_08aa1f35
6624,6624,doc_06343_1120cdcc_chunk_0,doc_06343_1120cdcc
6625,6625,doc_06344_13644955_chunk_0,doc_06344_13644955
6626,6626,doc_06345_86a4f48e_chunk_0,doc_06345_86a4f48e
6627,6627,doc_06346_a45f7cea_chunk_0,doc_06346_a45f7cea
6628,6628,doc_06347_27a10bb9_chunk_0,doc_06347_27a10bb9
6629,6629,doc_06348_c48b6f03_chunk_0,doc_06348_c48b6f03
6630,6630,doc_06349_53aeb8ac_chunk_0,doc_06349_53aeb8ac
6631,6631,doc_06350_5420247b_chunk_0,doc_06350_5420247b
6632,6632,doc_06351_130634da_chunk_0,doc_06351_130634da
6633,6633,doc_06352_bddf8d0d_chunk_0,doc_06352_bddf8d0d
6634,6634,doc_06353_0ce26237_chunk_0,doc_06353_0ce26237
6635,6635,doc_06354_37bc9a05_chunk_0,doc_06354_37bc9a05
6636,6636,doc_06355_197548f9_chunk_0,doc_06355_197548f9
6637,6637,doc_06356_eae6d30e_chunk_0,doc_06356_eae6d30e
6638,6638,doc_06357_8dafe598_chunk_0,doc_06357_8dafe598
6639,6639,doc_06358_e7afe313_chunk_0,doc_06358_e7afe313
6640,6640,doc_06359_1ae2de75_chunk_0,doc_06359_1ae2de75
6641,6641,doc_06360_44092d6c_chunk_0,doc_06360_44092d6c
6642,6642,doc_06361_32bd0cff_chunk_0,doc_06361_32bd0cff
6643,6643,doc_06362_a8b14989_chunk_0,doc_06362_a8b14989
6644,6644,doc_06363_da9e0edd_chunk_0,doc_06363_da9e0edd
6645,6645,doc_06364_c42f2fc4_chunk_0,doc_06364_c42f2fc4
6646,6646,doc_06365_fd1eb97f_chunk_0,doc_06365_fd1eb97f
6647,6647,doc_06366_10f84db9_chunk_0,doc_06366_10f84db9
6648,6648,doc_06367_799397ab_chunk_0,doc_06367_799397ab
6649,6649,doc_06368_0096abb2_chunk_0,doc_06368_0096abb2
6650,6650,doc_06369_7f931f7b_chunk_0,doc_06369_7f931f7b
6651,6651,doc_06370_222e79b8_chunk_0,doc_06370_222e79b8
6652,6652,doc_06371_4c11e4ea_chunk_0,doc_06371_4c11e4ea
6653,6653,doc_06372_e64d2090_chunk_0,doc_06372_e64d2090
6654,6654,doc_06373_8b1c732a_chunk_0,doc_06373_8b1c732a
6655,6655,doc_06374_81aad6a1_chunk_0,doc_06374_81aad6a1
6656,6656,doc_06375_f5ee5302_chunk_0,doc_06375_f5ee5302
6657,6657,doc_06376_89848ee6_chunk_0,doc_06376_89848ee6
6658,6658,doc_06377_2e2519b2_chunk_0,doc_06377_2e2519b2
6659,6659,doc_06378_647456c9_chunk_0,doc_06378_647456c9
6660,6660,doc_06379_8ad5ff04_chunk_0,doc_06379_8ad5ff04
6661,6661,doc_06380_c87c5c72_chunk_0,doc_06380_c87c5c72
6662,6662,doc_06381_ad696e1d_chunk_0,doc_06381_ad696e1d
6663,6663,doc_06382_c359fbb4_chunk_0,doc_06382_c359fbb4
6664,6664,doc_06383_dcc6e913_chunk_0,doc_06383_dcc6e913
6665,6665,doc_06384_e7129c8e_chunk_0,doc_06384_e7129c8e
6666,6666,doc_06385_f96c17c8_chunk_0,doc_06385_f96c17c8
6667,6667,doc_06386_65abca2a_chunk_0,doc_06386_65abca2a
6668,6668,doc_06387_25960fe0_chunk_0,doc_06387_25960fe0
6669,6669,doc_06388_9fe61b69_chunk_0,doc_06388_9fe61b69
6670,6670,doc_06389_41d1db71_chunk_0,doc_06389_41d1db71
6671,6671,doc_06390_c8c6af00_chunk_0,doc_06390_c8c6af00
6672,6672,doc_06391_43fb8b60_chunk_0,doc_06391_43fb8b60
6673,6673,doc_06392_75617576_chunk_0,doc_06392_75617576
6674,6674,doc_06393_ca38842d_chunk_0,doc_06393_ca38842d
6675,6675,doc_06394_0c9f15a3_chunk_0,doc_06394_0c9f15a3
6676,6676,doc_06395_2ce0fe37_chunk_0,doc_06395_2ce0fe37
6677,6677,doc_06396_8054d7f4_chunk_0,doc_06396_8054d7f4
6678,6678,doc_06397_3d1569b3_chunk_0,doc_06397_3d1569b3
6679,6679,doc_06398_623f3891_chunk_0,doc_06398_623f3891
6680,6680,doc_06399_39360e41_chunk_0,doc_06399_39360e41
6681,6681,doc_06400_4440115d_chunk_0,doc_06400_4440115d
6682,6682,doc_06401_6df81fe0_chunk_0,doc_06401_6df81fe0
6683,6683,doc_06402_79568234_chunk_0,doc_06402_79568234
6684,6684,doc_06403_7e604542_chunk_0,doc_06403_7e604542
6685,6685,doc_06404_71339522_chunk_0,doc_06404_71339522
6686,6686,doc_06405_adb7971f_chunk_0,doc_06405_adb7971f
6687,6687,doc_06406_66272ed7_chunk_0,doc_06406_66272ed7
6688,6688,doc_06407_3ca9a42b_chunk_0,doc_06407_3ca9a42b
6689,6689,doc_06408_65ed87fd_chunk_0,doc_06408_65ed87fd
6690,6690,doc_06409_93785f26_chunk_0,doc_06409_93785f26
6691,6691,doc_06410_75eee9b6_chunk_0,doc_06410_75eee9b6
6692,6692,doc_06411_76527940_chunk_0,doc_06411_76527940
6693,6693,doc_06412_ab0e597b_chunk_0,doc_06412_ab0e597b
6694,6694,doc_06413_f2b23a9b_chunk_0,doc_06413_f2b23a9b
6695,6695,doc_06414_112b3418_chunk_0,doc_06414_112b3418
6696,6696,doc_06415_2395b8ba_chunk_0,doc_06415_2395b8ba
6697,6697,doc_06415_2395b8ba_chunk_1,doc_06415_2395b8ba
6698,6698,doc_06416_78340456_chunk_0,doc_06416_78340456
6699,6699,doc_06417_c5a3d778_chunk_0,doc_06417_c5a3d778
6700,6700,doc_06418_366e9143_chunk_0,doc_06418_366e9143
6701,6701,doc_06419_3a54d971_chunk_0,doc_06419_3a54d971
6702,6702,doc_06420_bcb2767b_chunk_0,doc_06420_bcb2767b
6703,6703,doc_06421_46d00bd8_chunk_0,doc_06421_46d00bd8
6704,6704,doc_06422_c6b3cc4d_chunk_0,doc_06422_c6b3cc4d
6705,6705,doc_06423_997e53bf_chunk_0,doc_06423_997e53bf
6706,6706,doc_06424_c94dd442_chunk_0,doc_06424_c94dd442
6707,6707,doc_06425_97f559fe_chunk_0,doc_06425_97f559fe
6708,6708,doc_06426_a7e128b4_chunk_0,doc_06426_a7e128b4
6709,6709,doc_06427_a17723ee_chunk_0,doc_06427_a17723ee
6710,6710,doc_06428_df8d8916_chunk_0,doc_06428_df8d8916
6711,6711,doc_06429_6ef4a080_chunk_0,doc_06429_6ef4a080
6712,6712,doc_06430_73822176_chunk_0,doc_06430_73822176
6713,6713,doc_06431_d42bcf8c_chunk_0,doc_06431_d42bcf8c
6714,6714,doc_06432_12c4c468_chunk_0,doc_06432_12c4c468
6715,6715,doc_06433_91d6a0c4_chunk_0,doc_06433_91d6a0c4
6716,6716,doc_06434_9ffddb08_chunk_0,doc_06434_9ffddb08
6717,6717,doc_06435_7c459866_chunk_0,doc_06435_7c459866
6718,6718,doc_06436_f06af6e3_chunk_0,doc_06436_f06af6e3
6719,6719,doc_06437_e6a66e01_chunk_0,doc_06437_e6a66e01
6720,6720,doc_06438_6f9d5e36_chunk_0,doc_06438_6f9d5e36
6721,6721,doc_06439_dd1ba4fb_chunk_0,doc_06439_dd1ba4fb
6722,6722,doc_06440_89e82b0e_chunk_0,doc_06440_89e82b0e
6723,6723,doc_06441_36c4caa3_chunk_0,doc_06441_36c4caa3
6724,6724,doc_06442_ec64d7c9_chunk_0,doc_06442_ec64d7c9
6725,6725,doc_06443_0ed595a1_chunk_0,doc_06443_0ed595a1
6726,6726,doc_06444_866381d6_chunk_0,doc_06444_866381d6
6727,6727,doc_06445_3be99e91_chunk_0,doc_06445_3be99e91
6728,6728,doc_06446_ed097e8b_chunk_0,doc_06446_ed097e8b
6729,6729,doc_06447_64add2ac_chunk_0,doc_06447_64add2ac
6730,6730,doc_06448_a04b29f1_chunk_0,doc_06448_a04b29f1
6731,6731,doc_06449_d3008b96_chunk_0,doc_06449_d3008b96
6732,6732,doc_06450_e86075f7_chunk_0,doc_06450_e86075f7
6733,6733,doc_06451_29488fae_chunk_0,doc_06451_29488fae
6734,6734,doc_06452_96bcf079_chunk_0,doc_06452_96bcf079
6735,6735,doc_06453_0dc05815_chunk_0,doc_06453_0dc05815
6736,6736,doc_06454_c67f91dd_chunk_0,doc_06454_c67f91dd
6737,6737,doc_06455_b8583b02_chunk_0,doc_06455_b8583b02
6738,6738,doc_06456_8dbec8b3_chunk_0,doc_06456_8dbec8b3
6739,6739,doc_06457_695d572a_chunk_0,doc_06457_695d572a
6740,6740,doc_06458_0d9a9546_chunk_0,doc_06458_0d9a9546
6741,6741,doc_06459_6bcc8efc_chunk_0,doc_06459_6bcc8efc
6742,6742,doc_06460_53f27fec_chunk_0,doc_06460_53f27fec
6743,6743,doc_06461_f1764352_chunk_0,doc_06461_f1764352
6744,6744,doc_06462_f15211b6_chunk_0,doc_06462_f15211b6
6745,6745,doc_06463_827f1730_chunk_0,doc_06463_827f1730
6746,6746,doc_06464_2cb00910_chunk_0,doc_06464_2cb00910
6747,6747,doc_06465_7c166a1f_chunk_0,doc_06465_7c166a1f
6748,6748,doc_06466_a385a126_chunk_0,doc_06466_a385a126
6749,6749,doc_06467_fb2e85db_chunk_0,doc_06467_fb2e85db
6750,6750,doc_06468_c1f802fc_chunk_0,doc_06468_c1f802fc
6751,6751,doc_06469_63844c23_chunk_0,doc_06469_63844c23
6752,6752,doc_06470_11a3d1ca_chunk_0,doc_06470_11a3d1ca
6753,6753,doc_06471_ae0e4fb1_chunk_0,doc_06471_ae0e4fb1
6754,6754,doc_06472_b3863afd_chunk_0,doc_06472_b3863afd
6755,6755,doc_06473_f94e9324_chunk_0,doc_06473_f94e9324
6756,6756,doc_06474_56524b54_chunk_0,doc_06474_56524b54
6757,6757,doc_06475_63913a9f_chunk_0,doc_06475_63913a9f
6758,6758,doc_06476_0c3dda0d_chunk_0,doc_06476_0c3dda0d
6759,6759,doc_06477_a2d2fd33_chunk_0,doc_06477_a2d2fd33
6760,6760,doc_06478_43c1f086_chunk_0,doc_06478_43c1f086
6761,6761,doc_06479_2c5a35c9_chunk_0,doc_06479_2c5a35c9
6762,6762,doc_06480_f93556be_chunk_0,doc_06480_f93556be
6763,6763,doc_06481_3b2a3798_chunk_0,doc_06481_3b2a3798
6764,6764,doc_06482_87c718c3_chunk_0,doc_06482_87c718c3
6765,6765,doc_06483_c595f7a1_chunk_0,doc_06483_c595f7a1
6766,6766,doc_06484_8f12a818_chunk_0,doc_06484_8f12a818
6767,6767,doc_06485_2a28c48a_chunk_0,doc_06485_2a28c48a
6768,6768,doc_06486_70b5cd1c_chunk_0,doc_06486_70b5cd1c
6769,6769,doc_06487_040c530d_chunk_0,doc_06487_040c530d
6770,6770,doc_06488_80d29288_chunk_0,doc_06488_80d29288
6771,6771,doc_06489_6d73d3e8_chunk_0,doc_06489_6d73d3e8
6772,6772,doc_06490_3d8eea70_chunk_0,doc_06490_3d8eea70
6773,6773,doc_06491_8130ae77_chunk_0,doc_06491_8130ae77
6774,6774,doc_06492_79ed1b14_chunk_0,doc_06492_79ed1b14
6775,6775,doc_06493_34a36e4a_chunk_0,doc_06493_34a36e4a
6776,6776,doc_06494_3dbba531_chunk_0,doc_06494_3dbba531
6777,6777,doc_06495_35bfeb95_chunk_0,doc_06495_35bfeb95
6778,6778,doc_06496_234566f4_chunk_0,doc_06496_234566f4
6779,6779,doc_06497_8a17e9a9_chunk_0,doc_06497_8a17e9a9
6780,6780,doc_06498_3a94b3c2_chunk_0,doc_06498_3a94b3c2
6781,6781,doc_06499_10c7588a_chunk_0,doc_06499_10c7588a
6782,6782,doc_06500_88b84f36_chunk_0,doc_06500_88b84f36
6783,6783,doc_06501_96a2271c_chunk_0,doc_06501_96a2271c
6784,6784,doc_06502_4d726e04_chunk_0,doc_06502_4d726e04
6785,6785,doc_06503_e0b1294b_chunk_0,doc_06503_e0b1294b
6786,6786,doc_06504_31f8924f_chunk_0,doc_06504_31f8924f
6787,6787,doc_06505_fed6e5d5_chunk_0,doc_06505_fed6e5d5
6788,6788,doc_06506_ee0b97ae_chunk_0,doc_06506_ee0b97ae
6789,6789,doc_06507_cf2ce038_chunk_0,doc_06507_cf2ce038
6790,6790,doc_06508_6e302699_chunk_0,doc_06508_6e302699
6791,6791,doc_06509_fe027f66_chunk_0,doc_06509_fe027f66
6792,6792,doc_06510_cfab0f62_chunk_0,doc_06510_cfab0f62
6793,6793,doc_06511_c9d73e92_chunk_0,doc_06511_c9d73e92
6794,6794,doc_06512_a1fc82af_chunk_0,doc_06512_a1fc82af
6795,6795,doc_06513_199e2acc_chunk_0,doc_06513_199e2acc
6796,6796,doc_06514_6d7a4c2c_chunk_0,doc_06514_6d7a4c2c
6797,6797,doc_06515_9cdeb710_chunk_0,doc_06515_9cdeb710
6798,6798,doc_06516_eec45023_chunk_0,doc_06516_eec45023
6799,6799,doc_06517_0df07c99_chunk_0,doc_06517_0df07c99
6800,6800,doc_06518_f688f3cd_chunk_0,doc_06518_f688f3cd
6801,6801,doc_06519_d79cfd2c_chunk_0,doc_06519_d79cfd2c
6802,6802,doc_06520_9491a4c7_chunk_0,doc_06520_9491a4c7
6803,6803,doc_06521_afd9f701_chunk_0,doc_06521_afd9f701
6804,6804,doc_06522_059e6a45_chunk_0,doc_06522_059e6a45
6805,6805,doc_06523_0d4d17f4_chunk_0,doc_06523_0d4d17f4
6806,6806,doc_06524_80c7e692_chunk_0,doc_06524_80c7e692
6807,6807,doc_06525_69c6e405_chunk_0,doc_06525_69c6e405
6808,6808,doc_06526_7f70fa8c_chunk_0,doc_06526_7f70fa8c
6809,6809,doc_06527_406302ac_chunk_0,doc_06527_406302ac
6810,6810,doc_06528_f25dc17e_chunk_0,doc_06528_f25dc17e
6811,6811,doc_06529_22215d97_chunk_0,doc_06529_22215d97
6812,6812,doc_06530_1b2eb522_chunk_0,doc_06530_1b2eb522
6813,6813,doc_06531_c3217aea_chunk_0,doc_06531_c3217aea
6814,6814,doc_06532_801b1cb6_chunk_0,doc_06532_801b1cb6
6815,6815,doc_06533_4fc0c0ce_chunk_0,doc_06533_4fc0c0ce
6816,6816,doc_06534_8a60ba55_chunk_0,doc_06534_8a60ba55
6817,6817,doc_06535_d12b09bb_chunk_0,doc_06535_d12b09bb
6818,6818,doc_06536_533bba71_chunk_0,doc_06536_533bba71
6819,6819,doc_06537_efa9959f_chunk_0,doc_06537_efa9959f
6820,6820,doc_06538_34ddd4b4_chunk_0,doc_06538_34ddd4b4
6821,6821,doc_06539_0404a248_chunk_0,doc_06539_0404a248
6822,6822,doc_06540_5d04280f_chunk_0,doc_06540_5d04280f
6823,6823,doc_06541_1b8929a2_chunk_0,doc_06541_1b8929a2
6824,6824,doc_06542_7b167ba1_chunk_0,doc_06542_7b167ba1
6825,6825,doc_06543_d0164109_chunk_0,doc_06543_d0164109
6826,6826,doc_06544_1077ed35_chunk_0,doc_06544_1077ed35
6827,6827,doc_06545_f3dd4eb5_chunk_0,doc_06545_f3dd4eb5
6828,6828,doc_06546_e2499334_chunk_0,doc_06546_e2499334
6829,6829,doc_06547_8ce88a0f_chunk_0,doc_06547_8ce88a0f
6830,6830,doc_06548_f2405c86_chunk_0,doc_06548_f2405c86
6831,6831,doc_06549_94d5ad97_chunk_0,doc_06549_94d5ad97
6832,6832,doc_06550_309561db_chunk_0,doc_06550_309561db
6833,6833,doc_06550_309561db_chunk_1,doc_06550_309561db
6834,6834,doc_06551_963180b0_chunk_0,doc_06551_963180b0
6835,6835,doc_06552_cc83d9c1_chunk_0,doc_06552_cc83d9c1
6836,6836,doc_06553_a5b8bb3c_chunk_0,doc_06553_a5b8bb3c
6837,6837,doc_06554_7a51d42f_chunk_0,doc_06554_7a51d42f
6838,6838,doc_06554_7a51d42f_chunk_1,doc_06554_7a51d42f
6839,6839,doc_06555_a9d39388_chunk_0,doc_06555_a9d39388
6840,6840,doc_06556_e5231078_chunk_0,doc_06556_e5231078
6841,6841,doc_06557_cc4e3505_chunk_0,doc_06557_cc4e3505
6842,6842,doc_06558_7dba043c_chunk_0,doc_06558_7dba043c
6843,6843,doc_06559_542d8a54_chunk_0,doc_06559_542d8a54
6844,6844,doc_06560_448080bc_chunk_0,doc_06560_448080bc
6845,6845,doc_06561_eb8e1305_chunk_0,doc_06561_eb8e1305
6846,6846,doc_06562_606906be_chunk_0,doc_06562_606906be
6847,6847,doc_06563_4616f776_chunk_0,doc_06563_4616f776
6848,6848,doc_06564_dfa9fba9_chunk_0,doc_06564_dfa9fba9
6849,6849,doc_06565_142ae55e_chunk_0,doc_06565_142ae55e
6850,6850,doc_06566_dda7d79a_chunk_0,doc_06566_dda7d79a
6851,6851,doc_06567_e3dbc287_chunk_0,doc_06567_e3dbc287
6852,6852,doc_06568_610b3924_chunk_0,doc_06568_610b3924
6853,6853,doc_06569_14896449_chunk_0,doc_06569_14896449
6854,6854,doc_06570_9bdb65f8_chunk_0,doc_06570_9bdb65f8
6855,6855,doc_06571_0162517c_chunk_0,doc_06571_0162517c
6856,6856,doc_06572_bf826cdf_chunk_0,doc_06572_bf826cdf
6857,6857,doc_06573_d68cbcd1_chunk_0,doc_06573_d68cbcd1
6858,6858,doc_06574_76bf27f6_chunk_0,doc_06574_76bf27f6
6859,6859,doc_06575_b295c0c7_chunk_0,doc_06575_b295c0c7
6860,6860,doc_06576_001a6712_chunk_0,doc_06576_001a6712
6861,6861,doc_06577_f24ddb4f_chunk_0,doc_06577_f24ddb4f
6862,6862,doc_06578_c4536abd_chunk_0,doc_06578_c4536abd
6863,6863,doc_06579_ba00bcae_chunk_0,doc_06579_ba00bcae
6864,6864,doc_06580_4d81cfb9_chunk_0,doc_06580_4d81cfb9
6865,6865,doc_06581_06f4e793_chunk_0,doc_06581_06f4e793
6866,6866,doc_06582_0aadd2b5_chunk_0,doc_06582_0aadd2b5
6867,6867,doc_06583_64dd73ae_chunk_0,doc_06583_64dd73ae
6868,6868,doc_06584_a189a3b0_chunk_0,doc_06584_a189a3b0
6869,6869,doc_06585_7cf89f7a_chunk_0,doc_06585_7cf89f7a
6870,6870,doc_06586_955ba7e8_chunk_0,doc_06586_955ba7e8
6871,6871,doc_06587_d95fb0de_chunk_0,doc_06587_d95fb0de
6872,6872,doc_06588_5754dd3a_chunk_0,doc_06588_5754dd3a
6873,6873,doc_06589_056a76da_chunk_0,doc_06589_056a76da
6874,6874,doc_06590_c264d4b2_chunk_0,doc_06590_c264d4b2
6875,6875,doc_06591_b80632b6_chunk_0,doc_06591_b80632b6
6876,6876,doc_06592_f059a9d8_chunk_0,doc_06592_f059a9d8
6877,6877,doc_06593_f43f3937_chunk_0,doc_06593_f43f3937
6878,6878,doc_06594_3be2d68f_chunk_0,doc_06594_3be2d68f
6879,6879,doc_06595_eb610156_chunk_0,doc_06595_eb610156
6880,6880,doc_06596_f46b814e_chunk_0,doc_06596_f46b814e
6881,6881,doc_06597_95052217_chunk_0,doc_06597_95052217
6882,6882,doc_06598_a89ef276_chunk_0,doc_06598_a89ef276
6883,6883,doc_06599_2e0a123d_chunk_0,doc_06599_2e0a123d
6884,6884,doc_06600_64771916_chunk_0,doc_06600_64771916
6885,6885,doc_06601_6abeae2f_chunk_0,doc_06601_6abeae2f
6886,6886,doc_06602_b0a4d528_chunk_0,doc_06602_b0a4d528
6887,6887,doc_06603_d274115f_chunk_0,doc_06603_d274115f
6888,6888,doc_06604_277915f0_chunk_0,doc_06604_277915f0
6889,6889,doc_06605_48250c82_chunk_0,doc_06605_48250c82
6890,6890,doc_06606_3838b97f_chunk_0,doc_06606_3838b97f
6891,6891,doc_06607_c209eda5_chunk_0,doc_06607_c209eda5
6892,6892,doc_06608_6828d962_chunk_0,doc_06608_6828d962
6893,6893,doc_06609_0ceee0a5_chunk_0,doc_06609_0ceee0a5
6894,6894,doc_06610_e8cd0125_chunk_0,doc_06610_e8cd0125
6895,6895,doc_06611_bda7462b_chunk_0,doc_06611_bda7462b
6896,6896,doc_06612_04553599_chunk_0,doc_06612_04553599
6897,6897,doc_06613_4d423a56_chunk_0,doc_06613_4d423a56
6898,6898,doc_06614_c1c28f58_chunk_0,doc_06614_c1c28f58
6899,6899,doc_06615_c372aab0_chunk_0,doc_06615_c372aab0
6900,6900,doc_06616_c7ff5226_chunk_0,doc_06616_c7ff5226
6901,6901,doc_06617_03f26c46_chunk_0,doc_06617_03f26c46
6902,6902,doc_06618_b1e2d865_chunk_0,doc_06618_b1e2d865
6903,6903,doc_06619_ceb89145_chunk_0,doc_06619_ceb89145
6904,6904,doc_06620_e852aa88_chunk_0,doc_06620_e852aa88
6905,6905,doc_06621_df476ad3_chunk_0,doc_06621_df476ad3
6906,6906,doc_06622_9cda8bbb_chunk_0,doc_06622_9cda8bbb
6907,6907,doc_06623_54993e06_chunk_0,doc_06623_54993e06
6908,6908,doc_06624_e8b7e8e0_chunk_0,doc_06624_e8b7e8e0
6909,6909,doc_06625_9a4afae7_chunk_0,doc_06625_9a4afae7
6910,6910,doc_06626_a35146f4_chunk_0,doc_06626_a35146f4
6911,6911,doc_06627_b70736d2_chunk_0,doc_06627_b70736d2
6912,6912,doc_06628_1e2b3793_chunk_0,doc_06628_1e2b3793
6913,6913,doc_06629_8f22c797_chunk_0,doc_06629_8f22c797
6914,6914,doc_06630_1c7c2fc4_chunk_0,doc_06630_1c7c2fc4
6915,6915,doc_06631_e17de96a_chunk_0,doc_06631_e17de96a
6916,6916,doc_06632_c4d260aa_chunk_0,doc_06632_c4d260aa
6917,6917,doc_06633_270b1b24_chunk_0,doc_06633_270b1b24
6918,6918,doc_06634_ecacc959_chunk_0,doc_06634_ecacc959
6919,6919,doc_06635_68b78a45_chunk_0,doc_06635_68b78a45
6920,6920,doc_06636_6bfc164c_chunk_0,doc_06636_6bfc164c
6921,6921,doc_06637_6c8e0d92_chunk_0,doc_06637_6c8e0d92
6922,6922,doc_06638_855f2958_chunk_0,doc_06638_855f2958
6923,6923,doc_06639_4ec69075_chunk_0,doc_06639_4ec69075
6924,6924,doc_06640_c5d5fe32_chunk_0,doc_06640_c5d5fe32
6925,6925,doc_06641_9aecc67d_chunk_0,doc_06641_9aecc67d
6926,6926,doc_06642_368e5b84_chunk_0,doc_06642_368e5b84
6927,6927,doc_06643_09bad404_chunk_0,doc_06643_09bad404
6928,6928,doc_06644_94e273a2_chunk_0,doc_06644_94e273a2
6929,6929,doc_06645_13e1cf36_chunk_0,doc_06645_13e1cf36
6930,6930,doc_06646_939f210c_chunk_0,doc_06646_939f210c
6931,6931,doc_06647_2608323c_chunk_0,doc_06647_2608323c
6932,6932,doc_06648_14453f5e_chunk_0,doc_06648_14453f5e
6933,6933,doc_06649_e6b3fe1d_chunk_0,doc_06649_e6b3fe1d
6934,6934,doc_06650_eceb2d66_chunk_0,doc_06650_eceb2d66
6935,6935,doc_06651_2d7a2a68_chunk_0,doc_06651_2d7a2a68
6936,6936,doc_06652_6cf051e1_chunk_0,doc_06652_6cf051e1
6937,6937,doc_06653_4f56e22f_chunk_0,doc_06653_4f56e22f
6938,6938,doc_06654_624ceeec_chunk_0,doc_06654_624ceeec
6939,6939,doc_06655_11fab13a_chunk_0,doc_06655_11fab13a
6940,6940,doc_06656_7dc14010_chunk_0,doc_06656_7dc14010
6941,6941,doc_06657_5acec6a1_chunk_0,doc_06657_5acec6a1
6942,6942,doc_06658_22f802f4_chunk_0,doc_06658_22f802f4
6943,6943,doc_06659_b8005227_chunk_0,doc_06659_b8005227
6944,6944,doc_06660_a2cb107c_chunk_0,doc_06660_a2cb107c
6945,6945,doc_06661_5bda89a4_chunk_0,doc_06661_5bda89a4
6946,6946,doc_06662_ded03080_chunk_0,doc_06662_ded03080
6947,6947,doc_06663_eb39d4be_chunk_0,doc_06663_eb39d4be
6948,6948,doc_06664_ad987d87_chunk_0,doc_06664_ad987d87
6949,6949,doc_06665_bc0bb6b1_chunk_0,doc_06665_bc0bb6b1
6950,6950,doc_06666_ad71a31f_chunk_0,doc_06666_ad71a31f
6951,6951,doc_06667_af5f8196_chunk_0,doc_06667_af5f8196
6952,6952,doc_06668_83c059e9_chunk_0,doc_06668_83c059e9
6953,6953,doc_06669_3bd2740a_chunk_0,doc_06669_3bd2740a
6954,6954,doc_06670_f842f407_chunk_0,doc_06670_f842f407
6955,6955,doc_06671_3cd68dc2_chunk_0,doc_06671_3cd68dc2
6956,6956,doc_06672_881c6bed_chunk_0,doc_06672_881c6bed
6957,6957,doc_06673_6b619e6f_chunk_0,doc_06673_6b619e6f
6958,6958,doc_06674_63584a2c_chunk_0,doc_06674_63584a2c
6959,6959,doc_06675_0bb0d818_chunk_0,doc_06675_0bb0d818
6960,6960,doc_06676_6911d17f_chunk_0,doc_06676_6911d17f
6961,6961,doc_06677_841d1df8_chunk_0,doc_06677_841d1df8
6962,6962,doc_06678_2efb1cf2_chunk_0,doc_06678_2efb1cf2
6963,6963,doc_06679_30b96117_chunk_0,doc_06679_30b96117
6964,6964,doc_06679_30b96117_chunk_1,doc_06679_30b96117
6965,6965,doc_06680_04d8963c_chunk_0,doc_06680_04d8963c
6966,6966,doc_06681_33a0812b_chunk_0,doc_06681_33a0812b
6967,6967,doc_06682_9f1fb81a_chunk_0,doc_06682_9f1fb81a
6968,6968,doc_06683_e409bdd4_chunk_0,doc_06683_e409bdd4
6969,6969,doc_06684_e2fd0d1b_chunk_0,doc_06684_e2fd0d1b
6970,6970,doc_06685_50fe98c4_chunk_0,doc_06685_50fe98c4
6971,6971,doc_06686_c3c59bcf_chunk_0,doc_06686_c3c59bcf
6972,6972,doc_06687_22f2da32_chunk_0,doc_06687_22f2da32
6973,6973,doc_06688_01a7445c_chunk_0,doc_06688_01a7445c
6974,6974,doc_06689_e79aa018_chunk_0,doc_06689_e79aa018
6975,6975,doc_06690_86e0dd34_chunk_0,doc_06690_86e0dd34
6976,6976,doc_06691_2c45b8f0_chunk_0,doc_06691_2c45b8f0
6977,6977,doc_06692_0272905e_chunk_0,doc_06692_0272905e
6978,6978,doc_06693_f6b3738b_chunk_0,doc_06693_f6b3738b
6979,6979,doc_06694_26a6971c_chunk_0,doc_06694_26a6971c
6980,6980,doc_06695_b0d2f67e_chunk_0,doc_06695_b0d2f67e
6981,6981,doc_06696_f5366f03_chunk_0,doc_06696_f5366f03
6982,6982,doc_06697_ec9fc9e2_chunk_0,doc_06697_ec9fc9e2
6983,6983,doc_06698_5fe66eff_chunk_0,doc_06698_5fe66eff
6984,6984,doc_06699_54c5fb71_chunk_0,doc_06699_54c5fb71
6985,6985,doc_06700_afeedf1f_chunk_0,doc_06700_afeedf1f
6986,6986,doc_06701_ff69ae73_chunk_0,doc_06701_ff69ae73
6987,6987,doc_06702_14dfbf9c_chunk_0,doc_06702_14dfbf9c
6988,6988,doc_06703_4b23e0cd_chunk_0,doc_06703_4b23e0cd
6989,6989,doc_06704_cf82ef7d_chunk_0,doc_06704_cf82ef7d
6990,6990,doc_06705_3726e168_chunk_0,doc_06705_3726e168
6991,6991,doc_06706_980dc4f0_chunk_0,doc_06706_980dc4f0
6992,6992,doc_06707_8bf707df_chunk_0,doc_06707_8bf707df
6993,6993,doc_06708_c1ff7701_chunk_0,doc_06708_c1ff7701
6994,6994,doc_06709_58bca452_chunk_0,doc_06709_58bca452
6995,6995,doc_06710_d17118f3_chunk_0,doc_06710_d17118f3
6996,6996,doc_06711_2d594d43_chunk_0,doc_06711_2d594d43
6997,6997,doc_06712_0e419f45_chunk_0,doc_06712_0e419f45
6998,6998,doc_06713_c2362055_chunk_0,doc_06713_c2362055
6999,6999,doc_06714_5db0930e_chunk_0,doc_06714_5db0930e
7000,7000,doc_06715_51a80127_chunk_0,doc_06715_51a80127
7001,7001,doc_06716_ecea1e0d_chunk_0,doc_06716_ecea1e0d
7002,7002,doc_06717_cd50a5b1_chunk_0,doc_06717_cd50a5b1
7003,7003,doc_06718_3156c51f_chunk_0,doc_06718_3156c51f
7004,7004,doc_06719_ef870bac_chunk_0,doc_06719_ef870bac
7005,7005,doc_06720_3da414f9_chunk_0,doc_06720_3da414f9
7006,7006,doc_06721_a67936d0_chunk_0,doc_06721_a67936d0
7007,7007,doc_06722_38a6a409_chunk_0,doc_06722_38a6a409
7008,7008,doc_06723_66defcf5_chunk_0,doc_06723_66defcf5
7009,7009,doc_06724_c55caab3_chunk_0,doc_06724_c55caab3
7010,7010,doc_06725_ff282d91_chunk_0,doc_06725_ff282d91
7011,7011,doc_06726_084b5936_chunk_0,doc_06726_084b5936
7012,7012,doc_06727_8c51a323_chunk_0,doc_06727_8c51a323
7013,7013,doc_06728_7f9c49c9_chunk_0,doc_06728_7f9c49c9
7014,7014,doc_06729_9220396e_chunk_0,doc_06729_9220396e
7015,7015,doc_06730_119fc18a_chunk_0,doc_06730_119fc18a
7016,7016,doc_06731_fdca610e_chunk_0,doc_06731_fdca610e
7017,7017,doc_06732_4e317b8d_chunk_0,doc_06732_4e317b8d
7018,7018,doc_06733_f4d37b93_chunk_0,doc_06733_f4d37b93
7019,7019,doc_06734_d64b730a_chunk_0,doc_06734_d64b730a
7020,7020,doc_06735_bdde2607_chunk_0,doc_06735_bdde2607
7021,7021,doc_06736_2591b7ce_chunk_0,doc_06736_2591b7ce
7022,7022,doc_06737_09d4bae8_chunk_0,doc_06737_09d4bae8
7023,7023,doc_06738_60834fcf_chunk_0,doc_06738_60834fcf
7024,7024,doc_06739_673d4e7e_chunk_0,doc_06739_673d4e7e
7025,7025,doc_06740_151c37c4_chunk_0,doc_06740_151c37c4
7026,7026,doc_06741_08b3851d_chunk_0,doc_06741_08b3851d
7027,7027,doc_06742_fd434b10_chunk_0,doc_06742_fd434b10
7028,7028,doc_06743_d77fd806_chunk_0,doc_06743_d77fd806
7029,7029,doc_06744_faa9df76_chunk_0,doc_06744_faa9df76
7030,7030,doc_06745_fc0b3b4d_chunk_0,doc_06745_fc0b3b4d
7031,7031,doc_06746_21570b2d_chunk_0,doc_06746_21570b2d
7032,7032,doc_06747_d2e30dbb_chunk_0,doc_06747_d2e30dbb
7033,7033,doc_06748_2ca3f0f6_chunk_0,doc_06748_2ca3f0f6
7034,7034,doc_06749_d97cce6d_chunk_0,doc_06749_d97cce6d
7035,7035,doc_06750_1f84a1b9_chunk_0,doc_06750_1f84a1b9
7036,7036,doc_06751_d240c174_chunk_0,doc_06751_d240c174
7037,7037,doc_06752_5a9d15c5_chunk_0,doc_06752_5a9d15c5
7038,7038,doc_06753_34060b82_chunk_0,doc_06753_34060b82
7039,7039,doc_06754_b5ab4e35_chunk_0,doc_06754_b5ab4e35
7040,7040,doc_06755_5d157a21_chunk_0,doc_06755_5d157a21
7041,7041,doc_06756_7c13cfcb_chunk_0,doc_06756_7c13cfcb
7042,7042,doc_06757_7fb28317_chunk_0,doc_06757_7fb28317
7043,7043,doc_06758_070c6311_chunk_0,doc_06758_070c6311
7044,7044,doc_06759_c5dcd2e6_chunk_0,doc_06759_c5dcd2e6
7045,7045,doc_06760_56fb480a_chunk_0,doc_06760_56fb480a
7046,7046,doc_06761_50292d03_chunk_0,doc_06761_50292d03
7047,7047,doc_06762_92bdc560_chunk_0,doc_06762_92bdc560
7048,7048,doc_06763_d6795444_chunk_0,doc_06763_d6795444
7049,7049,doc_06764_7d53480d_chunk_0,doc_06764_7d53480d
7050,7050,doc_06765_e3d783c7_chunk_0,doc_06765_e3d783c7
7051,7051,doc_06766_14e4efc2_chunk_0,doc_06766_14e4efc2
7052,7052,doc_06767_52b684b2_chunk_0,doc_06767_52b684b2
7053,7053,doc_06768_b35a14af_chunk_0,doc_06768_b35a14af
7054,7054,doc_06769_ccad9bc0_chunk_0,doc_06769_ccad9bc0
7055,7055,doc_06770_1a45a33b_chunk_0,doc_06770_1a45a33b
7056,7056,doc_06771_29d74212_chunk_0,doc_06771_29d74212
7057,7057,doc_06772_b896b62d_chunk_0,doc_06772_b896b62d
7058,7058,doc_06773_0f809761_chunk_0,doc_06773_0f809761
7059,7059,doc_06774_6b7d8eec_chunk_0,doc_06774_6b7d8eec
7060,7060,doc_06775_31579254_chunk_0,doc_06775_31579254
7061,7061,doc_06776_4e990497_chunk_0,doc_06776_4e990497
7062,7062,doc_06777_0e35a059_chunk_0,doc_06777_0e35a059
7063,7063,doc_06778_86039893_chunk_0,doc_06778_86039893
7064,7064,doc_06779_21851833_chunk_0,doc_06779_21851833
7065,7065,doc_06780_67a19705_chunk_0,doc_06780_67a19705
7066,7066,doc_06781_00a04764_chunk_0,doc_06781_00a04764
7067,7067,doc_06782_6d97107e_chunk_0,doc_06782_6d97107e
7068,7068,doc_06783_0fce8d3b_chunk_0,doc_06783_0fce8d3b
7069,7069,doc_06784_5922f924_chunk_0,doc_06784_5922f924
7070,7070,doc_06785_57a6255f_chunk_0,doc_06785_57a6255f
7071,7071,doc_06786_68f7852c_chunk_0,doc_06786_68f7852c
7072,7072,doc_06787_b58be7f9_chunk_0,doc_06787_b58be7f9
7073,7073,doc_06788_37608b83_chunk_0,doc_06788_37608b83
7074,7074,doc_06789_8b8f304e_chunk_0,doc_06789_8b8f304e
7075,7075,doc_06790_4784b49d_chunk_0,doc_06790_4784b49d
7076,7076,doc_06791_dfb289c9_chunk_0,doc_06791_dfb289c9
7077,7077,doc_06792_0b1e3ba9_chunk_0,doc_06792_0b1e3ba9
7078,7078,doc_06793_11e7d01d_chunk_0,doc_06793_11e7d01d
7079,7079,doc_06794_e0e0f538_chunk_0,doc_06794_e0e0f538
7080,7080,doc_06795_049f47ff_chunk_0,doc_06795_049f47ff
7081,7081,doc_06796_027cd140_chunk_0,doc_06796_027cd140
7082,7082,doc_06797_ca1b51e3_chunk_0,doc_06797_ca1b51e3
7083,7083,doc_06798_fd3fe6f2_chunk_0,doc_06798_fd3fe6f2
7084,7084,doc_06799_90c34be0_chunk_0,doc_06799_90c34be0
7085,7085,doc_06800_a70dad7e_chunk_0,doc_06800_a70dad7e
7086,7086,doc_06801_45164201_chunk_0,doc_06801_45164201
7087,7087,doc_06802_d433d313_chunk_0,doc_06802_d433d313
7088,7088,doc_06803_45f2fd12_chunk_0,doc_06803_45f2fd12
7089,7089,doc_06804_16113c20_chunk_0,doc_06804_16113c20
7090,7090,doc_06805_e7ef0583_chunk_0,doc_06805_e7ef0583
7091,7091,doc_06806_d8ee1712_chunk_0,doc_06806_d8ee1712
7092,7092,doc_06807_bc3a76f1_chunk_0,doc_06807_bc3a76f1
7093,7093,doc_06808_fe87b544_chunk_0,doc_06808_fe87b544
7094,7094,doc_06809_acb7d023_chunk_0,doc_06809_acb7d023
7095,7095,doc_06810_df3c76f4_chunk_0,doc_06810_df3c76f4
7096,7096,doc_06811_54af7ed7_chunk_0,doc_06811_54af7ed7
7097,7097,doc_06812_c9728c9a_chunk_0,doc_06812_c9728c9a
7098,7098,doc_06813_2200108c_chunk_0,doc_06813_2200108c
7099,7099,doc_06814_77dcdd3d_chunk_0,doc_06814_77dcdd3d
7100,7100,doc_06815_e965ee4d_chunk_0,doc_06815_e965ee4d
7101,7101,doc_06816_67235035_chunk_0,doc_06816_67235035
7102,7102,doc_06817_05edced2_chunk_0,doc_06817_05edced2
7103,7103,doc_06818_bfb0f635_chunk_0,doc_06818_bfb0f635
7104,7104,doc_06819_4a89a7ba_chunk_0,doc_06819_4a89a7ba
7105,7105,doc_06820_a93ef8c2_chunk_0,doc_06820_a93ef8c2
7106,7106,doc_06821_ba808688_chunk_0,doc_06821_ba808688
7107,7107,doc_06822_43419586_chunk_0,doc_06822_43419586
7108,7108,doc_06823_64b88869_chunk_0,doc_06823_64b88869
7109,7109,doc_06824_90deb206_chunk_0,doc_06824_90deb206
7110,7110,doc_06825_ae67919a_chunk_0,doc_06825_ae67919a
7111,7111,doc_06826_96f5b066_chunk_0,doc_06826_96f5b066
7112,7112,doc_06827_1f8205c6_chunk_0,doc_06827_1f8205c6
7113,7113,doc_06828_4428eaeb_chunk_0,doc_06828_4428eaeb
7114,7114,doc_06829_4917e589_chunk_0,doc_06829_4917e589
7115,7115,doc_06830_fe2801e3_chunk_0,doc_06830_fe2801e3
7116,7116,doc_06831_14eb4ca9_chunk_0,doc_06831_14eb4ca9
7117,7117,doc_06832_5b32354f_chunk_0,doc_06832_5b32354f
7118,7118,doc_06833_361f6f6d_chunk_0,doc_06833_361f6f6d
7119,7119,doc_06834_c9b052b3_chunk_0,doc_06834_c9b052b3
7120,7120,doc_06835_2b8d44a6_chunk_0,doc_06835_2b8d44a6
7121,7121,doc_06836_fe5e0f68_chunk_0,doc_06836_fe5e0f68
7122,7122,doc_06837_cbb431b2_chunk_0,doc_06837_cbb431b2
7123,7123,doc_06838_6373cffe_chunk_0,doc_06838_6373cffe
7124,7124,doc_06839_da5ecb62_chunk_0,doc_06839_da5ecb62
7125,7125,doc_06840_0171897f_chunk_0,doc_06840_0171897f
7126,7126,doc_06841_ddbdd614_chunk_0,doc_06841_ddbdd614
7127,7127,doc_06842_124d730f_chunk_0,doc_06842_124d730f
7128,7128,doc_06843_1ba9f3f0_chunk_0,doc_06843_1ba9f3f0
7129,7129,doc_06844_adc64f9f_chunk_0,doc_06844_adc64f9f
7130,7130,doc_06845_7fa7f19d_chunk_0,doc_06845_7fa7f19d
7131,7131,doc_06846_bb346699_chunk_0,doc_06846_bb346699
7132,7132,doc_06847_f99a9eba_chunk_0,doc_06847_f99a9eba
7133,7133,doc_06848_14454034_chunk_0,doc_06848_14454034
7134,7134,doc_06849_91cc87ee_chunk_0,doc_06849_91cc87ee
7135,7135,doc_06850_fa4e23ab_chunk_0,doc_06850_fa4e23ab
7136,7136,doc_06851_4f323765_chunk_0,doc_06851_4f323765
7137,7137,doc_06852_73617a9c_chunk_0,doc_06852_73617a9c
7138,7138,doc_06853_ff1aa8d9_chunk_0,doc_06853_ff1aa8d9
7139,7139,doc_06854_ce06d1e8_chunk_0,doc_06854_ce06d1e8
7140,7140,doc_06855_a02c28fb_chunk_0,doc_06855_a02c28fb
7141,7141,doc_06856_175f28d8_chunk_0,doc_06856_175f28d8
7142,7142,doc_06857_9606cdca_chunk_0,doc_06857_9606cdca
7143,7143,doc_06858_a9eb93d5_chunk_0,doc_06858_a9eb93d5
7144,7144,doc_06859_7928191b_chunk_0,doc_06859_7928191b
7145,7145,doc_06860_7288cd63_chunk_0,doc_06860_7288cd63
7146,7146,doc_06861_e8735ac5_chunk_0,doc_06861_e8735ac5
7147,7147,doc_06862_644e9e94_chunk_0,doc_06862_644e9e94
7148,7148,doc_06863_dc1779be_chunk_0,doc_06863_dc1779be
7149,7149,doc_06864_e76121db_chunk_0,doc_06864_e76121db
7150,7150,doc_06865_a261c00f_chunk_0,doc_06865_a261c00f
7151,7151,doc_06866_1813480a_chunk_0,doc_06866_1813480a
7152,7152,doc_06867_6e39e219_chunk_0,doc_06867_6e39e219
7153,7153,doc_06868_ff764be7_chunk_0,doc_06868_ff764be7
7154,7154,doc_06869_b18ddce3_chunk_0,doc_06869_b18ddce3
7155,7155,doc_06870_0dd64e38_chunk_0,doc_06870_0dd64e38
7156,7156,doc_06871_c796be07_chunk_0,doc_06871_c796be07
7157,7157,doc_06872_a7fb6a3f_chunk_0,doc_06872_a7fb6a3f
7158,7158,doc_06873_0fcfb365_chunk_0,doc_06873_0fcfb365
7159,7159,doc_06874_f79cf1b7_chunk_0,doc_06874_f79cf1b7
7160,7160,doc_06875_a304127f_chunk_0,doc_06875_a304127f
7161,7161,doc_06876_1ff20ba0_chunk_0,doc_06876_1ff20ba0
7162,7162,doc_06877_2ca40d90_chunk_0,doc_06877_2ca40d90
7163,7163,doc_06878_c335cddd_chunk_0,doc_06878_c335cddd
7164,7164,doc_06879_b2948a50_chunk_0,doc_06879_b2948a50
7165,7165,doc_06880_76dc4a49_chunk_0,doc_06880_76dc4a49
7166,7166,doc_06881_e9a5585d_chunk_0,doc_06881_e9a5585d
7167,7167,doc_06882_18eb54fa_chunk_0,doc_06882_18eb54fa
7168,7168,doc_06883_7284256a_chunk_0,doc_06883_7284256a
7169,7169,doc_06884_8a2b5fdf_chunk_0,doc_06884_8a2b5fdf
7170,7170,doc_06885_08ae7b54_chunk_0,doc_06885_08ae7b54
7171,7171,doc_06886_b28b8ec2_chunk_0,doc_06886_b28b8ec2
7172,7172,doc_06887_ed7de35d_chunk_0,doc_06887_ed7de35d
7173,7173,doc_06888_06d6bfb0_chunk_0,doc_06888_06d6bfb0
7174,7174,doc_06889_a5ac97dd_chunk_0,doc_06889_a5ac97dd
7175,7175,doc_06890_ba4e7a40_chunk_0,doc_06890_ba4e7a40
7176,7176,doc_06891_d2f0cf28_chunk_0,doc_06891_d2f0cf28
7177,7177,doc_06892_de70e1c5_chunk_0,doc_06892_de70e1c5
7178,7178,doc_06893_856ba147_chunk_0,doc_06893_856ba147
7179,7179,doc_06894_a7eabad2_chunk_0,doc_06894_a7eabad2
7180,7180,doc_06895_ec7eb73c_chunk_0,doc_06895_ec7eb73c
7181,7181,doc_06896_c87ebc0b_chunk_0,doc_06896_c87ebc0b
7182,7182,doc_06897_67017054_chunk_0,doc_06897_67017054
7183,7183,doc_06898_760dde8a_chunk_0,doc_06898_760dde8a
7184,7184,doc_06899_c33a2741_chunk_0,doc_06899_c33a2741
7185,7185,doc_06900_429c92a5_chunk_0,doc_06900_429c92a5
7186,7186,doc_06901_3d453876_chunk_0,doc_06901_3d453876
7187,7187,doc_06902_d6141573_chunk_0,doc_06902_d6141573
7188,7188,doc_06903_a22525e7_chunk_0,doc_06903_a22525e7
7189,7189,doc_06904_d474dd3d_chunk_0,doc_06904_d474dd3d
7190,7190,doc_06905_56125cdf_chunk_0,doc_06905_56125cdf
7191,7191,doc_06906_10cccb30_chunk_0,doc_06906_10cccb30
7192,7192,doc_06907_ac696919_chunk_0,doc_06907_ac696919
7193,7193,doc_06908_e5fc62e6_chunk_0,doc_06908_e5fc62e6
7194,7194,doc_06909_98241eda_chunk_0,doc_06909_98241eda
7195,7195,doc_06910_35b5c851_chunk_0,doc_06910_35b5c851
7196,7196,doc_06911_fc3df51d_chunk_0,doc_06911_fc3df51d
7197,7197,doc_06912_97650aa1_chunk_0,doc_06912_97650aa1
7198,7198,doc_06913_bffc81ee_chunk_0,doc_06913_bffc81ee
7199,7199,doc_06914_aa2c6ae7_chunk_0,doc_06914_aa2c6ae7
7200,7200,doc_06915_3a6ce7f4_chunk_0,doc_06915_3a6ce7f4
7201,7201,doc_06916_5c60a39e_chunk_0,doc_06916_5c60a39e
7202,7202,doc_06917_0cc12935_chunk_0,doc_06917_0cc12935
7203,7203,doc_06918_c615ab39_chunk_0,doc_06918_c615ab39
7204,7204,doc_06918_c615ab39_chunk_1,doc_06918_c615ab39
7205,7205,doc_06919_921b4e92_chunk_0,doc_06919_921b4e92
7206,7206,doc_06920_f8175f86_chunk_0,doc_06920_f8175f86
7207,7207,doc_06921_5e73247e_chunk_0,doc_06921_5e73247e
7208,7208,doc_06922_27af78ff_chunk_0,doc_06922_27af78ff
7209,7209,doc_06923_6dee65dd_chunk_0,doc_06923_6dee65dd
7210,7210,doc_06924_56852dec_chunk_0,doc_06924_56852dec
7211,7211,doc_06925_59982c89_chunk_0,doc_06925_59982c89
7212,7212,doc_06926_21f0d420_chunk_0,doc_06926_21f0d420
7213,7213,doc_06927_2084bb80_chunk_0,doc_06927_2084bb80
7214,7214,doc_06928_969baf87_chunk_0,doc_06928_969baf87
7215,7215,doc_06929_f596530f_chunk_0,doc_06929_f596530f
7216,7216,doc_06930_27c055ed_chunk_0,doc_06930_27c055ed
7217,7217,doc_06931_962a1c73_chunk_0,doc_06931_962a1c73
7218,7218,doc_06932_2cd738ff_chunk_0,doc_06932_2cd738ff
7219,7219,doc_06933_fd19c98d_chunk_0,doc_06933_fd19c98d
7220,7220,doc_06934_3d39d1d6_chunk_0,doc_06934_3d39d1d6
7221,7221,doc_06935_3fbd4aea_chunk_0,doc_06935_3fbd4aea
7222,7222,doc_06936_d55a75dd_chunk_0,doc_06936_d55a75dd
7223,7223,doc_06937_4524dcf2_chunk_0,doc_06937_4524dcf2
7224,7224,doc_06938_58aa9016_chunk_0,doc_06938_58aa9016
7225,7225,doc_06939_7877a1b3_chunk_0,doc_06939_7877a1b3
7226,7226,doc_06940_28f41bc8_chunk_0,doc_06940_28f41bc8
7227,7227,doc_06941_7e5c5667_chunk_0,doc_06941_7e5c5667
7228,7228,doc_06942_be1dfff9_chunk_0,doc_06942_be1dfff9
7229,7229,doc_06943_d7e10200_chunk_0,doc_06943_d7e10200
7230,7230,doc_06944_f158be18_chunk_0,doc_06944_f158be18
7231,7231,doc_06945_513419ac_chunk_0,doc_06945_513419ac
7232,7232,doc_06946_4d69a544_chunk_0,doc_06946_4d69a544
7233,7233,doc_06947_f1fdd1c1_chunk_0,doc_06947_f1fdd1c1
7234,7234,doc_06948_536679c5_chunk_0,doc_06948_536679c5
7235,7235,doc_06949_d766c1ce_chunk_0,doc_06949_d766c1ce
7236,7236,doc_06950_d2ddab74_chunk_0,doc_06950_d2ddab74
7237,7237,doc_06951_1b49ace7_chunk_0,doc_06951_1b49ace7
7238,7238,doc_06952_a854add3_chunk_0,doc_06952_a854add3
7239,7239,doc_06953_066d802e_chunk_0,doc_06953_066d802e
7240,7240,doc_06954_308c0497_chunk_0,doc_06954_308c0497
7241,7241,doc_06955_99ae90e9_chunk_0,doc_06955_99ae90e9
7242,7242,doc_06956_d3ff5f5d_chunk_0,doc_06956_d3ff5f5d
7243,7243,doc_06957_7129b643_chunk_0,doc_06957_7129b643
7244,7244,doc_06958_13af5af9_chunk_0,doc_06958_13af5af9
7245,7245,doc_06959_8c00cdff_chunk_0,doc_06959_8c00cdff
7246,7246,doc_06960_d7f11792_chunk_0,doc_06960_d7f11792
7247,7247,doc_06961_f8eb655e_chunk_0,doc_06961_f8eb655e
7248,7248,doc_06962_c600118d_chunk_0,doc_06962_c600118d
7249,7249,doc_06963_c6a89410_chunk_0,doc_06963_c6a89410
7250,7250,doc_06964_c93026e6_chunk_0,doc_06964_c93026e6
7251,7251,doc_06965_d1e56ac4_chunk_0,doc_06965_d1e56ac4
7252,7252,doc_06966_6c038f42_chunk_0,doc_06966_6c038f42
7253,7253,doc_06967_0f5694c7_chunk_0,doc_06967_0f5694c7
7254,7254,doc_06968_1ddb31ce_chunk_0,doc_06968_1ddb31ce
7255,7255,doc_06969_6e3da713_chunk_0,doc_06969_6e3da713
7256,7256,doc_06970_ff54e89d_chunk_0,doc_06970_ff54e89d
7257,7257,doc_06971_573ae919_chunk_0,doc_06971_573ae919
7258,7258,doc_06972_6aebc3e1_chunk_0,doc_06972_6aebc3e1
7259,7259,doc_06973_fc68da57_chunk_0,doc_06973_fc68da57
7260,7260,doc_06974_2d9c331c_chunk_0,doc_06974_2d9c331c
7261,7261,doc_06975_ef1c86f5_chunk_0,doc_06975_ef1c86f5
7262,7262,doc_06976_e8e72fb5_chunk_0,doc_06976_e8e72fb5
7263,7263,doc_06977_c922dde3_chunk_0,doc_06977_c922dde3
7264,7264,doc_06978_fb01bbad_chunk_0,doc_06978_fb01bbad
7265,7265,doc_06979_ec290a10_chunk_0,doc_06979_ec290a10
7266,7266,doc_06980_852a4e45_chunk_0,doc_06980_852a4e45
7267,7267,doc_06981_f36e7feb_chunk_0,doc_06981_f36e7feb
7268,7268,doc_06982_713b8e7f_chunk_0,doc_06982_713b8e7f
7269,7269,doc_06983_c8a37e80_chunk_0,doc_06983_c8a37e80
7270,7270,doc_06984_6eee7b84_chunk_0,doc_06984_6eee7b84
7271,7271,doc_06985_85d724de_chunk_0,doc_06985_85d724de
7272,7272,doc_06986_e885880a_chunk_0,doc_06986_e885880a
7273,7273,doc_06987_e77be4bb_chunk_0,doc_06987_e77be4bb
7274,7274,doc_06988_8ce90e2c_chunk_0,doc_06988_8ce90e2c
7275,7275,doc_06989_cecab59c_chunk_0,doc_06989_cecab59c
7276,7276,doc_06990_5ee7d07c_chunk_0,doc_06990_5ee7d07c
7277,7277,doc_06991_da660c54_chunk_0,doc_06991_da660c54
7278,7278,doc_06992_2aff6e86_chunk_0,doc_06992_2aff6e86
7279,7279,doc_06993_08760b01_chunk_0,doc_06993_08760b01
7280,7280,doc_06994_a7e816ae_chunk_0,doc_06994_a7e816ae
7281,7281,doc_06995_98436cac_chunk_0,doc_06995_98436cac
7282,7282,doc_06996_f02cbb6a_chunk_0,doc_06996_f02cbb6a
7283,7283,doc_06997_7b7813a4_chunk_0,doc_06997_7b7813a4
7284,7284,doc_06998_3ff3a2b8_chunk_0,doc_06998_3ff3a2b8
7285,7285,doc_06999_7463328b_chunk_0,doc_06999_7463328b
7286,7286,doc_07000_17ef1707_chunk_0,doc_07000_17ef1707
7287,7287,doc_07001_0d5e4d4c_chunk_0,doc_07001_0d5e4d4c
7288,7288,doc_07002_2f4074f1_chunk_0,doc_07002_2f4074f1
7289,7289,doc_07003_a6b14edb_chunk_0,doc_07003_a6b14edb
7290,7290,doc_07004_701de4e3_chunk_0,doc_07004_701de4e3
7291,7291,doc_07005_f8dc5851_chunk_0,doc_07005_f8dc5851
7292,7292,doc_07006_a298d02f_chunk_0,doc_07006_a298d02f
7293,7293,doc_07007_774e02be_chunk_0,doc_07007_774e02be
7294,7294,doc_07008_46ec2229_chunk_0,doc_07008_46ec2229
7295,7295,doc_07009_7ed52f9e_chunk_0,doc_07009_7ed52f9e
7296,7296,doc_07010_df12e239_chunk_0,doc_07010_df12e239
7297,7297,doc_07011_82264c92_chunk_0,doc_07011_82264c92
7298,7298,doc_07012_febe79ff_chunk_0,doc_07012_febe79ff
7299,7299,doc_07013_cbd49582_chunk_0,doc_07013_cbd49582
7300,7300,doc_07014_99ae8946_chunk_0,doc_07014_99ae8946
7301,7301,doc_07015_a95d2e73_chunk_0,doc_07015_a95d2e73
7302,7302,doc_07016_be23a04f_chunk_0,doc_07016_be23a04f
7303,7303,doc_07017_3539ec27_chunk_0,doc_07017_3539ec27
7304,7304,doc_07018_0aaf44e9_chunk_0,doc_07018_0aaf44e9
7305,7305,doc_07019_ab05d530_chunk_0,doc_07019_ab05d530
7306,7306,doc_07020_c9dd296d_chunk_0,doc_07020_c9dd296d
7307,7307,doc_07021_5ace98ae_chunk_0,doc_07021_5ace98ae
7308,7308,doc_07022_59387c59_chunk_0,doc_07022_59387c59
7309,7309,doc_07023_d8840379_chunk_0,doc_07023_d8840379
7310,7310,doc_07024_12b2545d_chunk_0,doc_07024_12b2545d
7311,7311,doc_07025_9ce26944_chunk_0,doc_07025_9ce26944
7312,7312,doc_07026_c22b7a9d_chunk_0,doc_07026_c22b7a9d
7313,7313,doc_07027_fd94b4fa_chunk_0,doc_07027_fd94b4fa
7314,7314,doc_07028_a69e9865_chunk_0,doc_07028_a69e9865
7315,7315,doc_07029_1b4ec6d3_chunk_0,doc_07029_1b4ec6d3
7316,7316,doc_07030_b58f43a0_chunk_0,doc_07030_b58f43a0
7317,7317,doc_07031_7a1a0c02_chunk_0,doc_07031_7a1a0c02
7318,7318,doc_07032_ffa73fcf_chunk_0,doc_07032_ffa73fcf
7319,7319,doc_07033_b8ab11ce_chunk_0,doc_07033_b8ab11ce
7320,7320,doc_07034_871a4d67_chunk_0,doc_07034_871a4d67
7321,7321,doc_07035_0f63054b_chunk_0,doc_07035_0f63054b
7322,7322,doc_07036_c2d9dc81_chunk_0,doc_07036_c2d9dc81
7323,7323,doc_07037_69825927_chunk_0,doc_07037_69825927
7324,7324,doc_07038_8851941c_chunk_0,doc_07038_8851941c
7325,7325,doc_07039_be1e020e_chunk_0,doc_07039_be1e020e
7326,7326,doc_07040_60e136c2_chunk_0,doc_07040_60e136c2
7327,7327,doc_07041_b2b0f86c_chunk_0,doc_07041_b2b0f86c
7328,7328,doc_07042_ffef0338_chunk_0,doc_07042_ffef0338
7329,7329,doc_07043_c6b61e62_chunk_0,doc_07043_c6b61e62
7330,7330,doc_07044_7e48370b_chunk_0,doc_07044_7e48370b
7331,7331,doc_07045_fc983a47_chunk_0,doc_07045_fc983a47
7332,7332,doc_07046_f6bed4e7_chunk_0,doc_07046_f6bed4e7
7333,7333,doc_07047_bf0b324b_chunk_0,doc_07047_bf0b324b
7334,7334,doc_07048_8bcd07ac_chunk_0,doc_07048_8bcd07ac
7335,7335,doc_07049_37504a85_chunk_0,doc_07049_37504a85
7336,7336,doc_07050_84fa6383_chunk_0,doc_07050_84fa6383
7337,7337,doc_07051_52f4a564_chunk_0,doc_07051_52f4a564
7338,7338,doc_07052_847d7437_chunk_0,doc_07052_847d7437
7339,7339,doc_07053_36b80864_chunk_0,doc_07053_36b80864
7340,7340,doc_07054_824ccd91_chunk_0,doc_07054_824ccd91
7341,7341,doc_07055_85af0d60_chunk_0,doc_07055_85af0d60
7342,7342,doc_07056_bf40991c_chunk_0,doc_07056_bf40991c
7343,7343,doc_07057_4cae945a_chunk_0,doc_07057_4cae945a
7344,7344,doc_07058_b21e63f2_chunk_0,doc_07058_b21e63f2
7345,7345,doc_07059_210e26a9_chunk_0,doc_07059_210e26a9
7346,7346,doc_07060_e9e9b5e9_chunk_0,doc_07060_e9e9b5e9
7347,7347,doc_07061_9f76f890_chunk_0,doc_07061_9f76f890
7348,7348,doc_07062_8e2782ef_chunk_0,doc_07062_8e2782ef
7349,7349,doc_07063_90c6100a_chunk_0,doc_07063_90c6100a
7350,7350,doc_07064_2db66dca_chunk_0,doc_07064_2db66dca
7351,7351,doc_07065_dbf0f2f6_chunk_0,doc_07065_dbf0f2f6
7352,7352,doc_07066_57660e22_chunk_0,doc_07066_57660e22
7353,7353,doc_07067_6db541cc_chunk_0,doc_07067_6db541cc
7354,7354,doc_07068_6014eb3d_chunk_0,doc_07068_6014eb3d
7355,7355,doc_07069_458c5235_chunk_0,doc_07069_458c5235
7356,7356,doc_07070_6321b439_chunk_0,doc_07070_6321b439
7357,7357,doc_07071_6bb834ff_chunk_0,doc_07071_6bb834ff
7358,7358,doc_07072_20f41c1d_chunk_0,doc_07072_20f41c1d
7359,7359,doc_07073_a562fb90_chunk_0,doc_07073_a562fb90
7360,7360,doc_07074_b577a332_chunk_0,doc_07074_b577a332
7361,7361,doc_07075_16dca35e_chunk_0,doc_07075_16dca35e
7362,7362,doc_07076_b55eb98b_chunk_0,doc_07076_b55eb98b
7363,7363,doc_07077_805f2caa_chunk_0,doc_07077_805f2caa
7364,7364,doc_07078_7c507715_chunk_0,doc_07078_7c507715
7365,7365,doc_07079_12954dd0_chunk_0,doc_07079_12954dd0
7366,7366,doc_07080_ea071825_chunk_0,doc_07080_ea071825
7367,7367,doc_07081_eb6e510b_chunk_0,doc_07081_eb6e510b
7368,7368,doc_07082_ba06bdf3_chunk_0,doc_07082_ba06bdf3
7369,7369,doc_07083_e6ae50c0_chunk_0,doc_07083_e6ae50c0
7370,7370,doc_07084_d05665a7_chunk_0,doc_07084_d05665a7
7371,7371,doc_07085_40dd1db2_chunk_0,doc_07085_40dd1db2
7372,7372,doc_07086_d31bed20_chunk_0,doc_07086_d31bed20
7373,7373,doc_07087_a550e948_chunk_0,doc_07087_a550e948
7374,7374,doc_07088_efbd52dc_chunk_0,doc_07088_efbd52dc
7375,7375,doc_07089_3ceafb1a_chunk_0,doc_07089_3ceafb1a
7376,7376,doc_07090_85f1b978_chunk_0,doc_07090_85f1b978
7377,7377,doc_07091_56d35bea_chunk_0,doc_07091_56d35bea
7378,7378,doc_07092_ad4350b3_chunk_0,doc_07092_ad4350b3
7379,7379,doc_07093_d6ff2ad2_chunk_0,doc_07093_d6ff2ad2
7380,7380,doc_07094_2370b2ac_chunk_0,doc_07094_2370b2ac
7381,7381,doc_07095_d52e4050_chunk_0,doc_07095_d52e4050
7382,7382,doc_07096_a44ba6ba_chunk_0,doc_07096_a44ba6ba
7383,7383,doc_07097_0bcfb9b7_chunk_0,doc_07097_0bcfb9b7
7384,7384,doc_07098_36c82174_chunk_0,doc_07098_36c82174
7385,7385,doc_07099_2b50b171_chunk_0,doc_07099_2b50b171
7386,7386,doc_07100_e1c2ebb8_chunk_0,doc_07100_e1c2ebb8
7387,7387,doc_07101_ce33bae1_chunk_0,doc_07101_ce33bae1
7388,7388,doc_07102_0a13e9a3_chunk_0,doc_07102_0a13e9a3
7389,7389,doc_07103_db1fbbc0_chunk_0,doc_07103_db1fbbc0
7390,7390,doc_07104_55be37fe_chunk_0,doc_07104_55be37fe
7391,7391,doc_07104_55be37fe_chunk_1,doc_07104_55be37fe
7392,7392,doc_07105_78d0fbdd_chunk_0,doc_07105_78d0fbdd
7393,7393,doc_07106_a7a2d3c1_chunk_0,doc_07106_a7a2d3c1
7394,7394,doc_07107_b97aeadf_chunk_0,doc_07107_b97aeadf
7395,7395,doc_07108_8943e0d0_chunk_0,doc_07108_8943e0d0
7396,7396,doc_07109_09fb04ab_chunk_0,doc_07109_09fb04ab
7397,7397,doc_07110_f195c43c_chunk_0,doc_07110_f195c43c
7398,7398,doc_07111_fd6d78a2_chunk_0,doc_07111_fd6d78a2
7399,7399,doc_07112_92bfb0ea_chunk_0,doc_07112_92bfb0ea
7400,7400,doc_07113_a972da5c_chunk_0,doc_07113_a972da5c
7401,7401,doc_07114_3f69fb28_chunk_0,doc_07114_3f69fb28
7402,7402,doc_07115_5961772a_chunk_0,doc_07115_5961772a
7403,7403,doc_07116_1d7d145f_chunk_0,doc_07116_1d7d145f
7404,7404,doc_07117_b308bbcb_chunk_0,doc_07117_b308bbcb
7405,7405,doc_07118_e1119b2f_chunk_0,doc_07118_e1119b2f
7406,7406,doc_07119_8df35515_chunk_0,doc_07119_8df35515
7407,7407,doc_07120_35af3d23_chunk_0,doc_07120_35af3d23
7408,7408,doc_07121_384fa11d_chunk_0,doc_07121_384fa11d
7409,7409,doc_07122_e69a4cfe_chunk_0,doc_07122_e69a4cfe
7410,7410,doc_07123_28f6ce7f_chunk_0,doc_07123_28f6ce7f
7411,7411,doc_07124_79274c85_chunk_0,doc_07124_79274c85
7412,7412,doc_07125_89366c8a_chunk_0,doc_07125_89366c8a
7413,7413,doc_07126_3f99c2b6_chunk_0,doc_07126_3f99c2b6
7414,7414,doc_07127_0eab2f24_chunk_0,doc_07127_0eab2f24
7415,7415,doc_07128_f930ac3b_chunk_0,doc_07128_f930ac3b
7416,7416,doc_07129_e64dc4f6_chunk_0,doc_07129_e64dc4f6
7417,7417,doc_07130_9f4d7172_chunk_0,doc_07130_9f4d7172
7418,7418,doc_07131_bc44c007_chunk_0,doc_07131_bc44c007
7419,7419,doc_07132_b5436b3f_chunk_0,doc_07132_b5436b3f
7420,7420,doc_07133_28c54345_chunk_0,doc_07133_28c54345
7421,7421,doc_07134_385d48fe_chunk_0,doc_07134_385d48fe
7422,7422,doc_07135_e72903a0_chunk_0,doc_07135_e72903a0
7423,7423,doc_07136_3e76726c_chunk_0,doc_07136_3e76726c
7424,7424,doc_07137_67f8274a_chunk_0,doc_07137_67f8274a
7425,7425,doc_07138_3bac0de2_chunk_0,doc_07138_3bac0de2
7426,7426,doc_07139_d226a427_chunk_0,doc_07139_d226a427
7427,7427,doc_07140_4b1f3669_chunk_0,doc_07140_4b1f3669
7428,7428,doc_07141_7a44aa40_chunk_0,doc_07141_7a44aa40
7429,7429,doc_07142_e7944555_chunk_0,doc_07142_e7944555
7430,7430,doc_07143_8e4476a6_chunk_0,doc_07143_8e4476a6
7431,7431,doc_07144_d1ce8b18_chunk_0,doc_07144_d1ce8b18
7432,7432,doc_07145_4c01a0e9_chunk_0,doc_07145_4c01a0e9
7433,7433,doc_07146_ec505b7c_chunk_0,doc_07146_ec505b7c
7434,7434,doc_07147_167ee8ef_chunk_0,doc_07147_167ee8ef
7435,7435,doc_07148_e5255810_chunk_0,doc_07148_e5255810
7436,7436,doc_07149_c442e98f_chunk_0,doc_07149_c442e98f
7437,7437,doc_07150_e4d2bf6d_chunk_0,doc_07150_e4d2bf6d
7438,7438,doc_07151_17208a17_chunk_0,doc_07151_17208a17
7439,7439,doc_07152_81c1c7bd_chunk_0,doc_07152_81c1c7bd
7440,7440,doc_07153_e14474b3_chunk_0,doc_07153_e14474b3
7441,7441,doc_07154_9e4e3f76_chunk_0,doc_07154_9e4e3f76
7442,7442,doc_07155_b8d1ae3c_chunk_0,doc_07155_b8d1ae3c
7443,7443,doc_07156_ee96a6a0_chunk_0,doc_07156_ee96a6a0
7444,7444,doc_07157_29c2b1eb_chunk_0,doc_07157_29c2b1eb
7445,7445,doc_07158_1e470538_chunk_0,doc_07158_1e470538
7446,7446,doc_07159_98502962_chunk_0,doc_07159_98502962
7447,7447,doc_07160_d57e678a_chunk_0,doc_07160_d57e678a
7448,7448,doc_07161_2e6f17cd_chunk_0,doc_07161_2e6f17cd
7449,7449,doc_07162_8903d907_chunk_0,doc_07162_8903d907
7450,7450,doc_07163_eb7d6dd9_chunk_0,doc_07163_eb7d6dd9
7451,7451,doc_07164_a7ac29a9_chunk_0,doc_07164_a7ac29a9
7452,7452,doc_07165_81eb25ad_chunk_0,doc_07165_81eb25ad
7453,7453,doc_07166_98d3926d_chunk_0,doc_07166_98d3926d
7454,7454,doc_07167_492d2164_chunk_0,doc_07167_492d2164
7455,7455,doc_07168_b4652bfb_chunk_0,doc_07168_b4652bfb
7456,7456,doc_07169_ec670386_chunk_0,doc_07169_ec670386
7457,7457,doc_07170_d30e9766_chunk_0,doc_07170_d30e9766
7458,7458,doc_07171_34f613a2_chunk_0,doc_07171_34f613a2
7459,7459,doc_07172_bb134cd5_chunk_0,doc_07172_bb134cd5
7460,7460,doc_07173_5e707339_chunk_0,doc_07173_5e707339
7461,7461,doc_07174_4ac0fd53_chunk_0,doc_07174_4ac0fd53
7462,7462,doc_07175_95060cda_chunk_0,doc_07175_95060cda
7463,7463,doc_07176_8a1487d1_chunk_0,doc_07176_8a1487d1
7464,7464,doc_07177_089b870f_chunk_0,doc_07177_089b870f
7465,7465,doc_07178_e38af31c_chunk_0,doc_07178_e38af31c
7466,7466,doc_07179_ac7a6a92_chunk_0,doc_07179_ac7a6a92
7467,7467,doc_07180_2d6dffaa_chunk_0,doc_07180_2d6dffaa
7468,7468,doc_07181_04ed838e_chunk_0,doc_07181_04ed838e
7469,7469,doc_07182_065df654_chunk_0,doc_07182_065df654
7470,7470,doc_07183_4d3dc21e_chunk_0,doc_07183_4d3dc21e
7471,7471,doc_07184_60d473e4_chunk_0,doc_07184_60d473e4
7472,7472,doc_07185_8e924eae_chunk_0,doc_07185_8e924eae
7473,7473,doc_07186_031b2cee_chunk_0,doc_07186_031b2cee
7474,7474,doc_07187_ff66fe84_chunk_0,doc_07187_ff66fe84
7475,7475,doc_07188_89b5ed0e_chunk_0,doc_07188_89b5ed0e
7476,7476,doc_07189_28c5438c_chunk_0,doc_07189_28c5438c
7477,7477,doc_07190_ab19a5e9_chunk_0,doc_07190_ab19a5e9
7478,7478,doc_07191_33aeb845_chunk_0,doc_07191_33aeb845
7479,7479,doc_07192_194a5847_chunk_0,doc_07192_194a5847
7480,7480,doc_07193_f03c7de6_chunk_0,doc_07193_f03c7de6
7481,7481,doc_07194_f3647e48_chunk_0,doc_07194_f3647e48
7482,7482,doc_07195_7c1fa7d7_chunk_0,doc_07195_7c1fa7d7
7483,7483,doc_07196_6fc7b741_chunk_0,doc_07196_6fc7b741
7484,7484,doc_07197_432e525b_chunk_0,doc_07197_432e525b
7485,7485,doc_07198_8dee1a2d_chunk_0,doc_07198_8dee1a2d
7486,7486,doc_07199_a2ebe1c5_chunk_0,doc_07199_a2ebe1c5
7487,7487,doc_07200_8961c5dd_chunk_0,doc_07200_8961c5dd
7488,7488,doc_07201_f624609a_chunk_0,doc_07201_f624609a
7489,7489,doc_07202_9ce076d0_chunk_0,doc_07202_9ce076d0
7490,7490,doc_07203_355a3598_chunk_0,doc_07203_355a3598
7491,7491,doc_07204_50ffc691_chunk_0,doc_07204_50ffc691
7492,7492,doc_07205_8fcb0032_chunk_0,doc_07205_8fcb0032
7493,7493,doc_07206_88ee92d9_chunk_0,doc_07206_88ee92d9
7494,7494,doc_07207_0df9402e_chunk_0,doc_07207_0df9402e
7495,7495,doc_07208_778db4cb_chunk_0,doc_07208_778db4cb
7496,7496,doc_07209_9c14bc98_chunk_0,doc_07209_9c14bc98
7497,7497,doc_07210_3fb7efb2_chunk_0,doc_07210_3fb7efb2
7498,7498,doc_07211_0fb4d13a_chunk_0,doc_07211_0fb4d13a
7499,7499,doc_07212_825f0566_chunk_0,doc_07212_825f0566
7500,7500,doc_07213_94f0bd25_chunk_0,doc_07213_94f0bd25
7501,7501,doc_07214_17332042_chunk_0,doc_07214_17332042
7502,7502,doc_07215_7801f474_chunk_0,doc_07215_7801f474
7503,7503,doc_07216_ea11b33e_chunk_0,doc_07216_ea11b33e
7504,7504,doc_07217_1fbc16c3_chunk_0,doc_07217_1fbc16c3
7505,7505,doc_07218_70af2701_chunk_0,doc_07218_70af2701
7506,7506,doc_07219_649ae97c_chunk_0,doc_07219_649ae97c
7507,7507,doc_07220_11f2bef9_chunk_0,doc_07220_11f2bef9
7508,7508,doc_07221_1d663cf1_chunk_0,doc_07221_1d663cf1
7509,7509,doc_07222_40fbdc11_chunk_0,doc_07222_40fbdc11
7510,7510,doc_07223_550069a2_chunk_0,doc_07223_550069a2
7511,7511,doc_07224_15f22467_chunk_0,doc_07224_15f22467
7512,7512,doc_07225_41836e30_chunk_0,doc_07225_41836e30
7513,7513,doc_07226_9f893215_chunk_0,doc_07226_9f893215
7514,7514,doc_07227_0d9c1acb_chunk_0,doc_07227_0d9c1acb
7515,7515,doc_07228_ac7c8391_chunk_0,doc_07228_ac7c8391
7516,7516,doc_07228_ac7c8391_chunk_1,doc_07228_ac7c8391
7517,7517,doc_07229_2132f13f_chunk_0,doc_07229_2132f13f
7518,7518,doc_07230_71c98b1f_chunk_0,doc_07230_71c98b1f
7519,7519,doc_07231_8e969e0a_chunk_0,doc_07231_8e969e0a
7520,7520,doc_07232_8583299b_chunk_0,doc_07232_8583299b
7521,7521,doc_07233_4102a570_chunk_0,doc_07233_4102a570
7522,7522,doc_07234_575362f9_chunk_0,doc_07234_575362f9
7523,7523,doc_07235_3b0823bf_chunk_0,doc_07235_3b0823bf
7524,7524,doc_07236_e3aa972f_chunk_0,doc_07236_e3aa972f
7525,7525,doc_07237_56e0f32e_chunk_0,doc_07237_56e0f32e
7526,7526,doc_07238_1650406e_chunk_0,doc_07238_1650406e
7527,7527,doc_07239_4916061d_chunk_0,doc_07239_4916061d
7528,7528,doc_07240_a9a31bbf_chunk_0,doc_07240_a9a31bbf
7529,7529,doc_07241_66dbf89d_chunk_0,doc_07241_66dbf89d
7530,7530,doc_07242_203e3163_chunk_0,doc_07242_203e3163
7531,7531,doc_07243_9e45e38e_chunk_0,doc_07243_9e45e38e
7532,7532,doc_07244_6fe3df6b_chunk_0,doc_07244_6fe3df6b
7533,7533,doc_07245_a1ff2a9f_chunk_0,doc_07245_a1ff2a9f
7534,7534,doc_07246_a728532a_chunk_0,doc_07246_a728532a
7535,7535,doc_07247_91b4be01_chunk_0,doc_07247_91b4be01
7536,7536,doc_07248_2071634d_chunk_0,doc_07248_2071634d
7537,7537,doc_07249_ecaec6b7_chunk_0,doc_07249_ecaec6b7
7538,7538,doc_07250_c6c093cb_chunk_0,doc_07250_c6c093cb
7539,7539,doc_07251_568b61cd_chunk_0,doc_07251_568b61cd
7540,7540,doc_07252_38dd92bf_chunk_0,doc_07252_38dd92bf
7541,7541,doc_07253_750f4557_chunk_0,doc_07253_750f4557
7542,7542,doc_07254_043553a3_chunk_0,doc_07254_043553a3
7543,7543,doc_07255_8fbec2ea_chunk_0,doc_07255_8fbec2ea
7544,7544,doc_07256_e2e6bf95_chunk_0,doc_07256_e2e6bf95
7545,7545,doc_07257_0818da23_chunk_0,doc_07257_0818da23
7546,7546,doc_07258_2755893f_chunk_0,doc_07258_2755893f
7547,7547,doc_07259_e33b9347_chunk_0,doc_07259_e33b9347
7548,7548,doc_07260_dfe8572b_chunk_0,doc_07260_dfe8572b
7549,7549,doc_07261_bceb5243_chunk_0,doc_07261_bceb5243
7550,7550,doc_07262_4fb87809_chunk_0,doc_07262_4fb87809
7551,7551,doc_07263_ae6cdef0_chunk_0,doc_07263_ae6cdef0
7552,7552,doc_07264_1fbba8a2_chunk_0,doc_07264_1fbba8a2
7553,7553,doc_07265_6aaa8d0d_chunk_0,doc_07265_6aaa8d0d
7554,7554,doc_07266_29011e2a_chunk_0,doc_07266_29011e2a
7555,7555,doc_07267_7edc73c1_chunk_0,doc_07267_7edc73c1
7556,7556,doc_07268_06a18802_chunk_0,doc_07268_06a18802
7557,7557,doc_07269_6b5c7289_chunk_0,doc_07269_6b5c7289
7558,7558,doc_07270_8494044d_chunk_0,doc_07270_8494044d
7559,7559,doc_07271_7710b968_chunk_0,doc_07271_7710b968
7560,7560,doc_07272_5e064a7e_chunk_0,doc_07272_5e064a7e
7561,7561,doc_07273_ef9211bf_chunk_0,doc_07273_ef9211bf
7562,7562,doc_07274_9e413efe_chunk_0,doc_07274_9e413efe
7563,7563,doc_07274_9e413efe_chunk_1,doc_07274_9e413efe
7564,7564,doc_07275_8df1f9d3_chunk_0,doc_07275_8df1f9d3
7565,7565,doc_07276_4849263a_chunk_0,doc_07276_4849263a
7566,7566,doc_07277_6d508b26_chunk_0,doc_07277_6d508b26
7567,7567,doc_07278_67dff215_chunk_0,doc_07278_67dff215
7568,7568,doc_07279_589ddc47_chunk_0,doc_07279_589ddc47
7569,7569,doc_07280_2f83467b_chunk_0,doc_07280_2f83467b
7570,7570,doc_07281_502cbaa3_chunk_0,doc_07281_502cbaa3
7571,7571,doc_07282_b350c5dc_chunk_0,doc_07282_b350c5dc
7572,7572,doc_07283_02f34813_chunk_0,doc_07283_02f34813
7573,7573,doc_07284_082f9ec0_chunk_0,doc_07284_082f9ec0
7574,7574,doc_07285_871a84e5_chunk_0,doc_07285_871a84e5
7575,7575,doc_07286_6d8d1025_chunk_0,doc_07286_6d8d1025
7576,7576,doc_07287_bc79b309_chunk_0,doc_07287_bc79b309
7577,7577,doc_07288_eb2e7dfe_chunk_0,doc_07288_eb2e7dfe
7578,7578,doc_07289_708138ef_chunk_0,doc_07289_708138ef
7579,7579,doc_07290_08167b11_chunk_0,doc_07290_08167b11
7580,7580,doc_07291_f246468e_chunk_0,doc_07291_f246468e
7581,7581,doc_07292_0c8d0211_chunk_0,doc_07292_0c8d0211
7582,7582,doc_07293_9f9a58e9_chunk_0,doc_07293_9f9a58e9
7583,7583,doc_07294_d35552eb_chunk_0,doc_07294_d35552eb
7584,7584,doc_07295_ec10afb1_chunk_0,doc_07295_ec10afb1
7585,7585,doc_07296_8abf22b9_chunk_0,doc_07296_8abf22b9
7586,7586,doc_07297_3758a556_chunk_0,doc_07297_3758a556
7587,7587,doc_07298_870da035_chunk_0,doc_07298_870da035
7588,7588,doc_07299_c90bac30_chunk_0,doc_07299_c90bac30
7589,7589,doc_07300_4ff7407e_chunk_0,doc_07300_4ff7407e
7590,7590,doc_07301_ec4c2834_chunk_0,doc_07301_ec4c2834
7591,7591,doc_07302_409ebc33_chunk_0,doc_07302_409ebc33
7592,7592,doc_07303_7b57fc24_chunk_0,doc_07303_7b57fc24
7593,7593,doc_07304_865ad014_chunk_0,doc_07304_865ad014
7594,7594,doc_07305_d4fb2c09_chunk_0,doc_07305_d4fb2c09
7595,7595,doc_07306_495b9e45_chunk_0,doc_07306_495b9e45
7596,7596,doc_07307_18ad6ea2_chunk_0,doc_07307_18ad6ea2
7597,7597,doc_07308_51b1e3ac_chunk_0,doc_07308_51b1e3ac
7598,7598,doc_07309_76d75348_chunk_0,doc_07309_76d75348
7599,7599,doc_07310_88e10fbe_chunk_0,doc_07310_88e10fbe
7600,7600,doc_07311_c16bd3e8_chunk_0,doc_07311_c16bd3e8
7601,7601,doc_07312_81029e21_chunk_0,doc_07312_81029e21
7602,7602,doc_07313_330a8168_chunk_0,doc_07313_330a8168
7603,7603,doc_07314_a5130437_chunk_0,doc_07314_a5130437
7604,7604,doc_07315_5a3ac298_chunk_0,doc_07315_5a3ac298
7605,7605,doc_07316_d1d5cc97_chunk_0,doc_07316_d1d5cc97
7606,7606,doc_07317_16110fea_chunk_0,doc_07317_16110fea
7607,7607,doc_07317_16110fea_chunk_1,doc_07317_16110fea
7608,7608,doc_07317_16110fea_chunk_2,doc_07317_16110fea
7609,7609,doc_07318_4c9ce8c7_chunk_0,doc_07318_4c9ce8c7
7610,7610,doc_07319_857436df_chunk_0,doc_07319_857436df
7611,7611,doc_07320_56d14297_chunk_0,doc_07320_56d14297
7612,7612,doc_07321_afede1a9_chunk_0,doc_07321_afede1a9
7613,7613,doc_07322_3bb949e5_chunk_0,doc_07322_3bb949e5
7614,7614,doc_07323_c7b7dca0_chunk_0,doc_07323_c7b7dca0
7615,7615,doc_07324_6dc9455c_chunk_0,doc_07324_6dc9455c
7616,7616,doc_07325_23861993_chunk_0,doc_07325_23861993
7617,7617,doc_07326_4a02ae65_chunk_0,doc_07326_4a02ae65
7618,7618,doc_07327_352c1e2b_chunk_0,doc_07327_352c1e2b
7619,7619,doc_07328_80349715_chunk_0,doc_07328_80349715
7620,7620,doc_07329_e6ffdd20_chunk_0,doc_07329_e6ffdd20
7621,7621,doc_07330_966809ab_chunk_0,doc_07330_966809ab
7622,7622,doc_07331_0e6a0767_chunk_0,doc_07331_0e6a0767
7623,7623,doc_07332_1b479ff5_chunk_0,doc_07332_1b479ff5
7624,7624,doc_07333_26d60807_chunk_0,doc_07333_26d60807
7625,7625,doc_07334_2bf502c9_chunk_0,doc_07334_2bf502c9
7626,7626,doc_07335_ca30bd15_chunk_0,doc_07335_ca30bd15
7627,7627,doc_07336_e488facc_chunk_0,doc_07336_e488facc
7628,7628,doc_07337_24826101_chunk_0,doc_07337_24826101
7629,7629,doc_07338_8b77b4ba_chunk_0,doc_07338_8b77b4ba
7630,7630,doc_07339_923af942_chunk_0,doc_07339_923af942
7631,7631,doc_07340_15f395d0_chunk_0,doc_07340_15f395d0
7632,7632,doc_07341_ee0a54bf_chunk_0,doc_07341_ee0a54bf
7633,7633,doc_07342_5953c8e7_chunk_0,doc_07342_5953c8e7
7634,7634,doc_07343_3754480b_chunk_0,doc_07343_3754480b
7635,7635,doc_07344_ca1f8fae_chunk_0,doc_07344_ca1f8fae
7636,7636,doc_07345_dc8d105e_chunk_0,doc_07345_dc8d105e
7637,7637,doc_07346_1a5445f7_chunk_0,doc_07346_1a5445f7
7638,7638,doc_07347_7903a89d_chunk_0,doc_07347_7903a89d
7639,7639,doc_07348_7189ede8_chunk_0,doc_07348_7189ede8
7640,7640,doc_07349_b03a80d7_chunk_0,doc_07349_b03a80d7
7641,7641,doc_07350_7e27b1cb_chunk_0,doc_07350_7e27b1cb
7642,7642,doc_07351_30e1d178_chunk_0,doc_07351_30e1d178
7643,7643,doc_07352_ec7a30c9_chunk_0,doc_07352_ec7a30c9
7644,7644,doc_07353_9fbda91a_chunk_0,doc_07353_9fbda91a
7645,7645,doc_07354_61dab1e4_chunk_0,doc_07354_61dab1e4
7646,7646,doc_07355_04e5ed56_chunk_0,doc_07355_04e5ed56
7647,7647,doc_07356_5793ab79_chunk_0,doc_07356_5793ab79
7648,7648,doc_07357_6e3e550b_chunk_0,doc_07357_6e3e550b
7649,7649,doc_07358_7cc4248f_chunk_0,doc_07358_7cc4248f
7650,7650,doc_07359_c5a12222_chunk_0,doc_07359_c5a12222
7651,7651,doc_07360_7017f9e7_chunk_0,doc_07360_7017f9e7
7652,7652,doc_07361_3d480c21_chunk_0,doc_07361_3d480c21
7653,7653,doc_07362_55b839c9_chunk_0,doc_07362_55b839c9
7654,7654,doc_07363_8ec07a2e_chunk_0,doc_07363_8ec07a2e
7655,7655,doc_07364_07c01b5f_chunk_0,doc_07364_07c01b5f
7656,7656,doc_07365_c51a5aa8_chunk_0,doc_07365_c51a5aa8
7657,7657,doc_07366_92cb7b21_chunk_0,doc_07366_92cb7b21
7658,7658,doc_07367_a70d2875_chunk_0,doc_07367_a70d2875
7659,7659,doc_07368_51b991c4_chunk_0,doc_07368_51b991c4
7660,7660,doc_07369_ec199cfc_chunk_0,doc_07369_ec199cfc
7661,7661,doc_07370_9ab5cec9_chunk_0,doc_07370_9ab5cec9
7662,7662,doc_07371_374995ec_chunk_0,doc_07371_374995ec
7663,7663,doc_07372_2f8934eb_chunk_0,doc_07372_2f8934eb
7664,7664,doc_07373_40b92a17_chunk_0,doc_07373_40b92a17
7665,7665,doc_07374_39ebf3a8_chunk_0,doc_07374_39ebf3a8
7666,7666,doc_07375_bcce05ed_chunk_0,doc_07375_bcce05ed
7667,7667,doc_07376_a4f829ce_chunk_0,doc_07376_a4f829ce
7668,7668,doc_07377_786c4de5_chunk_0,doc_07377_786c4de5
7669,7669,doc_07378_fdaff27b_chunk_0,doc_07378_fdaff27b
7670,7670,doc_07379_db6ad11c_chunk_0,doc_07379_db6ad11c
7671,7671,doc_07380_18e6c9f3_chunk_0,doc_07380_18e6c9f3
7672,7672,doc_07381_6920a106_chunk_0,doc_07381_6920a106
7673,7673,doc_07382_7418eec0_chunk_0,doc_07382_7418eec0
7674,7674,doc_07383_64176a4d_chunk_0,doc_07383_64176a4d
7675,7675,doc_07384_b10db29c_chunk_0,doc_07384_b10db29c
7676,7676,doc_07385_d93f4a98_chunk_0,doc_07385_d93f4a98
7677,7677,doc_07386_d9313936_chunk_0,doc_07386_d9313936
7678,7678,doc_07387_b9cbdc98_chunk_0,doc_07387_b9cbdc98
7679,7679,doc_07388_e9fdc2fb_chunk_0,doc_07388_e9fdc2fb
7680,7680,doc_07389_245ef831_chunk_0,doc_07389_245ef831
7681,7681,doc_07390_8907dace_chunk_0,doc_07390_8907dace
7682,7682,doc_07391_262be768_chunk_0,doc_07391_262be768
7683,7683,doc_07392_89c1e54b_chunk_0,doc_07392_89c1e54b
7684,7684,doc_07393_5f4f8122_chunk_0,doc_07393_5f4f8122
7685,7685,doc_07394_7e998171_chunk_0,doc_07394_7e998171
7686,7686,doc_07395_2a325ed8_chunk_0,doc_07395_2a325ed8
7687,7687,doc_07396_54e0bd87_chunk_0,doc_07396_54e0bd87
7688,7688,doc_07397_0888896a_chunk_0,doc_07397_0888896a
7689,7689,doc_07398_4feb93b7_chunk_0,doc_07398_4feb93b7
7690,7690,doc_07399_07e77e84_chunk_0,doc_07399_07e77e84
7691,7691,doc_07400_3afc11d4_chunk_0,doc_07400_3afc11d4
7692,7692,doc_07401_8d7321a0_chunk_0,doc_07401_8d7321a0
7693,7693,doc_07402_5f38e77d_chunk_0,doc_07402_5f38e77d
7694,7694,doc_07403_1f15d13d_chunk_0,doc_07403_1f15d13d
7695,7695,doc_07404_453de91c_chunk_0,doc_07404_453de91c
7696,7696,doc_07405_b174b0c0_chunk_0,doc_07405_b174b0c0
7697,7697,doc_07406_19973fc1_chunk_0,doc_07406_19973fc1
7698,7698,doc_07407_d62add33_chunk_0,doc_07407_d62add33
7699,7699,doc_07408_2d3a0f31_chunk_0,doc_07408_2d3a0f31
7700,7700,doc_07409_6f1dd7d1_chunk_0,doc_07409_6f1dd7d1
7701,7701,doc_07410_88718ee2_chunk_0,doc_07410_88718ee2
7702,7702,doc_07411_398975a2_chunk_0,doc_07411_398975a2
7703,7703,doc_07412_1a648641_chunk_0,doc_07412_1a648641
7704,7704,doc_07413_84b915e3_chunk_0,doc_07413_84b915e3
7705,7705,doc_07414_ef828e97_chunk_0,doc_07414_ef828e97
7706,7706,doc_07415_1ad66759_chunk_0,doc_07415_1ad66759
7707,7707,doc_07416_93c00a86_chunk_0,doc_07416_93c00a86
7708,7708,doc_07417_4895a7a5_chunk_0,doc_07417_4895a7a5
7709,7709,doc_07418_d3b9d656_chunk_0,doc_07418_d3b9d656
7710,7710,doc_07419_3d6d60ba_chunk_0,doc_07419_3d6d60ba
7711,7711,doc_07420_66d0872d_chunk_0,doc_07420_66d0872d
7712,7712,doc_07421_59206c22_chunk_0,doc_07421_59206c22
7713,7713,doc_07422_2d85c8dc_chunk_0,doc_07422_2d85c8dc
7714,7714,doc_07423_796cd457_chunk_0,doc_07423_796cd457
7715,7715,doc_07424_e104010a_chunk_0,doc_07424_e104010a
7716,7716,doc_07425_7d43e067_chunk_0,doc_07425_7d43e067
7717,7717,doc_07426_1658bd74_chunk_0,doc_07426_1658bd74
7718,7718,doc_07427_685b721a_chunk_0,doc_07427_685b721a
7719,7719,doc_07428_b35a58d2_chunk_0,doc_07428_b35a58d2
7720,7720,doc_07429_3d145bf8_chunk_0,doc_07429_3d145bf8
7721,7721,doc_07430_173bf42a_chunk_0,doc_07430_173bf42a
7722,7722,doc_07431_06bfa15f_chunk_0,doc_07431_06bfa15f
7723,7723,doc_07432_2e881e86_chunk_0,doc_07432_2e881e86
7724,7724,doc_07433_bef70541_chunk_0,doc_07433_bef70541
7725,7725,doc_07434_98d1c51c_chunk_0,doc_07434_98d1c51c
7726,7726,doc_07435_e2521909_chunk_0,doc_07435_e2521909
7727,7727,doc_07436_a3f66ab7_chunk_0,doc_07436_a3f66ab7
7728,7728,doc_07437_a1960d60_chunk_0,doc_07437_a1960d60
7729,7729,doc_07438_a6b6da17_chunk_0,doc_07438_a6b6da17
7730,7730,doc_07439_4f1fc216_chunk_0,doc_07439_4f1fc216
7731,7731,doc_07440_39aa894e_chunk_0,doc_07440_39aa894e
7732,7732,doc_07441_158b5ff9_chunk_0,doc_07441_158b5ff9
7733,7733,doc_07442_8cce5510_chunk_0,doc_07442_8cce5510
7734,7734,doc_07443_17ce1117_chunk_0,doc_07443_17ce1117
7735,7735,doc_07444_69af3ad3_chunk_0,doc_07444_69af3ad3
7736,7736,doc_07445_bcb2b3fc_chunk_0,doc_07445_bcb2b3fc
7737,7737,doc_07446_3e97e46d_chunk_0,doc_07446_3e97e46d
7738,7738,doc_07447_d3c6e4f3_chunk_0,doc_07447_d3c6e4f3
7739,7739,doc_07448_0f794c49_chunk_0,doc_07448_0f794c49
7740,7740,doc_07449_eca37387_chunk_0,doc_07449_eca37387
7741,7741,doc_07450_1604a688_chunk_0,doc_07450_1604a688
7742,7742,doc_07451_028f6948_chunk_0,doc_07451_028f6948
7743,7743,doc_07452_62cd817e_chunk_0,doc_07452_62cd817e
7744,7744,doc_07453_73907028_chunk_0,doc_07453_73907028
7745,7745,doc_07453_73907028_chunk_1,doc_07453_73907028
7746,7746,doc_07454_4ac81df2_chunk_0,doc_07454_4ac81df2
7747,7747,doc_07455_fc3cc3b3_chunk_0,doc_07455_fc3cc3b3
7748,7748,doc_07456_f748d181_chunk_0,doc_07456_f748d181
7749,7749,doc_07457_3bd15017_chunk_0,doc_07457_3bd15017
7750,7750,doc_07458_d50541c6_chunk_0,doc_07458_d50541c6
7751,7751,doc_07459_ddfbf5ad_chunk_0,doc_07459_ddfbf5ad
7752,7752,doc_07460_3707b89d_chunk_0,doc_07460_3707b89d
7753,7753,doc_07461_18d74000_chunk_0,doc_07461_18d74000
7754,7754,doc_07462_5a22d191_chunk_0,doc_07462_5a22d191
7755,7755,doc_07463_33ac5397_chunk_0,doc_07463_33ac5397
7756,7756,doc_07464_b8b78e74_chunk_0,doc_07464_b8b78e74
7757,7757,doc_07465_dcb58cf6_chunk_0,doc_07465_dcb58cf6
7758,7758,doc_07466_0b4ea3b8_chunk_0,doc_07466_0b4ea3b8
7759,7759,doc_07467_5471a8f5_chunk_0,doc_07467_5471a8f5
7760,7760,doc_07468_0ce07e4e_chunk_0,doc_07468_0ce07e4e
7761,7761,doc_07469_e6b9c609_chunk_0,doc_07469_e6b9c609
7762,7762,doc_07470_4f951217_chunk_0,doc_07470_4f951217
7763,7763,doc_07471_41ba7561_chunk_0,doc_07471_41ba7561
7764,7764,doc_07472_a0af7909_chunk_0,doc_07472_a0af7909
7765,7765,doc_07473_30e4f8f1_chunk_0,doc_07473_30e4f8f1
7766,7766,doc_07474_10d04ecb_chunk_0,doc_07474_10d04ecb
7767,7767,doc_07475_17684f66_chunk_0,doc_07475_17684f66
7768,7768,doc_07476_e8a0e906_chunk_0,doc_07476_e8a0e906
7769,7769,doc_07477_72943a4f_chunk_0,doc_07477_72943a4f
7770,7770,doc_07478_c7a43925_chunk_0,doc_07478_c7a43925
7771,7771,doc_07479_7868dbcd_chunk_0,doc_07479_7868dbcd
7772,7772,doc_07480_af9f6543_chunk_0,doc_07480_af9f6543
7773,7773,doc_07481_6ff6e913_chunk_0,doc_07481_6ff6e913
7774,7774,doc_07482_aab168c8_chunk_0,doc_07482_aab168c8
7775,7775,doc_07483_1ef44aec_chunk_0,doc_07483_1ef44aec
7776,7776,doc_07484_44057822_chunk_0,doc_07484_44057822
7777,7777,doc_07485_f638bf79_chunk_0,doc_07485_f638bf79
7778,7778,doc_07486_5bf5e3c6_chunk_0,doc_07486_5bf5e3c6
7779,7779,doc_07487_35cd098e_chunk_0,doc_07487_35cd098e
7780,7780,doc_07488_b8905bf0_chunk_0,doc_07488_b8905bf0
7781,7781,doc_07489_bdc011ef_chunk_0,doc_07489_bdc011ef
7782,7782,doc_07490_ba132e5f_chunk_0,doc_07490_ba132e5f
7783,7783,doc_07491_ecd5e245_chunk_0,doc_07491_ecd5e245
7784,7784,doc_07492_2d674534_chunk_0,doc_07492_2d674534
7785,7785,doc_07493_8bb0ab61_chunk_0,doc_07493_8bb0ab61
7786,7786,doc_07494_cea34b5c_chunk_0,doc_07494_cea34b5c
7787,7787,doc_07495_22a6e4be_chunk_0,doc_07495_22a6e4be
7788,7788,doc_07496_b1e4e142_chunk_0,doc_07496_b1e4e142
7789,7789,doc_07497_bd3721f1_chunk_0,doc_07497_bd3721f1
7790,7790,doc_07498_182ee1ea_chunk_0,doc_07498_182ee1ea
7791,7791,doc_07499_52fb710a_chunk_0,doc_07499_52fb710a
7792,7792,doc_07500_6b2f75cf_chunk_0,doc_07500_6b2f75cf
7793,7793,doc_07501_4ddcdd9e_chunk_0,doc_07501_4ddcdd9e
7794,7794,doc_07502_cb6cc129_chunk_0,doc_07502_cb6cc129
7795,7795,doc_07503_25c927ec_chunk_0,doc_07503_25c927ec
7796,7796,doc_07504_daf10e11_chunk_0,doc_07504_daf10e11
7797,7797,doc_07505_bd2b9da4_chunk_0,doc_07505_bd2b9da4
7798,7798,doc_07506_02c08e50_chunk_0,doc_07506_02c08e50
7799,7799,doc_07507_77a06650_chunk_0,doc_07507_77a06650
7800,7800,doc_07508_79f6d924_chunk_0,doc_07508_79f6d924
7801,7801,doc_07509_127446d7_chunk_0,doc_07509_127446d7
7802,7802,doc_07510_edc913d7_chunk_0,doc_07510_edc913d7
7803,7803,doc_07511_4848c211_chunk_0,doc_07511_4848c211
7804,7804,doc_07512_17fe1c13_chunk_0,doc_07512_17fe1c13
7805,7805,doc_07513_d47add71_chunk_0,doc_07513_d47add71
7806,7806,doc_07514_78c1a367_chunk_0,doc_07514_78c1a367
7807,7807,doc_07515_3b060ede_chunk_0,doc_07515_3b060ede
7808,7808,doc_07516_192c63c1_chunk_0,doc_07516_192c63c1
7809,7809,doc_07517_8c96d102_chunk_0,doc_07517_8c96d102
7810,7810,doc_07518_f7c5cc5b_chunk_0,doc_07518_f7c5cc5b
7811,7811,doc_07519_191c9309_chunk_0,doc_07519_191c9309
7812,7812,doc_07520_14144d97_chunk_0,doc_07520_14144d97
7813,7813,doc_07520_14144d97_chunk_1,doc_07520_14144d97
7814,7814,doc_07521_65bf062a_chunk_0,doc_07521_65bf062a
7815,7815,doc_07522_7881dd93_chunk_0,doc_07522_7881dd93
7816,7816,doc_07523_98bd5b0c_chunk_0,doc_07523_98bd5b0c
7817,7817,doc_07524_8d293960_chunk_0,doc_07524_8d293960
7818,7818,doc_07524_8d293960_chunk_1,doc_07524_8d293960
7819,7819,doc_07525_aef2826b_chunk_0,doc_07525_aef2826b
7820,7820,doc_07526_79b6c375_chunk_0,doc_07526_79b6c375
7821,7821,doc_07527_d7c903cd_chunk_0,doc_07527_d7c903cd
7822,7822,doc_07528_dc179cda_chunk_0,doc_07528_dc179cda
7823,7823,doc_07529_b98bedd0_chunk_0,doc_07529_b98bedd0
7824,7824,doc_07530_e37bc0ee_chunk_0,doc_07530_e37bc0ee
7825,7825,doc_07531_4a3c3f9b_chunk_0,doc_07531_4a3c3f9b
7826,7826,doc_07532_3478dff8_chunk_0,doc_07532_3478dff8
7827,7827,doc_07533_b9daabce_chunk_0,doc_07533_b9daabce
7828,7828,doc_07533_b9daabce_chunk_1,doc_07533_b9daabce
7829,7829,doc_07534_b317cd8d_chunk_0,doc_07534_b317cd8d
7830,7830,doc_07535_612f6d24_chunk_0,doc_07535_612f6d24
7831,7831,doc_07536_a7a542fb_chunk_0,doc_07536_a7a542fb
7832,7832,doc_07537_de22219e_chunk_0,doc_07537_de22219e
7833,7833,doc_07537_de22219e_chunk_1,doc_07537_de22219e
7834,7834,doc_07538_6e0bdfa1_chunk_0,doc_07538_6e0bdfa1
7835,7835,doc_07538_6e0bdfa1_chunk_1,doc_07538_6e0bdfa1
7836,7836,doc_07539_ca88829e_chunk_0,doc_07539_ca88829e
7837,7837,doc_07540_a8e857c1_chunk_0,doc_07540_a8e857c1
7838,7838,doc_07541_9ca952f3_chunk_0,doc_07541_9ca952f3
7839,7839,doc_07542_8f76e614_chunk_0,doc_07542_8f76e614
7840,7840,doc_07543_d7539ba7_chunk_0,doc_07543_d7539ba7
7841,7841,doc_07543_d7539ba7_chunk_1,doc_07543_d7539ba7
7842,7842,doc_07544_c79cd65d_chunk_0,doc_07544_c79cd65d
7843,7843,doc_07545_9ed198ff_chunk_0,doc_07545_9ed198ff
7844,7844,doc_07546_4a380212_chunk_0,doc_07546_4a380212
7845,7845,doc_07547_bb85f7ad_chunk_0,doc_07547_bb85f7ad
7846,7846,doc_07548_276d4e1b_chunk_0,doc_07548_276d4e1b
7847,7847,doc_07549_4b50d053_chunk_0,doc_07549_4b50d053
7848,7848,doc_07550_f46f8949_chunk_0,doc_07550_f46f8949
7849,7849,doc_07551_61a2edce_chunk_0,doc_07551_61a2edce
7850,7850,doc_07552_8f089383_chunk_0,doc_07552_8f089383
7851,7851,doc_07553_62be8f86_chunk_0,doc_07553_62be8f86
7852,7852,doc_07554_f9d03350_chunk_0,doc_07554_f9d03350
7853,7853,doc_07555_da6a4423_chunk_0,doc_07555_da6a4423
7854,7854,doc_07556_40514cf7_chunk_0,doc_07556_40514cf7
7855,7855,doc_07557_585f4dc2_chunk_0,doc_07557_585f4dc2
7856,7856,doc_07558_573d3f68_chunk_0,doc_07558_573d3f68
7857,7857,doc_07559_927c99f2_chunk_0,doc_07559_927c99f2
7858,7858,doc_07560_ff5d974a_chunk_0,doc_07560_ff5d974a
7859,7859,doc_07561_158ead4a_chunk_0,doc_07561_158ead4a
7860,7860,doc_07562_63f99287_chunk_0,doc_07562_63f99287
7861,7861,doc_07563_350f5fc6_chunk_0,doc_07563_350f5fc6
7862,7862,doc_07564_710c2ecc_chunk_0,doc_07564_710c2ecc
7863,7863,doc_07565_2937e5f7_chunk_0,doc_07565_2937e5f7
7864,7864,doc_07566_c87cde74_chunk_0,doc_07566_c87cde74
7865,7865,doc_07567_62c96150_chunk_0,doc_07567_62c96150
7866,7866,doc_07568_d406d4de_chunk_0,doc_07568_d406d4de
7867,7867,doc_07569_be21b573_chunk_0,doc_07569_be21b573
7868,7868,doc_07570_9841ab74_chunk_0,doc_07570_9841ab74
7869,7869,doc_07571_7add3bc5_chunk_0,doc_07571_7add3bc5
7870,7870,doc_07572_de8c6ff8_chunk_0,doc_07572_de8c6ff8
7871,7871,doc_07573_aac6e29d_chunk_0,doc_07573_aac6e29d
7872,7872,doc_07574_1c92bd77_chunk_0,doc_07574_1c92bd77
7873,7873,doc_07575_bb82596b_chunk_0,doc_07575_bb82596b
7874,7874,doc_07576_ac7d32fd_chunk_0,doc_07576_ac7d32fd
7875,7875,doc_07577_1d6dca9c_chunk_0,doc_07577_1d6dca9c
7876,7876,doc_07578_967137ed_chunk_0,doc_07578_967137ed
7877,7877,doc_07579_cd08514d_chunk_0,doc_07579_cd08514d
7878,7878,doc_07580_bd2deeba_chunk_0,doc_07580_bd2deeba
7879,7879,doc_07581_5b3aec07_chunk_0,doc_07581_5b3aec07
7880,7880,doc_07582_1486b453_chunk_0,doc_07582_1486b453
7881,7881,doc_07583_6ebad43d_chunk_0,doc_07583_6ebad43d
7882,7882,doc_07584_8e1a95ae_chunk_0,doc_07584_8e1a95ae
7883,7883,doc_07585_fe410901_chunk_0,doc_07585_fe410901
7884,7884,doc_07586_19988341_chunk_0,doc_07586_19988341
7885,7885,doc_07587_5be7903b_chunk_0,doc_07587_5be7903b
7886,7886,doc_07588_4d9da053_chunk_0,doc_07588_4d9da053
7887,7887,doc_07589_9c295957_chunk_0,doc_07589_9c295957
7888,7888,doc_07590_2c291a7e_chunk_0,doc_07590_2c291a7e
7889,7889,doc_07591_bfc21285_chunk_0,doc_07591_bfc21285
7890,7890,doc_07592_d16f9aac_chunk_0,doc_07592_d16f9aac
7891,7891,doc_07593_628afaaf_chunk_0,doc_07593_628afaaf
7892,7892,doc_07594_5e262b05_chunk_0,doc_07594_5e262b05
7893,7893,doc_07595_26cd33bd_chunk_0,doc_07595_26cd33bd
7894,7894,doc_07596_522c224d_chunk_0,doc_07596_522c224d
7895,7895,doc_07597_a5d8eff6_chunk_0,doc_07597_a5d8eff6
7896,7896,doc_07598_14740c10_chunk_0,doc_07598_14740c10
7897,7897,doc_07599_9b3cd5a6_chunk_0,doc_07599_9b3cd5a6
7898,7898,doc_07600_e5809817_chunk_0,doc_07600_e5809817
7899,7899,doc_07601_a29d7c63_chunk_0,doc_07601_a29d7c63
7900,7900,doc_07602_09eda90a_chunk_0,doc_07602_09eda90a
7901,7901,doc_07603_9eee56a5_chunk_0,doc_07603_9eee56a5
7902,7902,doc_07604_1064acec_chunk_0,doc_07604_1064acec
7903,7903,doc_07605_1c92494b_chunk_0,doc_07605_1c92494b
7904,7904,doc_07606_e013be2c_chunk_0,doc_07606_e013be2c
7905,7905,doc_07607_06740abc_chunk_0,doc_07607_06740abc
7906,7906,doc_07608_4b4cb05e_chunk_0,doc_07608_4b4cb05e
7907,7907,doc_07609_57022c5b_chunk_0,doc_07609_57022c5b
7908,7908,doc_07610_78859b4e_chunk_0,doc_07610_78859b4e
7909,7909,doc_07611_1e8ff579_chunk_0,doc_07611_1e8ff579
7910,7910,doc_07612_d5c95616_chunk_0,doc_07612_d5c95616
7911,7911,doc_07613_68abc44d_chunk_0,doc_07613_68abc44d
7912,7912,doc_07614_611b18b2_chunk_0,doc_07614_611b18b2
7913,7913,doc_07615_f0127d8f_chunk_0,doc_07615_f0127d8f
7914,7914,doc_07616_83f1d4a8_chunk_0,doc_07616_83f1d4a8
7915,7915,doc_07617_603c8edf_chunk_0,doc_07617_603c8edf
7916,7916,doc_07618_93ff10d8_chunk_0,doc_07618_93ff10d8
7917,7917,doc_07619_78733dc5_chunk_0,doc_07619_78733dc5
7918,7918,doc_07620_8135a789_chunk_0,doc_07620_8135a789
7919,7919,doc_07621_4a06b1d0_chunk_0,doc_07621_4a06b1d0
7920,7920,doc_07622_de99d13d_chunk_0,doc_07622_de99d13d
7921,7921,doc_07623_51754078_chunk_0,doc_07623_51754078
7922,7922,doc_07624_60b2f1a3_chunk_0,doc_07624_60b2f1a3
7923,7923,doc_07624_60b2f1a3_chunk_1,doc_07624_60b2f1a3
7924,7924,doc_07625_c45dac78_chunk_0,doc_07625_c45dac78
7925,7925,doc_07626_33b83e35_chunk_0,doc_07626_33b83e35
7926,7926,doc_07627_a1a6a8ff_chunk_0,doc_07627_a1a6a8ff
7927,7927,doc_07628_07f94ff9_chunk_0,doc_07628_07f94ff9
7928,7928,doc_07629_6be22076_chunk_0,doc_07629_6be22076
7929,7929,doc_07630_be64d188_chunk_0,doc_07630_be64d188
7930,7930,doc_07631_8164d4ea_chunk_0,doc_07631_8164d4ea
7931,7931,doc_07632_5f631614_chunk_0,doc_07632_5f631614
7932,7932,doc_07633_a56d2b01_chunk_0,doc_07633_a56d2b01
7933,7933,doc_07633_a56d2b01_chunk_1,doc_07633_a56d2b01
7934,7934,doc_07634_715f3f86_chunk_0,doc_07634_715f3f86
7935,7935,doc_07635_27d68a39_chunk_0,doc_07635_27d68a39
7936,7936,doc_07636_b3791da3_chunk_0,doc_07636_b3791da3
7937,7937,doc_07637_0eb65d51_chunk_0,doc_07637_0eb65d51
7938,7938,doc_07638_2f318d31_chunk_0,doc_07638_2f318d31
7939,7939,doc_07639_7d534343_chunk_0,doc_07639_7d534343
7940,7940,doc_07640_0c8f4191_chunk_0,doc_07640_0c8f4191
7941,7941,doc_07641_c1d20814_chunk_0,doc_07641_c1d20814
7942,7942,doc_07642_5f3728bf_chunk_0,doc_07642_5f3728bf
7943,7943,doc_07643_0d42a538_chunk_0,doc_07643_0d42a538
7944,7944,doc_07644_ab687d0d_chunk_0,doc_07644_ab687d0d
7945,7945,doc_07645_65c2775d_chunk_0,doc_07645_65c2775d
7946,7946,doc_07646_3981a3e7_chunk_0,doc_07646_3981a3e7
7947,7947,doc_07647_515a72b6_chunk_0,doc_07647_515a72b6
7948,7948,doc_07648_f2f26148_chunk_0,doc_07648_f2f26148
7949,7949,doc_07649_b71c127b_chunk_0,doc_07649_b71c127b
7950,7950,doc_07650_939d20f0_chunk_0,doc_07650_939d20f0
7951,7951,doc_07651_3882267e_chunk_0,doc_07651_3882267e
7952,7952,doc_07652_c3d02e82_chunk_0,doc_07652_c3d02e82
7953,7953,doc_07653_5cfdfb4a_chunk_0,doc_07653_5cfdfb4a
7954,7954,doc_07654_fd54ebdd_chunk_0,doc_07654_fd54ebdd
7955,7955,doc_07655_76ca5d52_chunk_0,doc_07655_76ca5d52
7956,7956,doc_07656_738dc240_chunk_0,doc_07656_738dc240
7957,7957,doc_07657_e547ffcc_chunk_0,doc_07657_e547ffcc
7958,7958,doc_07658_4a3e8b13_chunk_0,doc_07658_4a3e8b13
7959,7959,doc_07659_b75dab48_chunk_0,doc_07659_b75dab48
7960,7960,doc_07660_ac693079_chunk_0,doc_07660_ac693079
7961,7961,doc_07661_d1f3ca44_chunk_0,doc_07661_d1f3ca44
7962,7962,doc_07662_52ce84a5_chunk_0,doc_07662_52ce84a5
7963,7963,doc_07663_65cd5046_chunk_0,doc_07663_65cd5046
7964,7964,doc_07664_9755eaa8_chunk_0,doc_07664_9755eaa8
7965,7965,doc_07665_c4991b67_chunk_0,doc_07665_c4991b67
7966,7966,doc_07666_7e7a7188_chunk_0,doc_07666_7e7a7188
7967,7967,doc_07667_6fda6bae_chunk_0,doc_07667_6fda6bae
7968,7968,doc_07668_ae8431b9_chunk_0,doc_07668_ae8431b9
7969,7969,doc_07669_616d27fd_chunk_0,doc_07669_616d27fd
7970,7970,doc_07670_cad0c0d2_chunk_0,doc_07670_cad0c0d2
7971,7971,doc_07671_39a23246_chunk_0,doc_07671_39a23246
7972,7972,doc_07672_b2e2e039_chunk_0,doc_07672_b2e2e039
7973,7973,doc_07673_1106b2ce_chunk_0,doc_07673_1106b2ce
7974,7974,doc_07674_961b281b_chunk_0,doc_07674_961b281b
7975,7975,doc_07675_e9a508f9_chunk_0,doc_07675_e9a508f9
7976,7976,doc_07676_ea017360_chunk_0,doc_07676_ea017360
7977,7977,doc_07677_fac5cfd9_chunk_0,doc_07677_fac5cfd9
7978,7978,doc_07678_7f06418d_chunk_0,doc_07678_7f06418d
7979,7979,doc_07679_51b46c76_chunk_0,doc_07679_51b46c76
7980,7980,doc_07680_7991f34a_chunk_0,doc_07680_7991f34a
7981,7981,doc_07681_d0c7d0d7_chunk_0,doc_07681_d0c7d0d7
7982,7982,doc_07682_9202a53c_chunk_0,doc_07682_9202a53c
7983,7983,doc_07683_1470e500_chunk_0,doc_07683_1470e500
7984,7984,doc_07684_fc023e8c_chunk_0,doc_07684_fc023e8c
7985,7985,doc_07685_a85a735d_chunk_0,doc_07685_a85a735d
7986,7986,doc_07686_b1682096_chunk_0,doc_07686_b1682096
7987,7987,doc_07687_87968db1_chunk_0,doc_07687_87968db1
7988,7988,doc_07688_d03e3099_chunk_0,doc_07688_d03e3099
7989,7989,doc_07689_8ec50715_chunk_0,doc_07689_8ec50715
7990,7990,doc_07689_8ec50715_chunk_1,doc_07689_8ec50715
7991,7991,doc_07690_75f73a20_chunk_0,doc_07690_75f73a20
7992,7992,doc_07691_4cab59d2_chunk_0,doc_07691_4cab59d2
7993,7993,doc_07692_fb799e60_chunk_0,doc_07692_fb799e60
7994,7994,doc_07693_7e8224d0_chunk_0,doc_07693_7e8224d0
7995,7995,doc_07694_75dcc788_chunk_0,doc_07694_75dcc788
7996,7996,doc_07695_5ddd65ec_chunk_0,doc_07695_5ddd65ec
7997,7997,doc_07696_70d6a0fe_chunk_0,doc_07696_70d6a0fe
7998,7998,doc_07697_eb22584e_chunk_0,doc_07697_eb22584e
7999,7999,doc_07698_1f5eddca_chunk_0,doc_07698_1f5eddca
8000,8000,doc_07699_a201b8d3_chunk_0,doc_07699_a201b8d3
8001,8001,doc_07700_ab0ee14f_chunk_0,doc_07700_ab0ee14f
8002,8002,doc_07701_5e93052b_chunk_0,doc_07701_5e93052b
8003,8003,doc_07702_6fb89336_chunk_0,doc_07702_6fb89336
8004,8004,doc_07703_71fbe084_chunk_0,doc_07703_71fbe084
8005,8005,doc_07704_708f2077_chunk_0,doc_07704_708f2077
8006,8006,doc_07705_c864e077_chunk_0,doc_07705_c864e077
8007,8007,doc_07706_d063cc48_chunk_0,doc_07706_d063cc48
8008,8008,doc_07707_c6994c73_chunk_0,doc_07707_c6994c73
8009,8009,doc_07708_884ab7bd_chunk_0,doc_07708_884ab7bd
8010,8010,doc_07709_5d3f60f0_chunk_0,doc_07709_5d3f60f0
8011,8011,doc_07710_3304a0e1_chunk_0,doc_07710_3304a0e1
8012,8012,doc_07711_bc2675a4_chunk_0,doc_07711_bc2675a4
8013,8013,doc_07712_a6e6d1bb_chunk_0,doc_07712_a6e6d1bb
8014,8014,doc_07713_1f36ec3d_chunk_0,doc_07713_1f36ec3d
8015,8015,doc_07714_fb06d4e9_chunk_0,doc_07714_fb06d4e9
8016,8016,doc_07715_34a873d6_chunk_0,doc_07715_34a873d6
8017,8017,doc_07716_2676e227_chunk_0,doc_07716_2676e227
8018,8018,doc_07717_0c2a667f_chunk_0,doc_07717_0c2a667f
8019,8019,doc_07718_a03c2e64_chunk_0,doc_07718_a03c2e64
8020,8020,doc_07719_9499390c_chunk_0,doc_07719_9499390c
8021,8021,doc_07720_8a3803cc_chunk_0,doc_07720_8a3803cc
8022,8022,doc_07721_e6c14860_chunk_0,doc_07721_e6c14860
8023,8023,doc_07722_7e8b2377_chunk_0,doc_07722_7e8b2377
8024,8024,doc_07723_2333151b_chunk_0,doc_07723_2333151b
8025,8025,doc_07724_1979e339_chunk_0,doc_07724_1979e339
8026,8026,doc_07725_1604372a_chunk_0,doc_07725_1604372a
8027,8027,doc_07726_347dc2dc_chunk_0,doc_07726_347dc2dc
8028,8028,doc_07727_8e67ed06_chunk_0,doc_07727_8e67ed06
8029,8029,doc_07728_1adcb37a_chunk_0,doc_07728_1adcb37a
8030,8030,doc_07729_ad41566e_chunk_0,doc_07729_ad41566e
8031,8031,doc_07730_9981e3a2_chunk_0,doc_07730_9981e3a2
8032,8032,doc_07731_5f6777b9_chunk_0,doc_07731_5f6777b9
8033,8033,doc_07732_eb16fc18_chunk_0,doc_07732_eb16fc18
8034,8034,doc_07733_e52d5226_chunk_0,doc_07733_e52d5226
8035,8035,doc_07734_04f009a8_chunk_0,doc_07734_04f009a8
8036,8036,doc_07735_19962e58_chunk_0,doc_07735_19962e58
8037,8037,doc_07736_d6918721_chunk_0,doc_07736_d6918721
8038,8038,doc_07737_73cf3c37_chunk_0,doc_07737_73cf3c37
8039,8039,doc_07738_da6c569c_chunk_0,doc_07738_da6c569c
8040,8040,doc_07739_f82c4661_chunk_0,doc_07739_f82c4661
8041,8041,doc_07740_a334e116_chunk_0,doc_07740_a334e116
8042,8042,doc_07741_bc5d436f_chunk_0,doc_07741_bc5d436f
8043,8043,doc_07742_fb07e9d4_chunk_0,doc_07742_fb07e9d4
8044,8044,doc_07743_7f647765_chunk_0,doc_07743_7f647765
8045,8045,doc_07744_3e66ba87_chunk_0,doc_07744_3e66ba87
8046,8046,doc_07745_60292b68_chunk_0,doc_07745_60292b68
8047,8047,doc_07746_5464a838_chunk_0,doc_07746_5464a838
8048,8048,doc_07747_2cb2d1bc_chunk_0,doc_07747_2cb2d1bc
8049,8049,doc_07748_9b5ba3e9_chunk_0,doc_07748_9b5ba3e9
8050,8050,doc_07749_a4c13e1d_chunk_0,doc_07749_a4c13e1d
8051,8051,doc_07750_6c27f800_chunk_0,doc_07750_6c27f800
8052,8052,doc_07751_5e0e86b1_chunk_0,doc_07751_5e0e86b1
8053,8053,doc_07752_edd84d20_chunk_0,doc_07752_edd84d20
8054,8054,doc_07753_ba660c50_chunk_0,doc_07753_ba660c50
8055,8055,doc_07754_4a67a926_chunk_0,doc_07754_4a67a926
8056,8056,doc_07755_b80f9818_chunk_0,doc_07755_b80f9818
8057,8057,doc_07756_fd4fe9a2_chunk_0,doc_07756_fd4fe9a2
8058,8058,doc_07757_a9a5713f_chunk_0,doc_07757_a9a5713f
8059,8059,doc_07758_e598430b_chunk_0,doc_07758_e598430b
8060,8060,doc_07759_4748b8ba_chunk_0,doc_07759_4748b8ba
8061,8061,doc_07760_77e9adca_chunk_0,doc_07760_77e9adca
8062,8062,doc_07761_818a67ef_chunk_0,doc_07761_818a67ef
8063,8063,doc_07762_18b7bfdd_chunk_0,doc_07762_18b7bfdd
8064,8064,doc_07763_7c336d9e_chunk_0,doc_07763_7c336d9e
8065,8065,doc_07764_ab48d8d3_chunk_0,doc_07764_ab48d8d3
8066,8066,doc_07765_4036c919_chunk_0,doc_07765_4036c919
8067,8067,doc_07766_50b63af6_chunk_0,doc_07766_50b63af6
8068,8068,doc_07767_5eb68ffc_chunk_0,doc_07767_5eb68ffc
8069,8069,doc_07768_4ced22c9_chunk_0,doc_07768_4ced22c9
8070,8070,doc_07769_a1ed04e8_chunk_0,doc_07769_a1ed04e8
8071,8071,doc_07770_0ad93e45_chunk_0,doc_07770_0ad93e45
8072,8072,doc_07771_f7022b7a_chunk_0,doc_07771_f7022b7a
8073,8073,doc_07772_a16417a9_chunk_0,doc_07772_a16417a9
8074,8074,doc_07773_0d48fbd6_chunk_0,doc_07773_0d48fbd6
8075,8075,doc_07774_1eb095fe_chunk_0,doc_07774_1eb095fe
8076,8076,doc_07775_59936a25_chunk_0,doc_07775_59936a25
8077,8077,doc_07776_b38f8b6d_chunk_0,doc_07776_b38f8b6d
8078,8078,doc_07777_ab041368_chunk_0,doc_07777_ab041368
8079,8079,doc_07778_cd7de549_chunk_0,doc_07778_cd7de549
8080,8080,doc_07779_05eac12f_chunk_0,doc_07779_05eac12f
8081,8081,doc_07780_b6b5b686_chunk_0,doc_07780_b6b5b686
8082,8082,doc_07781_952f343e_chunk_0,doc_07781_952f343e
8083,8083,doc_07782_cbffa329_chunk_0,doc_07782_cbffa329
8084,8084,doc_07783_1065d5c2_chunk_0,doc_07783_1065d5c2
8085,8085,doc_07784_0dd6efd4_chunk_0,doc_07784_0dd6efd4
8086,8086,doc_07785_8e72197e_chunk_0,doc_07785_8e72197e
8087,8087,doc_07786_32596cd8_chunk_0,doc_07786_32596cd8
8088,8088,doc_07787_e338408e_chunk_0,doc_07787_e338408e
8089,8089,doc_07788_dda15472_chunk_0,doc_07788_dda15472
8090,8090,doc_07789_fc012933_chunk_0,doc_07789_fc012933
8091,8091,doc_07790_f2853e50_chunk_0,doc_07790_f2853e50
8092,8092,doc_07791_25de454f_chunk_0,doc_07791_25de454f
8093,8093,doc_07792_569f308d_chunk_0,doc_07792_569f308d
8094,8094,doc_07793_35e18f0e_chunk_0,doc_07793_35e18f0e
8095,8095,doc_07794_4dfae6c4_chunk_0,doc_07794_4dfae6c4
8096,8096,doc_07795_06fa21d6_chunk_0,doc_07795_06fa21d6
8097,8097,doc_07796_2dee2442_chunk_0,doc_07796_2dee2442
8098,8098,doc_07797_b341d1aa_chunk_0,doc_07797_b341d1aa
8099,8099,doc_07798_1450f076_chunk_0,doc_07798_1450f076
8100,8100,doc_07799_ea2890bc_chunk_0,doc_07799_ea2890bc
8101,8101,doc_07800_60d79f8e_chunk_0,doc_07800_60d79f8e
8102,8102,doc_07801_bb2b376f_chunk_0,doc_07801_bb2b376f
8103,8103,doc_07802_f1297927_chunk_0,doc_07802_f1297927
8104,8104,doc_07803_02c63594_chunk_0,doc_07803_02c63594
8105,8105,doc_07804_b7036467_chunk_0,doc_07804_b7036467
8106,8106,doc_07805_cedd4011_chunk_0,doc_07805_cedd4011
8107,8107,doc_07806_6eceab81_chunk_0,doc_07806_6eceab81
8108,8108,doc_07807_d79359e8_chunk_0,doc_07807_d79359e8
8109,8109,doc_07808_804cc42f_chunk_0,doc_07808_804cc42f
8110,8110,doc_07809_6dfa41b2_chunk_0,doc_07809_6dfa41b2
8111,8111,doc_07810_f73fe4cc_chunk_0,doc_07810_f73fe4cc
8112,8112,doc_07811_478ed7cc_chunk_0,doc_07811_478ed7cc
8113,8113,doc_07812_10e0195c_chunk_0,doc_07812_10e0195c
8114,8114,doc_07813_54237a63_chunk_0,doc_07813_54237a63
8115,8115,doc_07814_4be5c2ad_chunk_0,doc_07814_4be5c2ad
8116,8116,doc_07815_fb8189e6_chunk_0,doc_07815_fb8189e6
8117,8117,doc_07816_a1ff41ae_chunk_0,doc_07816_a1ff41ae
8118,8118,doc_07817_d1ee68da_chunk_0,doc_07817_d1ee68da
8119,8119,doc_07818_b45962a3_chunk_0,doc_07818_b45962a3
8120,8120,doc_07819_da4ae1bf_chunk_0,doc_07819_da4ae1bf
8121,8121,doc_07820_75fcd01c_chunk_0,doc_07820_75fcd01c
8122,8122,doc_07821_c7ec04c1_chunk_0,doc_07821_c7ec04c1
8123,8123,doc_07822_63adc17b_chunk_0,doc_07822_63adc17b
8124,8124,doc_07823_c7013a11_chunk_0,doc_07823_c7013a11
8125,8125,doc_07824_3444fd42_chunk_0,doc_07824_3444fd42
8126,8126,doc_07825_68102049_chunk_0,doc_07825_68102049
8127,8127,doc_07826_101b3f52_chunk_0,doc_07826_101b3f52
8128,8128,doc_07827_df80ce8e_chunk_0,doc_07827_df80ce8e
8129,8129,doc_07828_04e49c17_chunk_0,doc_07828_04e49c17
8130,8130,doc_07829_94490e3e_chunk_0,doc_07829_94490e3e
8131,8131,doc_07830_82c042a5_chunk_0,doc_07830_82c042a5
8132,8132,doc_07831_28dcf888_chunk_0,doc_07831_28dcf888
8133,8133,doc_07832_88a0d111_chunk_0,doc_07832_88a0d111
8134,8134,doc_07833_39977c45_chunk_0,doc_07833_39977c45
8135,8135,doc_07834_1205332a_chunk_0,doc_07834_1205332a
8136,8136,doc_07835_968cfa8d_chunk_0,doc_07835_968cfa8d
8137,8137,doc_07836_2191cd08_chunk_0,doc_07836_2191cd08
8138,8138,doc_07837_4395a461_chunk_0,doc_07837_4395a461
8139,8139,doc_07838_31c5b290_chunk_0,doc_07838_31c5b290
8140,8140,doc_07839_7c4fd43b_chunk_0,doc_07839_7c4fd43b
8141,8141,doc_07840_c66e3b44_chunk_0,doc_07840_c66e3b44
8142,8142,doc_07841_64077dd0_chunk_0,doc_07841_64077dd0
8143,8143,doc_07842_98a6c6b8_chunk_0,doc_07842_98a6c6b8
8144,8144,doc_07843_1ab12adb_chunk_0,doc_07843_1ab12adb
8145,8145,doc_07844_38b46891_chunk_0,doc_07844_38b46891
8146,8146,doc_07845_1d5830f5_chunk_0,doc_07845_1d5830f5
8147,8147,doc_07846_02b811d2_chunk_0,doc_07846_02b811d2
8148,8148,doc_07847_e8292e4d_chunk_0,doc_07847_e8292e4d
8149,8149,doc_07848_5dfed520_chunk_0,doc_07848_5dfed520
8150,8150,doc_07849_86bbeb0f_chunk_0,doc_07849_86bbeb0f
8151,8151,doc_07850_fa61b075_chunk_0,doc_07850_fa61b075
8152,8152,doc_07851_773966e3_chunk_0,doc_07851_773966e3
8153,8153,doc_07852_23833fd9_chunk_0,doc_07852_23833fd9
8154,8154,doc_07853_dbe4d525_chunk_0,doc_07853_dbe4d525
8155,8155,doc_07854_206a063f_chunk_0,doc_07854_206a063f
8156,8156,doc_07855_a01176e7_chunk_0,doc_07855_a01176e7
8157,8157,doc_07856_4eb3552d_chunk_0,doc_07856_4eb3552d
8158,8158,doc_07857_9b0675d8_chunk_0,doc_07857_9b0675d8
8159,8159,doc_07858_ff831e65_chunk_0,doc_07858_ff831e65
8160,8160,doc_07859_2ae67e70_chunk_0,doc_07859_2ae67e70
8161,8161,doc_07860_a868049d_chunk_0,doc_07860_a868049d
8162,8162,doc_07861_ffca6d93_chunk_0,doc_07861_ffca6d93
8163,8163,doc_07862_d121f8e4_chunk_0,doc_07862_d121f8e4
8164,8164,doc_07863_f8cf2058_chunk_0,doc_07863_f8cf2058
8165,8165,doc_07864_9fcf5340_chunk_0,doc_07864_9fcf5340
8166,8166,doc_07865_001db961_chunk_0,doc_07865_001db961
8167,8167,doc_07866_d792281a_chunk_0,doc_07866_d792281a
8168,8168,doc_07866_d792281a_chunk_1,doc_07866_d792281a
8169,8169,doc_07867_3f69b3d8_chunk_0,doc_07867_3f69b3d8
8170,8170,doc_07868_2bc2725e_chunk_0,doc_07868_2bc2725e
8171,8171,doc_07869_9fb1c277_chunk_0,doc_07869_9fb1c277
8172,8172,doc_07870_bd5636b0_chunk_0,doc_07870_bd5636b0
8173,8173,doc_07871_d77672cd_chunk_0,doc_07871_d77672cd
8174,8174,doc_07872_ef84dcef_chunk_0,doc_07872_ef84dcef
8175,8175,doc_07873_b8bd016c_chunk_0,doc_07873_b8bd016c
8176,8176,doc_07874_23929315_chunk_0,doc_07874_23929315
8177,8177,doc_07875_db7f75d1_chunk_0,doc_07875_db7f75d1
8178,8178,doc_07875_db7f75d1_chunk_1,doc_07875_db7f75d1
8179,8179,doc_07876_92d003f1_chunk_0,doc_07876_92d003f1
8180,8180,doc_07877_0134d088_chunk_0,doc_07877_0134d088
8181,8181,doc_07878_e1ddc972_chunk_0,doc_07878_e1ddc972
8182,8182,doc_07879_70b7329d_chunk_0,doc_07879_70b7329d
8183,8183,doc_07880_7146b11c_chunk_0,doc_07880_7146b11c
8184,8184,doc_07881_302fccd6_chunk_0,doc_07881_302fccd6
8185,8185,doc_07882_bd6529b9_chunk_0,doc_07882_bd6529b9
8186,8186,doc_07883_c428793f_chunk_0,doc_07883_c428793f
8187,8187,doc_07884_c0d3db57_chunk_0,doc_07884_c0d3db57
8188,8188,doc_07885_30adeaa8_chunk_0,doc_07885_30adeaa8
8189,8189,doc_07886_bf7a13ad_chunk_0,doc_07886_bf7a13ad
8190,8190,doc_07887_384951a0_chunk_0,doc_07887_384951a0
8191,8191,doc_07888_72578d8a_chunk_0,doc_07888_72578d8a
8192,8192,doc_07889_3d5dbbeb_chunk_0,doc_07889_3d5dbbeb
8193,8193,doc_07890_126e6a08_chunk_0,doc_07890_126e6a08
8194,8194,doc_07891_396aad28_chunk_0,doc_07891_396aad28
8195,8195,doc_07892_73b9e65f_chunk_0,doc_07892_73b9e65f
8196,8196,doc_07893_38f2e117_chunk_0,doc_07893_38f2e117
8197,8197,doc_07894_32e00ec4_chunk_0,doc_07894_32e00ec4
8198,8198,doc_07895_6077cfac_chunk_0,doc_07895_6077cfac
8199,8199,doc_07896_9fb2d75d_chunk_0,doc_07896_9fb2d75d
8200,8200,doc_07897_f51e0b37_chunk_0,doc_07897_f51e0b37
8201,8201,doc_07898_39651323_chunk_0,doc_07898_39651323
8202,8202,doc_07899_783a560c_chunk_0,doc_07899_783a560c
8203,8203,doc_07900_afc175e2_chunk_0,doc_07900_afc175e2
8204,8204,doc_07901_94b858a6_chunk_0,doc_07901_94b858a6
8205,8205,doc_07902_4b226c5f_chunk_0,doc_07902_4b226c5f
8206,8206,doc_07903_5cb5acd2_chunk_0,doc_07903_5cb5acd2
8207,8207,doc_07904_51940791_chunk_0,doc_07904_51940791
8208,8208,doc_07905_c88d2d37_chunk_0,doc_07905_c88d2d37
8209,8209,doc_07906_c936e5c8_chunk_0,doc_07906_c936e5c8
8210,8210,doc_07907_3a228e18_chunk_0,doc_07907_3a228e18
8211,8211,doc_07908_a655ed85_chunk_0,doc_07908_a655ed85
8212,8212,doc_07909_534130aa_chunk_0,doc_07909_534130aa
8213,8213,doc_07910_462cbdd4_chunk_0,doc_07910_462cbdd4
8214,8214,doc_07911_ee339492_chunk_0,doc_07911_ee339492
8215,8215,doc_07912_e21474e8_chunk_0,doc_07912_e21474e8
8216,8216,doc_07913_4f8e73fd_chunk_0,doc_07913_4f8e73fd
8217,8217,doc_07914_ce92f889_chunk_0,doc_07914_ce92f889
8218,8218,doc_07915_f64fde21_chunk_0,doc_07915_f64fde21
8219,8219,doc_07916_fc7d4779_chunk_0,doc_07916_fc7d4779
8220,8220,doc_07917_0c0cba85_chunk_0,doc_07917_0c0cba85
8221,8221,doc_07918_d13c6c4a_chunk_0,doc_07918_d13c6c4a
8222,8222,doc_07919_a800849c_chunk_0,doc_07919_a800849c
8223,8223,doc_07920_77ffebb0_chunk_0,doc_07920_77ffebb0
8224,8224,doc_07921_7a469e49_chunk_0,doc_07921_7a469e49
8225,8225,doc_07922_8b6e51a6_chunk_0,doc_07922_8b6e51a6
8226,8226,doc_07923_1b4bbef0_chunk_0,doc_07923_1b4bbef0
8227,8227,doc_07924_4288a05f_chunk_0,doc_07924_4288a05f
8228,8228,doc_07925_8ab7d3c9_chunk_0,doc_07925_8ab7d3c9
8229,8229,doc_07926_1db967fa_chunk_0,doc_07926_1db967fa
8230,8230,doc_07927_fa57b7d8_chunk_0,doc_07927_fa57b7d8
8231,8231,doc_07928_089a6ad4_chunk_0,doc_07928_089a6ad4
8232,8232,doc_07929_d2892128_chunk_0,doc_07929_d2892128
8233,8233,doc_07930_b057d1d1_chunk_0,doc_07930_b057d1d1
8234,8234,doc_07931_a1e56bc9_chunk_0,doc_07931_a1e56bc9
8235,8235,doc_07932_78193001_chunk_0,doc_07932_78193001
8236,8236,doc_07933_6d3777a5_chunk_0,doc_07933_6d3777a5
8237,8237,doc_07934_2d3c6894_chunk_0,doc_07934_2d3c6894
8238,8238,doc_07935_af197b1c_chunk_0,doc_07935_af197b1c
8239,8239,doc_07936_4b4a7e44_chunk_0,doc_07936_4b4a7e44
8240,8240,doc_07937_51d0da34_chunk_0,doc_07937_51d0da34
8241,8241,doc_07938_ffc31143_chunk_0,doc_07938_ffc31143
8242,8242,doc_07939_065df4d1_chunk_0,doc_07939_065df4d1
8243,8243,doc_07940_6296e5a7_chunk_0,doc_07940_6296e5a7
8244,8244,doc_07941_4044d1bc_chunk_0,doc_07941_4044d1bc
8245,8245,doc_07942_8afb3267_chunk_0,doc_07942_8afb3267
8246,8246,doc_07943_6fc1a7eb_chunk_0,doc_07943_6fc1a7eb
8247,8247,doc_07944_7c71bef3_chunk_0,doc_07944_7c71bef3
8248,8248,doc_07945_59307635_chunk_0,doc_07945_59307635
8249,8249,doc_07946_c0b1d040_chunk_0,doc_07946_c0b1d040
8250,8250,doc_07947_c38b72ef_chunk_0,doc_07947_c38b72ef
8251,8251,doc_07948_a590fc9a_chunk_0,doc_07948_a590fc9a
8252,8252,doc_07949_d991e14a_chunk_0,doc_07949_d991e14a
8253,8253,doc_07950_65b51597_chunk_0,doc_07950_65b51597
8254,8254,doc_07951_3f8e42c6_chunk_0,doc_07951_3f8e42c6
8255,8255,doc_07952_064ac116_chunk_0,doc_07952_064ac116
8256,8256,doc_07953_0ad83f6a_chunk_0,doc_07953_0ad83f6a
8257,8257,doc_07954_e3e71f5a_chunk_0,doc_07954_e3e71f5a
8258,8258,doc_07955_590b8fb9_chunk_0,doc_07955_590b8fb9
8259,8259,doc_07956_43c9c65d_chunk_0,doc_07956_43c9c65d
8260,8260,doc_07957_b33a96ac_chunk_0,doc_07957_b33a96ac
8261,8261,doc_07958_891d702b_chunk_0,doc_07958_891d702b
8262,8262,doc_07959_3b4b2967_chunk_0,doc_07959_3b4b2967
8263,8263,doc_07960_489c643a_chunk_0,doc_07960_489c643a
8264,8264,doc_07961_2566df95_chunk_0,doc_07961_2566df95
8265,8265,doc_07962_215594f5_chunk_0,doc_07962_215594f5
8266,8266,doc_07963_04881030_chunk_0,doc_07963_04881030
8267,8267,doc_07964_d948da3a_chunk_0,doc_07964_d948da3a
8268,8268,doc_07965_ff4c988b_chunk_0,doc_07965_ff4c988b
8269,8269,doc_07966_9802a3cd_chunk_0,doc_07966_9802a3cd
8270,8270,doc_07967_786ce8c6_chunk_0,doc_07967_786ce8c6
8271,8271,doc_07968_8792eb61_chunk_0,doc_07968_8792eb61
8272,8272,doc_07969_fc71bf72_chunk_0,doc_07969_fc71bf72
8273,8273,doc_07970_2801b4b3_chunk_0,doc_07970_2801b4b3
8274,8274,doc_07971_f1909916_chunk_0,doc_07971_f1909916
8275,8275,doc_07972_f7a133fb_chunk_0,doc_07972_f7a133fb
8276,8276,doc_07973_ba0d5d1c_chunk_0,doc_07973_ba0d5d1c
8277,8277,doc_07974_8f134f5a_chunk_0,doc_07974_8f134f5a
8278,8278,doc_07975_337b237b_chunk_0,doc_07975_337b237b
8279,8279,doc_07976_fd54619c_chunk_0,doc_07976_fd54619c
8280,8280,doc_07977_9004a16f_chunk_0,doc_07977_9004a16f
8281,8281,doc_07978_d08b9de8_chunk_0,doc_07978_d08b9de8
8282,8282,doc_07979_b33b4887_chunk_0,doc_07979_b33b4887
8283,8283,doc_07980_0c45673a_chunk_0,doc_07980_0c45673a
8284,8284,doc_07981_a41096ea_chunk_0,doc_07981_a41096ea
8285,8285,doc_07982_0caa0561_chunk_0,doc_07982_0caa0561
8286,8286,doc_07983_5e386c13_chunk_0,doc_07983_5e386c13
8287,8287,doc_07984_88e59b1d_chunk_0,doc_07984_88e59b1d
8288,8288,doc_07985_47eff814_chunk_0,doc_07985_47eff814
8289,8289,doc_07986_b6b693a5_chunk_0,doc_07986_b6b693a5
8290,8290,doc_07987_56e98ad6_chunk_0,doc_07987_56e98ad6
8291,8291,doc_07988_ba090d31_chunk_0,doc_07988_ba090d31
8292,8292,doc_07989_a08efd3d_chunk_0,doc_07989_a08efd3d
8293,8293,doc_07990_79a43e22_chunk_0,doc_07990_79a43e22
8294,8294,doc_07990_79a43e22_chunk_1,doc_07990_79a43e22
8295,8295,doc_07991_f90271f1_chunk_0,doc_07991_f90271f1
8296,8296,doc_07992_218ad2eb_chunk_0,doc_07992_218ad2eb
8297,8297,doc_07992_218ad2eb_chunk_1,doc_07992_218ad2eb
8298,8298,doc_07993_0a47c9d1_chunk_0,doc_07993_0a47c9d1
8299,8299,doc_07994_86f05664_chunk_0,doc_07994_86f05664
8300,8300,doc_07995_2a9de94f_chunk_0,doc_07995_2a9de94f
8301,8301,doc_07996_6c4fcd9f_chunk_0,doc_07996_6c4fcd9f
8302,8302,doc_07997_90a4fbb0_chunk_0,doc_07997_90a4fbb0
8303,8303,doc_07998_9944fcf5_chunk_0,doc_07998_9944fcf5
8304,8304,doc_07999_c3fab236_chunk_0,doc_07999_c3fab236
8305,8305,doc_08000_5df043ea_chunk_0,doc_08000_5df043ea
8306,8306,doc_08001_7787671a_chunk_0,doc_08001_7787671a
8307,8307,doc_08002_c7566a60_chunk_0,doc_08002_c7566a60
8308,8308,doc_08003_548e09e2_chunk_0,doc_08003_548e09e2
8309,8309,doc_08004_ba913877_chunk_0,doc_08004_ba913877
8310,8310,doc_08005_a6b579ca_chunk_0,doc_08005_a6b579ca
8311,8311,doc_08006_d46441e2_chunk_0,doc_08006_d46441e2
8312,8312,doc_08007_f95bf011_chunk_0,doc_08007_f95bf011
8313,8313,doc_08008_025b04b9_chunk_0,doc_08008_025b04b9
8314,8314,doc_08009_8372f728_chunk_0,doc_08009_8372f728
8315,8315,doc_08010_9179bab4_chunk_0,doc_08010_9179bab4
8316,8316,doc_08011_213a0c4a_chunk_0,doc_08011_213a0c4a
8317,8317,doc_08012_d3958334_chunk_0,doc_08012_d3958334
8318,8318,doc_08013_8f1bad0c_chunk_0,doc_08013_8f1bad0c
8319,8319,doc_08014_79389275_chunk_0,doc_08014_79389275
8320,8320,doc_08015_738cade6_chunk_0,doc_08015_738cade6
8321,8321,doc_08016_9920d360_chunk_0,doc_08016_9920d360
8322,8322,doc_08017_bca22125_chunk_0,doc_08017_bca22125
8323,8323,doc_08018_c6c5b1cb_chunk_0,doc_08018_c6c5b1cb
8324,8324,doc_08019_d0f752ea_chunk_0,doc_08019_d0f752ea
8325,8325,doc_08020_8ffe6060_chunk_0,doc_08020_8ffe6060
8326,8326,doc_08021_4ccdb615_chunk_0,doc_08021_4ccdb615
8327,8327,doc_08022_0cfda979_chunk_0,doc_08022_0cfda979
8328,8328,doc_08023_e7b85ad8_chunk_0,doc_08023_e7b85ad8
8329,8329,doc_08024_59b933c9_chunk_0,doc_08024_59b933c9
8330,8330,doc_08025_b3e6438b_chunk_0,doc_08025_b3e6438b
8331,8331,doc_08026_39e42d2b_chunk_0,doc_08026_39e42d2b
8332,8332,doc_08027_c4132084_chunk_0,doc_08027_c4132084
8333,8333,doc_08028_748ec36a_chunk_0,doc_08028_748ec36a
8334,8334,doc_08029_24b1e188_chunk_0,doc_08029_24b1e188
8335,8335,doc_08030_d543f23b_chunk_0,doc_08030_d543f23b
8336,8336,doc_08031_38b43fd6_chunk_0,doc_08031_38b43fd6
8337,8337,doc_08032_08bf55be_chunk_0,doc_08032_08bf55be
8338,8338,doc_08033_66931a9a_chunk_0,doc_08033_66931a9a
8339,8339,doc_08034_dc73b337_chunk_0,doc_08034_dc73b337
8340,8340,doc_08035_5fce1a5c_chunk_0,doc_08035_5fce1a5c
8341,8341,doc_08036_86c90a2d_chunk_0,doc_08036_86c90a2d
8342,8342,doc_08037_6c1b6fcd_chunk_0,doc_08037_6c1b6fcd
8343,8343,doc_08038_f3237260_chunk_0,doc_08038_f3237260
8344,8344,doc_08039_2c702578_chunk_0,doc_08039_2c702578
8345,8345,doc_08040_f4369c6d_chunk_0,doc_08040_f4369c6d
8346,8346,doc_08041_378f2ce4_chunk_0,doc_08041_378f2ce4
8347,8347,doc_08042_b19ab425_chunk_0,doc_08042_b19ab425
8348,8348,doc_08043_4284ffd9_chunk_0,doc_08043_4284ffd9
8349,8349,doc_08044_ca961f8d_chunk_0,doc_08044_ca961f8d
8350,8350,doc_08045_d463f5c1_chunk_0,doc_08045_d463f5c1
8351,8351,doc_08046_2552e02c_chunk_0,doc_08046_2552e02c
8352,8352,doc_08047_847cb269_chunk_0,doc_08047_847cb269
8353,8353,doc_08048_a80350a7_chunk_0,doc_08048_a80350a7
8354,8354,doc_08049_b7b742ba_chunk_0,doc_08049_b7b742ba
8355,8355,doc_08050_f39fa1e8_chunk_0,doc_08050_f39fa1e8
8356,8356,doc_08051_b5ea7af5_chunk_0,doc_08051_b5ea7af5
8357,8357,doc_08052_14df3535_chunk_0,doc_08052_14df3535
8358,8358,doc_08052_14df3535_chunk_1,doc_08052_14df3535
8359,8359,doc_08053_9d3b5b80_chunk_0,doc_08053_9d3b5b80
8360,8360,doc_08054_d1836f87_chunk_0,doc_08054_d1836f87
8361,8361,doc_08055_c95e6734_chunk_0,doc_08055_c95e6734
8362,8362,doc_08056_5c05d56c_chunk_0,doc_08056_5c05d56c
8363,8363,doc_08057_6c9cd371_chunk_0,doc_08057_6c9cd371
8364,8364,doc_08058_de546868_chunk_0,doc_08058_de546868
8365,8365,doc_08059_e4cb3809_chunk_0,doc_08059_e4cb3809
8366,8366,doc_08060_656322b5_chunk_0,doc_08060_656322b5
8367,8367,doc_08061_d900d473_chunk_0,doc_08061_d900d473
8368,8368,doc_08062_36e911db_chunk_0,doc_08062_36e911db
8369,8369,doc_08063_30a29a12_chunk_0,doc_08063_30a29a12
8370,8370,doc_08064_9b545489_chunk_0,doc_08064_9b545489
8371,8371,doc_08065_89e9797b_chunk_0,doc_08065_89e9797b
8372,8372,doc_08066_6c2a6669_chunk_0,doc_08066_6c2a6669
8373,8373,doc_08067_a26ef976_chunk_0,doc_08067_a26ef976
8374,8374,doc_08068_a4aaa117_chunk_0,doc_08068_a4aaa117
8375,8375,doc_08069_cc8af910_chunk_0,doc_08069_cc8af910
8376,8376,doc_08070_91b29b04_chunk_0,doc_08070_91b29b04
8377,8377,doc_08071_dcd037e6_chunk_0,doc_08071_dcd037e6
8378,8378,doc_08072_05661180_chunk_0,doc_08072_05661180
8379,8379,doc_08073_a91ecb4b_chunk_0,doc_08073_a91ecb4b
8380,8380,doc_08074_4def6cc1_chunk_0,doc_08074_4def6cc1
8381,8381,doc_08075_f2c5d77c_chunk_0,doc_08075_f2c5d77c
8382,8382,doc_08076_e4c1e987_chunk_0,doc_08076_e4c1e987
8383,8383,doc_08077_9ae35042_chunk_0,doc_08077_9ae35042
8384,8384,doc_08078_c4006d44_chunk_0,doc_08078_c4006d44
8385,8385,doc_08079_b63a172c_chunk_0,doc_08079_b63a172c
8386,8386,doc_08080_1ed1ffd0_chunk_0,doc_08080_1ed1ffd0
8387,8387,doc_08081_9f1c31f3_chunk_0,doc_08081_9f1c31f3
8388,8388,doc_08082_c4c5aa1e_chunk_0,doc_08082_c4c5aa1e
8389,8389,doc_08083_5e3b208e_chunk_0,doc_08083_5e3b208e
8390,8390,doc_08084_15065cd2_chunk_0,doc_08084_15065cd2
8391,8391,doc_08085_9d23a9ab_chunk_0,doc_08085_9d23a9ab
8392,8392,doc_08086_f30e2bff_chunk_0,doc_08086_f30e2bff
8393,8393,doc_08087_d2a68cb4_chunk_0,doc_08087_d2a68cb4
8394,8394,doc_08088_4fb32a2c_chunk_0,doc_08088_4fb32a2c
8395,8395,doc_08089_690922de_chunk_0,doc_08089_690922de
8396,8396,doc_08090_a07ef3bc_chunk_0,doc_08090_a07ef3bc
8397,8397,doc_08091_72de1f3b_chunk_0,doc_08091_72de1f3b
8398,8398,doc_08092_b0445230_chunk_0,doc_08092_b0445230
8399,8399,doc_08093_4e962e54_chunk_0,doc_08093_4e962e54
8400,8400,doc_08094_1178d677_chunk_0,doc_08094_1178d677
8401,8401,doc_08095_633d503b_chunk_0,doc_08095_633d503b
8402,8402,doc_08096_2877319b_chunk_0,doc_08096_2877319b
8403,8403,doc_08097_37892478_chunk_0,doc_08097_37892478
8404,8404,doc_08098_5d4490f9_chunk_0,doc_08098_5d4490f9
8405,8405,doc_08099_65c59d06_chunk_0,doc_08099_65c59d06
8406,8406,doc_08100_ac3836ef_chunk_0,doc_08100_ac3836ef
8407,8407,doc_08101_d41c2000_chunk_0,doc_08101_d41c2000
8408,8408,doc_08102_fa472437_chunk_0,doc_08102_fa472437
8409,8409,doc_08103_0ec61b17_chunk_0,doc_08103_0ec61b17
8410,8410,doc_08104_61a5f5ad_chunk_0,doc_08104_61a5f5ad
8411,8411,doc_08105_ea49da47_chunk_0,doc_08105_ea49da47
8412,8412,doc_08106_826c301e_chunk_0,doc_08106_826c301e
8413,8413,doc_08107_201d1dc6_chunk_0,doc_08107_201d1dc6
8414,8414,doc_08108_8e9263a2_chunk_0,doc_08108_8e9263a2
8415,8415,doc_08109_e167f195_chunk_0,doc_08109_e167f195
8416,8416,doc_08110_f2540db2_chunk_0,doc_08110_f2540db2
8417,8417,doc_08111_3277aff4_chunk_0,doc_08111_3277aff4
8418,8418,doc_08112_ac348d7a_chunk_0,doc_08112_ac348d7a
8419,8419,doc_08113_fa153211_chunk_0,doc_08113_fa153211
8420,8420,doc_08114_77d37a92_chunk_0,doc_08114_77d37a92
8421,8421,doc_08115_ae9604ba_chunk_0,doc_08115_ae9604ba
8422,8422,doc_08116_e6a3bff9_chunk_0,doc_08116_e6a3bff9
8423,8423,doc_08117_f4a85c7d_chunk_0,doc_08117_f4a85c7d
8424,8424,doc_08118_ce3413b6_chunk_0,doc_08118_ce3413b6
8425,8425,doc_08119_ef4b0362_chunk_0,doc_08119_ef4b0362
8426,8426,doc_08120_04373f25_chunk_0,doc_08120_04373f25
8427,8427,doc_08121_b2eac6bf_chunk_0,doc_08121_b2eac6bf
8428,8428,doc_08122_06b2a28c_chunk_0,doc_08122_06b2a28c
8429,8429,doc_08123_96904b4d_chunk_0,doc_08123_96904b4d
8430,8430,doc_08124_5c2a3bbe_chunk_0,doc_08124_5c2a3bbe
8431,8431,doc_08125_4bb26be6_chunk_0,doc_08125_4bb26be6
8432,8432,doc_08126_a3f5ef7c_chunk_0,doc_08126_a3f5ef7c
8433,8433,doc_08127_146b9789_chunk_0,doc_08127_146b9789
8434,8434,doc_08128_4694df42_chunk_0,doc_08128_4694df42
8435,8435,doc_08129_06c507f0_chunk_0,doc_08129_06c507f0
8436,8436,doc_08130_a9da0d53_chunk_0,doc_08130_a9da0d53
8437,8437,doc_08131_8ba06d3f_chunk_0,doc_08131_8ba06d3f
8438,8438,doc_08132_333d3a58_chunk_0,doc_08132_333d3a58
8439,8439,doc_08133_60bb4879_chunk_0,doc_08133_60bb4879
8440,8440,doc_08134_a987bb71_chunk_0,doc_08134_a987bb71
8441,8441,doc_08135_0205a5c4_chunk_0,doc_08135_0205a5c4
8442,8442,doc_08136_3cfcfc54_chunk_0,doc_08136_3cfcfc54
8443,8443,doc_08137_819a02c8_chunk_0,doc_08137_819a02c8
8444,8444,doc_08138_7cdcf7b5_chunk_0,doc_08138_7cdcf7b5
8445,8445,doc_08139_8d3d3662_chunk_0,doc_08139_8d3d3662
8446,8446,doc_08140_2d027d1e_chunk_0,doc_08140_2d027d1e
8447,8447,doc_08141_2c8e24ac_chunk_0,doc_08141_2c8e24ac
8448,8448,doc_08142_1a420aee_chunk_0,doc_08142_1a420aee
8449,8449,doc_08143_699585c3_chunk_0,doc_08143_699585c3
8450,8450,doc_08144_4374d491_chunk_0,doc_08144_4374d491
8451,8451,doc_08145_f9d08dae_chunk_0,doc_08145_f9d08dae
8452,8452,doc_08146_bc1af3c5_chunk_0,doc_08146_bc1af3c5
8453,8453,doc_08147_05a02632_chunk_0,doc_08147_05a02632
8454,8454,doc_08148_ea5c4cf0_chunk_0,doc_08148_ea5c4cf0
8455,8455,doc_08149_079c6764_chunk_0,doc_08149_079c6764
8456,8456,doc_08150_3d7acf6a_chunk_0,doc_08150_3d7acf6a
8457,8457,doc_08151_9ac11294_chunk_0,doc_08151_9ac11294
8458,8458,doc_08152_f16a4781_chunk_0,doc_08152_f16a4781
8459,8459,doc_08153_668143ab_chunk_0,doc_08153_668143ab
8460,8460,doc_08154_336e6bdc_chunk_0,doc_08154_336e6bdc
8461,8461,doc_08155_77a9940e_chunk_0,doc_08155_77a9940e
8462,8462,doc_08156_edc7ff1b_chunk_0,doc_08156_edc7ff1b
8463,8463,doc_08157_d2a5e3fc_chunk_0,doc_08157_d2a5e3fc
8464,8464,doc_08158_3b59601b_chunk_0,doc_08158_3b59601b
8465,8465,doc_08159_71db8308_chunk_0,doc_08159_71db8308
8466,8466,doc_08160_d9c38fe4_chunk_0,doc_08160_d9c38fe4
8467,8467,doc_08161_e96f27e6_chunk_0,doc_08161_e96f27e6
8468,8468,doc_08162_3439bce2_chunk_0,doc_08162_3439bce2
8469,8469,doc_08163_026eae20_chunk_0,doc_08163_026eae20
8470,8470,doc_08164_7d62b751_chunk_0,doc_08164_7d62b751
8471,8471,doc_08165_2d27347b_chunk_0,doc_08165_2d27347b
8472,8472,doc_08166_0f387c67_chunk_0,doc_08166_0f387c67
8473,8473,doc_08167_c229eed8_chunk_0,doc_08167_c229eed8
8474,8474,doc_08168_d3a57160_chunk_0,doc_08168_d3a57160
8475,8475,doc_08169_2d30940c_chunk_0,doc_08169_2d30940c
8476,8476,doc_08170_19589808_chunk_0,doc_08170_19589808
8477,8477,doc_08171_f6f52c4d_chunk_0,doc_08171_f6f52c4d
8478,8478,doc_08172_a1be3ac2_chunk_0,doc_08172_a1be3ac2
8479,8479,doc_08173_896a8385_chunk_0,doc_08173_896a8385
8480,8480,doc_08174_907d6dca_chunk_0,doc_08174_907d6dca
8481,8481,doc_08175_b034daad_chunk_0,doc_08175_b034daad
8482,8482,doc_08176_2d235f5d_chunk_0,doc_08176_2d235f5d
8483,8483,doc_08177_120f2b9a_chunk_0,doc_08177_120f2b9a
8484,8484,doc_08178_99887395_chunk_0,doc_08178_99887395
8485,8485,doc_08179_b613d928_chunk_0,doc_08179_b613d928
8486,8486,doc_08180_9177165c_chunk_0,doc_08180_9177165c
8487,8487,doc_08181_d500a3b4_chunk_0,doc_08181_d500a3b4
8488,8488,doc_08182_aaf42a5e_chunk_0,doc_08182_aaf42a5e
8489,8489,doc_08183_d488ef7b_chunk_0,doc_08183_d488ef7b
8490,8490,doc_08184_c057b768_chunk_0,doc_08184_c057b768
8491,8491,doc_08185_e13fed43_chunk_0,doc_08185_e13fed43
8492,8492,doc_08186_34591925_chunk_0,doc_08186_34591925
8493,8493,doc_08187_423007d6_chunk_0,doc_08187_423007d6
8494,8494,doc_08188_da122b1d_chunk_0,doc_08188_da122b1d
8495,8495,doc_08189_818a4226_chunk_0,doc_08189_818a4226
8496,8496,doc_08190_98396dd2_chunk_0,doc_08190_98396dd2
8497,8497,doc_08191_b10ff04a_chunk_0,doc_08191_b10ff04a
8498,8498,doc_08192_d0f2d685_chunk_0,doc_08192_d0f2d685
8499,8499,doc_08193_c16044ea_chunk_0,doc_08193_c16044ea
8500,8500,doc_08194_ae5eb61b_chunk_0,doc_08194_ae5eb61b
8501,8501,doc_08195_d1baea57_chunk_0,doc_08195_d1baea57
8502,8502,doc_08196_0f851ff0_chunk_0,doc_08196_0f851ff0
8503,8503,doc_08197_487bcb61_chunk_0,doc_08197_487bcb61
8504,8504,doc_08198_2c7d3de2_chunk_0,doc_08198_2c7d3de2
8505,8505,doc_08199_844bfd7d_chunk_0,doc_08199_844bfd7d
8506,8506,doc_08200_2759eaa7_chunk_0,doc_08200_2759eaa7
8507,8507,doc_08201_3d6271b6_chunk_0,doc_08201_3d6271b6
8508,8508,doc_08202_36664517_chunk_0,doc_08202_36664517
8509,8509,doc_08203_a3f48f37_chunk_0,doc_08203_a3f48f37
8510,8510,doc_08204_bebee4c6_chunk_0,doc_08204_bebee4c6
8511,8511,doc_08205_5faafd44_chunk_0,doc_08205_5faafd44
8512,8512,doc_08206_dbf915d0_chunk_0,doc_08206_dbf915d0
8513,8513,doc_08207_6fb9796a_chunk_0,doc_08207_6fb9796a
8514,8514,doc_08208_756a1026_chunk_0,doc_08208_756a1026
8515,8515,doc_08209_6e992eba_chunk_0,doc_08209_6e992eba
8516,8516,doc_08210_9c3352ad_chunk_0,doc_08210_9c3352ad
8517,8517,doc_08211_056dac10_chunk_0,doc_08211_056dac10
8518,8518,doc_08212_ba0a2447_chunk_0,doc_08212_ba0a2447
8519,8519,doc_08213_73d8c310_chunk_0,doc_08213_73d8c310
8520,8520,doc_08214_e4a5f5ca_chunk_0,doc_08214_e4a5f5ca
8521,8521,doc_08215_51c94089_chunk_0,doc_08215_51c94089
8522,8522,doc_08216_fe4a3192_chunk_0,doc_08216_fe4a3192
8523,8523,doc_08217_48af213d_chunk_0,doc_08217_48af213d
8524,8524,doc_08218_a2a3382e_chunk_0,doc_08218_a2a3382e
8525,8525,doc_08219_3ade26e6_chunk_0,doc_08219_3ade26e6
8526,8526,doc_08220_abaa41bd_chunk_0,doc_08220_abaa41bd
8527,8527,doc_08221_28e4639b_chunk_0,doc_08221_28e4639b
8528,8528,doc_08222_89360de4_chunk_0,doc_08222_89360de4
8529,8529,doc_08223_d4944329_chunk_0,doc_08223_d4944329
8530,8530,doc_08224_708ad576_chunk_0,doc_08224_708ad576
8531,8531,doc_08225_52b043eb_chunk_0,doc_08225_52b043eb
8532,8532,doc_08226_75ee3350_chunk_0,doc_08226_75ee3350
8533,8533,doc_08227_f13b4619_chunk_0,doc_08227_f13b4619
8534,8534,doc_08228_708a855d_chunk_0,doc_08228_708a855d
8535,8535,doc_08229_254370ea_chunk_0,doc_08229_254370ea
8536,8536,doc_08230_e09ee7e4_chunk_0,doc_08230_e09ee7e4
8537,8537,doc_08231_4ed13c08_chunk_0,doc_08231_4ed13c08
8538,8538,doc_08232_56932f51_chunk_0,doc_08232_56932f51
8539,8539,doc_08233_dcf9e90a_chunk_0,doc_08233_dcf9e90a
8540,8540,doc_08234_357f516d_chunk_0,doc_08234_357f516d
8541,8541,doc_08235_d8185fa5_chunk_0,doc_08235_d8185fa5
8542,8542,doc_08236_3fea734c_chunk_0,doc_08236_3fea734c
8543,8543,doc_08237_9b667a6d_chunk_0,doc_08237_9b667a6d
8544,8544,doc_08238_caa0aa4c_chunk_0,doc_08238_caa0aa4c
8545,8545,doc_08239_95c5f89e_chunk_0,doc_08239_95c5f89e
8546,8546,doc_08240_0483466b_chunk_0,doc_08240_0483466b
8547,8547,doc_08241_8843043d_chunk_0,doc_08241_8843043d
8548,8548,doc_08242_ee6b7fe5_chunk_0,doc_08242_ee6b7fe5
8549,8549,doc_08243_afb190f2_chunk_0,doc_08243_afb190f2
8550,8550,doc_08244_d1458125_chunk_0,doc_08244_d1458125
8551,8551,doc_08245_44f516f1_chunk_0,doc_08245_44f516f1
8552,8552,doc_08246_738fe2ac_chunk_0,doc_08246_738fe2ac
8553,8553,doc_08247_8876a649_chunk_0,doc_08247_8876a649
8554,8554,doc_08248_21d821b5_chunk_0,doc_08248_21d821b5
8555,8555,doc_08249_39d16439_chunk_0,doc_08249_39d16439
8556,8556,doc_08250_0d13f80f_chunk_0,doc_08250_0d13f80f
8557,8557,doc_08251_0c5775d3_chunk_0,doc_08251_0c5775d3
8558,8558,doc_08252_a61d142e_chunk_0,doc_08252_a61d142e
8559,8559,doc_08253_5f161f08_chunk_0,doc_08253_5f161f08
8560,8560,doc_08254_c9f0d993_chunk_0,doc_08254_c9f0d993
8561,8561,doc_08255_c8045afd_chunk_0,doc_08255_c8045afd
8562,8562,doc_08256_f067cb72_chunk_0,doc_08256_f067cb72
8563,8563,doc_08257_e27f27e6_chunk_0,doc_08257_e27f27e6
8564,8564,doc_08258_1a0f4ab9_chunk_0,doc_08258_1a0f4ab9
8565,8565,doc_08259_375c5dfe_chunk_0,doc_08259_375c5dfe
8566,8566,doc_08260_e9f5eda5_chunk_0,doc_08260_e9f5eda5
8567,8567,doc_08261_8fc100fa_chunk_0,doc_08261_8fc100fa
8568,8568,doc_08262_0330aad4_chunk_0,doc_08262_0330aad4
8569,8569,doc_08263_8aabdd50_chunk_0,doc_08263_8aabdd50
8570,8570,doc_08264_8cb6a177_chunk_0,doc_08264_8cb6a177
8571,8571,doc_08265_ff007575_chunk_0,doc_08265_ff007575
8572,8572,doc_08266_02a86e09_chunk_0,doc_08266_02a86e09
8573,8573,doc_08267_8f398d18_chunk_0,doc_08267_8f398d18
8574,8574,doc_08268_c8b1aed0_chunk_0,doc_08268_c8b1aed0
8575,8575,doc_08269_e0afa4fa_chunk_0,doc_08269_e0afa4fa
8576,8576,doc_08270_a15d5c1b_chunk_0,doc_08270_a15d5c1b
8577,8577,doc_08271_82cfdc39_chunk_0,doc_08271_82cfdc39
8578,8578,doc_08272_7fc8a9fd_chunk_0,doc_08272_7fc8a9fd
8579,8579,doc_08273_96ef365a_chunk_0,doc_08273_96ef365a
8580,8580,doc_08274_9d217248_chunk_0,doc_08274_9d217248
8581,8581,doc_08274_9d217248_chunk_1,doc_08274_9d217248
8582,8582,doc_08275_446759ba_chunk_0,doc_08275_446759ba
8583,8583,doc_08276_cba3bdce_chunk_0,doc_08276_cba3bdce
8584,8584,doc_08277_08c62b63_chunk_0,doc_08277_08c62b63
8585,8585,doc_08278_6a440874_chunk_0,doc_08278_6a440874
8586,8586,doc_08279_722ab7b4_chunk_0,doc_08279_722ab7b4
8587,8587,doc_08280_36378252_chunk_0,doc_08280_36378252
8588,8588,doc_08281_33ec6ac4_chunk_0,doc_08281_33ec6ac4
8589,8589,doc_08282_c50b7f8a_chunk_0,doc_08282_c50b7f8a
8590,8590,doc_08283_7e8b1401_chunk_0,doc_08283_7e8b1401
8591,8591,doc_08284_40f80482_chunk_0,doc_08284_40f80482
8592,8592,doc_08285_be8b5ff5_chunk_0,doc_08285_be8b5ff5
8593,8593,doc_08286_dc8a2932_chunk_0,doc_08286_dc8a2932
8594,8594,doc_08287_486db65d_chunk_0,doc_08287_486db65d
8595,8595,doc_08288_c2d748b1_chunk_0,doc_08288_c2d748b1
8596,8596,doc_08289_55c36884_chunk_0,doc_08289_55c36884
8597,8597,doc_08290_eef16a8c_chunk_0,doc_08290_eef16a8c
8598,8598,doc_08291_e981341a_chunk_0,doc_08291_e981341a
8599,8599,doc_08292_1591965d_chunk_0,doc_08292_1591965d
8600,8600,doc_08293_775127cc_chunk_0,doc_08293_775127cc
8601,8601,doc_08294_5f8efb19_chunk_0,doc_08294_5f8efb19
8602,8602,doc_08295_eecf8a77_chunk_0,doc_08295_eecf8a77
8603,8603,doc_08296_d8b09842_chunk_0,doc_08296_d8b09842
8604,8604,doc_08297_402af09a_chunk_0,doc_08297_402af09a
8605,8605,doc_08298_ffff5330_chunk_0,doc_08298_ffff5330
8606,8606,doc_08299_94bfd893_chunk_0,doc_08299_94bfd893
8607,8607,doc_08300_c0a76340_chunk_0,doc_08300_c0a76340
8608,8608,doc_08301_5b34ddad_chunk_0,doc_08301_5b34ddad
8609,8609,doc_08302_695bf0a3_chunk_0,doc_08302_695bf0a3
8610,8610,doc_08303_d6b54303_chunk_0,doc_08303_d6b54303
8611,8611,doc_08304_d055275d_chunk_0,doc_08304_d055275d
8612,8612,doc_08305_daa6eee1_chunk_0,doc_08305_daa6eee1
8613,8613,doc_08306_f8ddc8cf_chunk_0,doc_08306_f8ddc8cf
8614,8614,doc_08307_c8200db6_chunk_0,doc_08307_c8200db6
8615,8615,doc_08308_57acbec5_chunk_0,doc_08308_57acbec5
8616,8616,doc_08309_3cd86b53_chunk_0,doc_08309_3cd86b53
8617,8617,doc_08310_b0918f0c_chunk_0,doc_08310_b0918f0c
8618,8618,doc_08311_d941deeb_chunk_0,doc_08311_d941deeb
8619,8619,doc_08312_aa49d496_chunk_0,doc_08312_aa49d496
8620,8620,doc_08313_97761b07_chunk_0,doc_08313_97761b07
8621,8621,doc_08314_c0b46ead_chunk_0,doc_08314_c0b46ead
8622,8622,doc_08315_d3cbaa14_chunk_0,doc_08315_d3cbaa14
8623,8623,doc_08316_a1278cf0_chunk_0,doc_08316_a1278cf0
8624,8624,doc_08317_1bf2c377_chunk_0,doc_08317_1bf2c377
8625,8625,doc_08318_bfe80573_chunk_0,doc_08318_bfe80573
8626,8626,doc_08319_0788b3ba_chunk_0,doc_08319_0788b3ba
8627,8627,doc_08320_6226756d_chunk_0,doc_08320_6226756d
8628,8628,doc_08321_b375dbb0_chunk_0,doc_08321_b375dbb0
8629,8629,doc_08322_b2db1309_chunk_0,doc_08322_b2db1309
8630,8630,doc_08323_55bceb49_chunk_0,doc_08323_55bceb49
8631,8631,doc_08324_4f2860da_chunk_0,doc_08324_4f2860da
8632,8632,doc_08325_da9e26ad_chunk_0,doc_08325_da9e26ad
8633,8633,doc_08326_e9bbed3a_chunk_0,doc_08326_e9bbed3a
8634,8634,doc_08327_b62e13a7_chunk_0,doc_08327_b62e13a7
8635,8635,doc_08328_242714e0_chunk_0,doc_08328_242714e0
8636,8636,doc_08329_2bc65270_chunk_0,doc_08329_2bc65270
8637,8637,doc_08330_0aaa65b9_chunk_0,doc_08330_0aaa65b9
8638,8638,doc_08331_9d11ad3d_chunk_0,doc_08331_9d11ad3d
8639,8639,doc_08332_ebfbf451_chunk_0,doc_08332_ebfbf451
8640,8640,doc_08333_56e58ca8_chunk_0,doc_08333_56e58ca8
8641,8641,doc_08334_679fa17d_chunk_0,doc_08334_679fa17d
8642,8642,doc_08335_430daea7_chunk_0,doc_08335_430daea7
8643,8643,doc_08336_d9eceb46_chunk_0,doc_08336_d9eceb46
8644,8644,doc_08337_081df026_chunk_0,doc_08337_081df026
8645,8645,doc_08338_e291a877_chunk_0,doc_08338_e291a877
8646,8646,doc_08339_4b10394a_chunk_0,doc_08339_4b10394a
8647,8647,doc_08339_4b10394a_chunk_1,doc_08339_4b10394a
8648,8648,doc_08340_ffd99f0d_chunk_0,doc_08340_ffd99f0d
8649,8649,doc_08341_a1de06f9_chunk_0,doc_08341_a1de06f9
8650,8650,doc_08342_da64d61b_chunk_0,doc_08342_da64d61b
8651,8651,doc_08343_1b64cf11_chunk_0,doc_08343_1b64cf11
8652,8652,doc_08344_c1169462_chunk_0,doc_08344_c1169462
8653,8653,doc_08345_1a88bb9c_chunk_0,doc_08345_1a88bb9c
8654,8654,doc_08346_67d245b7_chunk_0,doc_08346_67d245b7
8655,8655,doc_08347_e0dc3fc9_chunk_0,doc_08347_e0dc3fc9
8656,8656,doc_08348_2d634392_chunk_0,doc_08348_2d634392
8657,8657,doc_08349_03f511d2_chunk_0,doc_08349_03f511d2
8658,8658,doc_08350_9eaf95a0_chunk_0,doc_08350_9eaf95a0
8659,8659,doc_08350_9eaf95a0_chunk_1,doc_08350_9eaf95a0
8660,8660,doc_08350_9eaf95a0_chunk_2,doc_08350_9eaf95a0
8661,8661,doc_08351_33b93050_chunk_0,doc_08351_33b93050
8662,8662,doc_08351_33b93050_chunk_1,doc_08351_33b93050
8663,8663,doc_08352_3042109f_chunk_0,doc_08352_3042109f
8664,8664,doc_08353_f38153ce_chunk_0,doc_08353_f38153ce
8665,8665,doc_08353_f38153ce_chunk_1,doc_08353_f38153ce
8666,8666,doc_08354_e9e8a0d1_chunk_0,doc_08354_e9e8a0d1
8667,8667,doc_08355_dfdfa939_chunk_0,doc_08355_dfdfa939
8668,8668,doc_08355_dfdfa939_chunk_1,doc_08355_dfdfa939
8669,8669,doc_08356_4661f769_chunk_0,doc_08356_4661f769
8670,8670,doc_08357_d06160b2_chunk_0,doc_08357_d06160b2
8671,8671,doc_08357_d06160b2_chunk_1,doc_08357_d06160b2
8672,8672,doc_08357_d06160b2_chunk_2,doc_08357_d06160b2
8673,8673,doc_08358_7093f6f0_chunk_0,doc_08358_7093f6f0
8674,8674,doc_08359_6f5db590_chunk_0,doc_08359_6f5db590
8675,8675,doc_08359_6f5db590_chunk_1,doc_08359_6f5db590
8676,8676,doc_08360_e03a238f_chunk_0,doc_08360_e03a238f
8677,8677,doc_08360_e03a238f_chunk_1,doc_08360_e03a238f
8678,8678,doc_08360_e03a238f_chunk_2,doc_08360_e03a238f
8679,8679,doc_08361_c2db9712_chunk_0,doc_08361_c2db9712
8680,8680,doc_08362_a007ee9b_chunk_0,doc_08362_a007ee9b
8681,8681,doc_08363_285d7c0f_chunk_0,doc_08363_285d7c0f
8682,8682,doc_08364_c8acad0c_chunk_0,doc_08364_c8acad0c
8683,8683,doc_08365_5efb224e_chunk_0,doc_08365_5efb224e
8684,8684,doc_08365_5efb224e_chunk_1,doc_08365_5efb224e
8685,8685,doc_08366_3e9ee547_chunk_0,doc_08366_3e9ee547
8686,8686,doc_08367_ddc7127c_chunk_0,doc_08367_ddc7127c
8687,8687,doc_08367_ddc7127c_chunk_1,doc_08367_ddc7127c
8688,8688,doc_08368_7244cf34_chunk_0,doc_08368_7244cf34
8689,8689,doc_08369_e50659a3_chunk_0,doc_08369_e50659a3
8690,8690,doc_08370_d68f1896_chunk_0,doc_08370_d68f1896
8691,8691,doc_08371_72780118_chunk_0,doc_08371_72780118
8692,8692,doc_08372_d95f1454_chunk_0,doc_08372_d95f1454
8693,8693,doc_08372_d95f1454_chunk_1,doc_08372_d95f1454
8694,8694,doc_08373_0f826b4c_chunk_0,doc_08373_0f826b4c
8695,8695,doc_08374_d5ecd89e_chunk_0,doc_08374_d5ecd89e
8696,8696,doc_08375_75bfd668_chunk_0,doc_08375_75bfd668
8697,8697,doc_08376_01e035c0_chunk_0,doc_08376_01e035c0
8698,8698,doc_08377_f1979616_chunk_0,doc_08377_f1979616
8699,8699,doc_08378_b04117f9_chunk_0,doc_08378_b04117f9
8700,8700,doc_08379_f1757d2b_chunk_0,doc_08379_f1757d2b
8701,8701,doc_08380_cfa09127_chunk_0,doc_08380_cfa09127
8702,8702,doc_08381_87fb65d6_chunk_0,doc_08381_87fb65d6
8703,8703,doc_08382_262c4bd5_chunk_0,doc_08382_262c4bd5
8704,8704,doc_08383_511dc002_chunk_0,doc_08383_511dc002
8705,8705,doc_08384_0d852d16_chunk_0,doc_08384_0d852d16
8706,8706,doc_08385_091acef2_chunk_0,doc_08385_091acef2
8707,8707,doc_08386_ffa46c8e_chunk_0,doc_08386_ffa46c8e
8708,8708,doc_08387_af0e40f8_chunk_0,doc_08387_af0e40f8
8709,8709,doc_08388_3b21af36_chunk_0,doc_08388_3b21af36
8710,8710,doc_08389_10cd69da_chunk_0,doc_08389_10cd69da
8711,8711,doc_08390_3a9bef46_chunk_0,doc_08390_3a9bef46
8712,8712,doc_08391_7ebc3cbe_chunk_0,doc_08391_7ebc3cbe
8713,8713,doc_08392_7c94f24e_chunk_0,doc_08392_7c94f24e
8714,8714,doc_08393_881b9586_chunk_0,doc_08393_881b9586
8715,8715,doc_08394_6a896eb5_chunk_0,doc_08394_6a896eb5
8716,8716,doc_08395_985547e6_chunk_0,doc_08395_985547e6
8717,8717,doc_08396_b3b1501b_chunk_0,doc_08396_b3b1501b
8718,8718,doc_08397_00e5f6fe_chunk_0,doc_08397_00e5f6fe
8719,8719,doc_08398_7d08dbb6_chunk_0,doc_08398_7d08dbb6
8720,8720,doc_08399_75ee6dac_chunk_0,doc_08399_75ee6dac
8721,8721,doc_08400_9b88063e_chunk_0,doc_08400_9b88063e
8722,8722,doc_08401_2081af3c_chunk_0,doc_08401_2081af3c
8723,8723,doc_08402_c4d76df9_chunk_0,doc_08402_c4d76df9
8724,8724,doc_08403_699e092b_chunk_0,doc_08403_699e092b
8725,8725,doc_08404_970c2ce8_chunk_0,doc_08404_970c2ce8
8726,8726,doc_08405_9b90ba6e_chunk_0,doc_08405_9b90ba6e
8727,8727,doc_08406_769207c6_chunk_0,doc_08406_769207c6
8728,8728,doc_08407_d6878e44_chunk_0,doc_08407_d6878e44
8729,8729,doc_08408_392f3e33_chunk_0,doc_08408_392f3e33
8730,8730,doc_08409_e2b6c7a6_chunk_0,doc_08409_e2b6c7a6
8731,8731,doc_08410_f51fd423_chunk_0,doc_08410_f51fd423
8732,8732,doc_08411_72573af8_chunk_0,doc_08411_72573af8
8733,8733,doc_08412_783ee7a1_chunk_0,doc_08412_783ee7a1
8734,8734,doc_08413_6ad3c4da_chunk_0,doc_08413_6ad3c4da
8735,8735,doc_08414_8d32de78_chunk_0,doc_08414_8d32de78
8736,8736,doc_08415_2a561109_chunk_0,doc_08415_2a561109
8737,8737,doc_08416_e7ea8acb_chunk_0,doc_08416_e7ea8acb
8738,8738,doc_08417_48bc99f3_chunk_0,doc_08417_48bc99f3
8739,8739,doc_08418_c6ba978d_chunk_0,doc_08418_c6ba978d
8740,8740,doc_08419_a20ffcbd_chunk_0,doc_08419_a20ffcbd
8741,8741,doc_08420_9f25143f_chunk_0,doc_08420_9f25143f
8742,8742,doc_08421_c601b625_chunk_0,doc_08421_c601b625
8743,8743,doc_08422_4fed0059_chunk_0,doc_08422_4fed0059
8744,8744,doc_08423_36ab5e70_chunk_0,doc_08423_36ab5e70
8745,8745,doc_08424_91ef565d_chunk_0,doc_08424_91ef565d
8746,8746,doc_08424_91ef565d_chunk_1,doc_08424_91ef565d
8747,8747,doc_08425_86b3e8a6_chunk_0,doc_08425_86b3e8a6
8748,8748,doc_08426_e2fdbe3b_chunk_0,doc_08426_e2fdbe3b
8749,8749,doc_08427_d7c9be52_chunk_0,doc_08427_d7c9be52
8750,8750,doc_08428_5b2c51a4_chunk_0,doc_08428_5b2c51a4
8751,8751,doc_08429_6ba5e770_chunk_0,doc_08429_6ba5e770
8752,8752,doc_08430_e503f5f5_chunk_0,doc_08430_e503f5f5
8753,8753,doc_08431_53d4b25f_chunk_0,doc_08431_53d4b25f
8754,8754,doc_08432_d744df28_chunk_0,doc_08432_d744df28
8755,8755,doc_08433_925160c8_chunk_0,doc_08433_925160c8
8756,8756,doc_08434_fedf5d24_chunk_0,doc_08434_fedf5d24
8757,8757,doc_08435_2eff020f_chunk_0,doc_08435_2eff020f
8758,8758,doc_08436_ba40f44a_chunk_0,doc_08436_ba40f44a
8759,8759,doc_08437_84bbdf3f_chunk_0,doc_08437_84bbdf3f
8760,8760,doc_08438_d1b3d138_chunk_0,doc_08438_d1b3d138
8761,8761,doc_08439_cb6cbef5_chunk_0,doc_08439_cb6cbef5
8762,8762,doc_08440_0ddf96e4_chunk_0,doc_08440_0ddf96e4
8763,8763,doc_08441_3a503dcd_chunk_0,doc_08441_3a503dcd
8764,8764,doc_08442_83b04226_chunk_0,doc_08442_83b04226
8765,8765,doc_08443_8168b3d7_chunk_0,doc_08443_8168b3d7
8766,8766,doc_08444_9d822503_chunk_0,doc_08444_9d822503
8767,8767,doc_08445_561f6e20_chunk_0,doc_08445_561f6e20
8768,8768,doc_08446_cc582f6b_chunk_0,doc_08446_cc582f6b
8769,8769,doc_08447_410d3f2b_chunk_0,doc_08447_410d3f2b
8770,8770,doc_08448_4244e89f_chunk_0,doc_08448_4244e89f
8771,8771,doc_08449_397d7e9e_chunk_0,doc_08449_397d7e9e
8772,8772,doc_08450_8d6c75a4_chunk_0,doc_08450_8d6c75a4
8773,8773,doc_08451_d41b3aa6_chunk_0,doc_08451_d41b3aa6
8774,8774,doc_08452_458b5c15_chunk_0,doc_08452_458b5c15
8775,8775,doc_08453_dce2d571_chunk_0,doc_08453_dce2d571
8776,8776,doc_08454_0a1fbfda_chunk_0,doc_08454_0a1fbfda
8777,8777,doc_08455_60ff0693_chunk_0,doc_08455_60ff0693
8778,8778,doc_08456_45e34875_chunk_0,doc_08456_45e34875
8779,8779,doc_08457_5b5630ef_chunk_0,doc_08457_5b5630ef
8780,8780,doc_08458_c5e77282_chunk_0,doc_08458_c5e77282
8781,8781,doc_08459_48ec41cf_chunk_0,doc_08459_48ec41cf
8782,8782,doc_08460_0464d55a_chunk_0,doc_08460_0464d55a
8783,8783,doc_08461_898762f7_chunk_0,doc_08461_898762f7
8784,8784,doc_08462_0d481936_chunk_0,doc_08462_0d481936
8785,8785,doc_08463_407758c3_chunk_0,doc_08463_407758c3
8786,8786,doc_08464_f45bf83a_chunk_0,doc_08464_f45bf83a
8787,8787,doc_08465_43d410c2_chunk_0,doc_08465_43d410c2
8788,8788,doc_08466_d7c029d7_chunk_0,doc_08466_d7c029d7
8789,8789,doc_08467_0a6d059b_chunk_0,doc_08467_0a6d059b
8790,8790,doc_08468_1e8105b5_chunk_0,doc_08468_1e8105b5
8791,8791,doc_08469_51c0ecd1_chunk_0,doc_08469_51c0ecd1
8792,8792,doc_08470_45bebb65_chunk_0,doc_08470_45bebb65
8793,8793,doc_08471_37eddd80_chunk_0,doc_08471_37eddd80
8794,8794,doc_08472_bb48ad63_chunk_0,doc_08472_bb48ad63
8795,8795,doc_08473_bd10c4b2_chunk_0,doc_08473_bd10c4b2
8796,8796,doc_08474_7f82be66_chunk_0,doc_08474_7f82be66
8797,8797,doc_08475_a4512d8f_chunk_0,doc_08475_a4512d8f
8798,8798,doc_08476_ad6829cf_chunk_0,doc_08476_ad6829cf
8799,8799,doc_08477_5d441df8_chunk_0,doc_08477_5d441df8
8800,8800,doc_08478_847ad1a5_chunk_0,doc_08478_847ad1a5
8801,8801,doc_08479_7181e99f_chunk_0,doc_08479_7181e99f
8802,8802,doc_08480_32e3f6f4_chunk_0,doc_08480_32e3f6f4
8803,8803,doc_08481_60b28863_chunk_0,doc_08481_60b28863
8804,8804,doc_08482_0fc1091a_chunk_0,doc_08482_0fc1091a
8805,8805,doc_08483_08f9c76b_chunk_0,doc_08483_08f9c76b
8806,8806,doc_08484_5e365c22_chunk_0,doc_08484_5e365c22
8807,8807,doc_08485_7840e2c3_chunk_0,doc_08485_7840e2c3
8808,8808,doc_08486_ffdc5ed0_chunk_0,doc_08486_ffdc5ed0
8809,8809,doc_08487_579a1006_chunk_0,doc_08487_579a1006
8810,8810,doc_08488_586c869c_chunk_0,doc_08488_586c869c
8811,8811,doc_08489_11e005fa_chunk_0,doc_08489_11e005fa
8812,8812,doc_08490_17237cf8_chunk_0,doc_08490_17237cf8
8813,8813,doc_08491_b7e0fcf8_chunk_0,doc_08491_b7e0fcf8
8814,8814,doc_08492_4e4f204a_chunk_0,doc_08492_4e4f204a
8815,8815,doc_08493_22ca9ac7_chunk_0,doc_08493_22ca9ac7
8816,8816,doc_08494_f4382ca4_chunk_0,doc_08494_f4382ca4
8817,8817,doc_08495_aea09267_chunk_0,doc_08495_aea09267
8818,8818,doc_08496_d9634890_chunk_0,doc_08496_d9634890
8819,8819,doc_08497_48c714a7_chunk_0,doc_08497_48c714a7
8820,8820,doc_08498_2a0b9dc3_chunk_0,doc_08498_2a0b9dc3
8821,8821,doc_08499_33ccec41_chunk_0,doc_08499_33ccec41
8822,8822,doc_08500_42a1126a_chunk_0,doc_08500_42a1126a
8823,8823,doc_08501_a45a9c8c_chunk_0,doc_08501_a45a9c8c
8824,8824,doc_08502_a0a6edc7_chunk_0,doc_08502_a0a6edc7
8825,8825,doc_08503_53b41d41_chunk_0,doc_08503_53b41d41
8826,8826,doc_08504_096b7114_chunk_0,doc_08504_096b7114
8827,8827,doc_08505_476c7b59_chunk_0,doc_08505_476c7b59
8828,8828,doc_08506_ea5efe47_chunk_0,doc_08506_ea5efe47
8829,8829,doc_08507_4adb7be2_chunk_0,doc_08507_4adb7be2
8830,8830,doc_08508_1a9237fa_chunk_0,doc_08508_1a9237fa
8831,8831,doc_08509_0291b15d_chunk_0,doc_08509_0291b15d
8832,8832,doc_08510_b5ca0100_chunk_0,doc_08510_b5ca0100
8833,8833,doc_08511_e5d2d14d_chunk_0,doc_08511_e5d2d14d
8834,8834,doc_08512_63858a81_chunk_0,doc_08512_63858a81
8835,8835,doc_08513_01d27e72_chunk_0,doc_08513_01d27e72
8836,8836,doc_08514_e597e27d_chunk_0,doc_08514_e597e27d
8837,8837,doc_08514_e597e27d_chunk_1,doc_08514_e597e27d
8838,8838,doc_08515_f579abd0_chunk_0,doc_08515_f579abd0
8839,8839,doc_08515_f579abd0_chunk_1,doc_08515_f579abd0
8840,8840,doc_08516_c42d3aac_chunk_0,doc_08516_c42d3aac
8841,8841,doc_08517_f1c6544b_chunk_0,doc_08517_f1c6544b
8842,8842,doc_08518_3357cc3d_chunk_0,doc_08518_3357cc3d
8843,8843,doc_08518_3357cc3d_chunk_1,doc_08518_3357cc3d
8844,8844,doc_08519_8d7e6600_chunk_0,doc_08519_8d7e6600
8845,8845,doc_08520_fbf346ba_chunk_0,doc_08520_fbf346ba
8846,8846,doc_08521_5bb7e12e_chunk_0,doc_08521_5bb7e12e
8847,8847,doc_08521_5bb7e12e_chunk_1,doc_08521_5bb7e12e
8848,8848,doc_08522_11e7d06a_chunk_0,doc_08522_11e7d06a
8849,8849,doc_08522_11e7d06a_chunk_1,doc_08522_11e7d06a
8850,8850,doc_08523_7884af1b_chunk_0,doc_08523_7884af1b
8851,8851,doc_08524_60072dbf_chunk_0,doc_08524_60072dbf
8852,8852,doc_08525_db4dc6ab_chunk_0,doc_08525_db4dc6ab
8853,8853,doc_08526_0539a2e4_chunk_0,doc_08526_0539a2e4
8854,8854,doc_08527_40031b7c_chunk_0,doc_08527_40031b7c
8855,8855,doc_08528_bc43a792_chunk_0,doc_08528_bc43a792
8856,8856,doc_08529_b38978f1_chunk_0,doc_08529_b38978f1
8857,8857,doc_08529_b38978f1_chunk_1,doc_08529_b38978f1
8858,8858,doc_08530_7f7f895c_chunk_0,doc_08530_7f7f895c
8859,8859,doc_08531_1e89f5a2_chunk_0,doc_08531_1e89f5a2
8860,8860,doc_08532_8b6a2c87_chunk_0,doc_08532_8b6a2c87
8861,8861,doc_08533_8fc25078_chunk_0,doc_08533_8fc25078
8862,8862,doc_08534_466213dc_chunk_0,doc_08534_466213dc
8863,8863,doc_08535_28adc279_chunk_0,doc_08535_28adc279
8864,8864,doc_08535_28adc279_chunk_1,doc_08535_28adc279
8865,8865,doc_08536_3ff29c28_chunk_0,doc_08536_3ff29c28
8866,8866,doc_08537_5451eacb_chunk_0,doc_08537_5451eacb
8867,8867,doc_08538_668c3697_chunk_0,doc_08538_668c3697
8868,8868,doc_08539_b8d10f4f_chunk_0,doc_08539_b8d10f4f
8869,8869,doc_08539_b8d10f4f_chunk_1,doc_08539_b8d10f4f
8870,8870,doc_08540_a016f42e_chunk_0,doc_08540_a016f42e
8871,8871,doc_08541_e6e765a5_chunk_0,doc_08541_e6e765a5
8872,8872,doc_08542_8f8948ac_chunk_0,doc_08542_8f8948ac
8873,8873,doc_08543_46c6628c_chunk_0,doc_08543_46c6628c
8874,8874,doc_08544_b056293f_chunk_0,doc_08544_b056293f
8875,8875,doc_08545_2d065203_chunk_0,doc_08545_2d065203
8876,8876,doc_08546_442090b9_chunk_0,doc_08546_442090b9
8877,8877,doc_08547_4b9dc65b_chunk_0,doc_08547_4b9dc65b
8878,8878,doc_08548_66efbf74_chunk_0,doc_08548_66efbf74
8879,8879,doc_08549_f35ab7cd_chunk_0,doc_08549_f35ab7cd
8880,8880,doc_08550_0a95a46e_chunk_0,doc_08550_0a95a46e
8881,8881,doc_08551_36596265_chunk_0,doc_08551_36596265
8882,8882,doc_08552_43e77400_chunk_0,doc_08552_43e77400
8883,8883,doc_08553_153fbb3e_chunk_0,doc_08553_153fbb3e
8884,8884,doc_08554_9dc18fb3_chunk_0,doc_08554_9dc18fb3
8885,8885,doc_08555_c46320e5_chunk_0,doc_08555_c46320e5
8886,8886,doc_08556_9940bb24_chunk_0,doc_08556_9940bb24
8887,8887,doc_08557_b2d3c970_chunk_0,doc_08557_b2d3c970
8888,8888,doc_08558_2c68b9b4_chunk_0,doc_08558_2c68b9b4
8889,8889,doc_08559_ecb7d8d6_chunk_0,doc_08559_ecb7d8d6
8890,8890,doc_08560_e318dd24_chunk_0,doc_08560_e318dd24
8891,8891,doc_08561_42328db9_chunk_0,doc_08561_42328db9
8892,8892,doc_08562_961e3e00_chunk_0,doc_08562_961e3e00
8893,8893,doc_08563_38791fe1_chunk_0,doc_08563_38791fe1
8894,8894,doc_08564_27b993ca_chunk_0,doc_08564_27b993ca
8895,8895,doc_08565_d1a8b2d8_chunk_0,doc_08565_d1a8b2d8
8896,8896,doc_08566_62ded332_chunk_0,doc_08566_62ded332
8897,8897,doc_08567_736ed636_chunk_0,doc_08567_736ed636
8898,8898,doc_08568_beb68516_chunk_0,doc_08568_beb68516
8899,8899,doc_08569_449402bf_chunk_0,doc_08569_449402bf
8900,8900,doc_08570_191085a0_chunk_0,doc_08570_191085a0
8901,8901,doc_08571_c3874345_chunk_0,doc_08571_c3874345
8902,8902,doc_08572_a56af694_chunk_0,doc_08572_a56af694
8903,8903,doc_08573_0e7cad91_chunk_0,doc_08573_0e7cad91
8904,8904,doc_08574_2db162fc_chunk_0,doc_08574_2db162fc
8905,8905,doc_08575_382fca6f_chunk_0,doc_08575_382fca6f
8906,8906,doc_08576_501a1701_chunk_0,doc_08576_501a1701
8907,8907,doc_08577_567cf8bb_chunk_0,doc_08577_567cf8bb
8908,8908,doc_08578_f20b6931_chunk_0,doc_08578_f20b6931
8909,8909,doc_08579_2b73f1c1_chunk_0,doc_08579_2b73f1c1
8910,8910,doc_08580_b4443414_chunk_0,doc_08580_b4443414
8911,8911,doc_08581_47e1e8b1_chunk_0,doc_08581_47e1e8b1
8912,8912,doc_08582_8a746366_chunk_0,doc_08582_8a746366
8913,8913,doc_08583_47e5bb13_chunk_0,doc_08583_47e5bb13
8914,8914,doc_08584_479e412d_chunk_0,doc_08584_479e412d
8915,8915,doc_08585_8a324feb_chunk_0,doc_08585_8a324feb
8916,8916,doc_08586_54ad4f38_chunk_0,doc_08586_54ad4f38
8917,8917,doc_08587_ac73da12_chunk_0,doc_08587_ac73da12
8918,8918,doc_08588_b8e3a92d_chunk_0,doc_08588_b8e3a92d
8919,8919,doc_08589_83bce575_chunk_0,doc_08589_83bce575
8920,8920,doc_08590_599cd03c_chunk_0,doc_08590_599cd03c
8921,8921,doc_08591_fdce4b2f_chunk_0,doc_08591_fdce4b2f
8922,8922,doc_08592_1cb245c6_chunk_0,doc_08592_1cb245c6
8923,8923,doc_08593_26d7aabf_chunk_0,doc_08593_26d7aabf
8924,8924,doc_08594_753d59ca_chunk_0,doc_08594_753d59ca
8925,8925,doc_08595_4e65052c_chunk_0,doc_08595_4e65052c
8926,8926,doc_08596_c60f95b7_chunk_0,doc_08596_c60f95b7
8927,8927,doc_08597_6ab8a8c1_chunk_0,doc_08597_6ab8a8c1
8928,8928,doc_08598_6bb8fc13_chunk_0,doc_08598_6bb8fc13
8929,8929,doc_08599_982888b9_chunk_0,doc_08599_982888b9
8930,8930,doc_08600_3d909301_chunk_0,doc_08600_3d909301
8931,8931,doc_08601_2945a78b_chunk_0,doc_08601_2945a78b
8932,8932,doc_08602_0d3864c5_chunk_0,doc_08602_0d3864c5
8933,8933,doc_08603_9c8a7f42_chunk_0,doc_08603_9c8a7f42
8934,8934,doc_08604_da69df72_chunk_0,doc_08604_da69df72
8935,8935,doc_08605_5b66244b_chunk_0,doc_08605_5b66244b
8936,8936,doc_08606_c1474631_chunk_0,doc_08606_c1474631
8937,8937,doc_08607_1f017524_chunk_0,doc_08607_1f017524
8938,8938,doc_08608_beae857b_chunk_0,doc_08608_beae857b
8939,8939,doc_08609_24dbfa2e_chunk_0,doc_08609_24dbfa2e
8940,8940,doc_08610_f4deb21c_chunk_0,doc_08610_f4deb21c
8941,8941,doc_08611_68f1765d_chunk_0,doc_08611_68f1765d
8942,8942,doc_08612_a913ac04_chunk_0,doc_08612_a913ac04
8943,8943,doc_08613_7e9d98af_chunk_0,doc_08613_7e9d98af
8944,8944,doc_08614_5db90cfd_chunk_0,doc_08614_5db90cfd
8945,8945,doc_08615_c8cb910e_chunk_0,doc_08615_c8cb910e
8946,8946,doc_08616_4de499ef_chunk_0,doc_08616_4de499ef
8947,8947,doc_08617_2eaf8f87_chunk_0,doc_08617_2eaf8f87
8948,8948,doc_08618_802f8ae3_chunk_0,doc_08618_802f8ae3
8949,8949,doc_08619_84c9e6a9_chunk_0,doc_08619_84c9e6a9
8950,8950,doc_08620_b656e2ca_chunk_0,doc_08620_b656e2ca
8951,8951,doc_08621_6a0843f7_chunk_0,doc_08621_6a0843f7
8952,8952,doc_08622_46c65bfa_chunk_0,doc_08622_46c65bfa
8953,8953,doc_08622_46c65bfa_chunk_1,doc_08622_46c65bfa
8954,8954,doc_08623_4642715e_chunk_0,doc_08623_4642715e
8955,8955,doc_08624_e46874c0_chunk_0,doc_08624_e46874c0
8956,8956,doc_08625_c665e75e_chunk_0,doc_08625_c665e75e
8957,8957,doc_08626_d24ef7bf_chunk_0,doc_08626_d24ef7bf
8958,8958,doc_08627_ef4e9cd7_chunk_0,doc_08627_ef4e9cd7
8959,8959,doc_08628_4121499d_chunk_0,doc_08628_4121499d
8960,8960,doc_08629_6f74502d_chunk_0,doc_08629_6f74502d
8961,8961,doc_08630_5731b948_chunk_0,doc_08630_5731b948
8962,8962,doc_08631_df248110_chunk_0,doc_08631_df248110
8963,8963,doc_08632_9077362e_chunk_0,doc_08632_9077362e
8964,8964,doc_08633_78dbb2e0_chunk_0,doc_08633_78dbb2e0
8965,8965,doc_08634_a6b8f81b_chunk_0,doc_08634_a6b8f81b
8966,8966,doc_08635_283ad827_chunk_0,doc_08635_283ad827
8967,8967,doc_08636_5cd598e2_chunk_0,doc_08636_5cd598e2
8968,8968,doc_08637_400c1cda_chunk_0,doc_08637_400c1cda
8969,8969,doc_08638_e06eafd6_chunk_0,doc_08638_e06eafd6
8970,8970,doc_08639_faa72e34_chunk_0,doc_08639_faa72e34
8971,8971,doc_08640_b5694f60_chunk_0,doc_08640_b5694f60
8972,8972,doc_08641_4644d582_chunk_0,doc_08641_4644d582
8973,8973,doc_08642_665e296a_chunk_0,doc_08642_665e296a
8974,8974,doc_08643_7403266f_chunk_0,doc_08643_7403266f
8975,8975,doc_08644_4149e335_chunk_0,doc_08644_4149e335
8976,8976,doc_08645_e5779409_chunk_0,doc_08645_e5779409
8977,8977,doc_08646_533258aa_chunk_0,doc_08646_533258aa
8978,8978,doc_08647_85d7c53f_chunk_0,doc_08647_85d7c53f
8979,8979,doc_08648_6bdea7c9_chunk_0,doc_08648_6bdea7c9
8980,8980,doc_08649_c6f917d3_chunk_0,doc_08649_c6f917d3
8981,8981,doc_08650_13196094_chunk_0,doc_08650_13196094
8982,8982,doc_08651_eec2f3e1_chunk_0,doc_08651_eec2f3e1
8983,8983,doc_08652_215ed873_chunk_0,doc_08652_215ed873
8984,8984,doc_08653_59697cda_chunk_0,doc_08653_59697cda
8985,8985,doc_08654_a7442a74_chunk_0,doc_08654_a7442a74
8986,8986,doc_08655_626177d8_chunk_0,doc_08655_626177d8
8987,8987,doc_08656_6bcafba1_chunk_0,doc_08656_6bcafba1
8988,8988,doc_08657_ad2960c3_chunk_0,doc_08657_ad2960c3
8989,8989,doc_08658_746e7df2_chunk_0,doc_08658_746e7df2
8990,8990,doc_08659_239d31be_chunk_0,doc_08659_239d31be
8991,8991,doc_08660_dd4f1997_chunk_0,doc_08660_dd4f1997
8992,8992,doc_08661_69f75dcb_chunk_0,doc_08661_69f75dcb
8993,8993,doc_08662_340e09a6_chunk_0,doc_08662_340e09a6
8994,8994,doc_08663_2e5b58dc_chunk_0,doc_08663_2e5b58dc
8995,8995,doc_08664_b4ac0a0b_chunk_0,doc_08664_b4ac0a0b
8996,8996,doc_08665_039f43bd_chunk_0,doc_08665_039f43bd
8997,8997,doc_08666_6ecfc14f_chunk_0,doc_08666_6ecfc14f
8998,8998,doc_08667_cefa5d74_chunk_0,doc_08667_cefa5d74
8999,8999,doc_08668_2121f4c1_chunk_0,doc_08668_2121f4c1
9000,9000,doc_08669_5f935c02_chunk_0,doc_08669_5f935c02
9001,9001,doc_08670_3639f975_chunk_0,doc_08670_3639f975
9002,9002,doc_08671_eba43d02_chunk_0,doc_08671_eba43d02
9003,9003,doc_08672_1e7c9bd6_chunk_0,doc_08672_1e7c9bd6
9004,9004,doc_08673_7e9c3c93_chunk_0,doc_08673_7e9c3c93
9005,9005,doc_08674_96f56821_chunk_0,doc_08674_96f56821
9006,9006,doc_08675_69b5deb4_chunk_0,doc_08675_69b5deb4
9007,9007,doc_08676_9f2f3b0d_chunk_0,doc_08676_9f2f3b0d
9008,9008,doc_08677_a1926a11_chunk_0,doc_08677_a1926a11
9009,9009,doc_08678_dfab4949_chunk_0,doc_08678_dfab4949
9010,9010,doc_08679_a3936258_chunk_0,doc_08679_a3936258
9011,9011,doc_08680_52133a80_chunk_0,doc_08680_52133a80
9012,9012,doc_08681_b029c813_chunk_0,doc_08681_b029c813
9013,9013,doc_08682_19214a00_chunk_0,doc_08682_19214a00
9014,9014,doc_08683_3c02537d_chunk_0,doc_08683_3c02537d
9015,9015,doc_08684_4ec1e1cb_chunk_0,doc_08684_4ec1e1cb
9016,9016,doc_08685_3759accd_chunk_0,doc_08685_3759accd
9017,9017,doc_08686_9dcfa52e_chunk_0,doc_08686_9dcfa52e
9018,9018,doc_08687_d5925715_chunk_0,doc_08687_d5925715
9019,9019,doc_08688_8a2cdd9e_chunk_0,doc_08688_8a2cdd9e
9020,9020,doc_08689_01630595_chunk_0,doc_08689_01630595
9021,9021,doc_08690_3b2fd790_chunk_0,doc_08690_3b2fd790
9022,9022,doc_08691_37811c8b_chunk_0,doc_08691_37811c8b
9023,9023,doc_08692_4ead9d0a_chunk_0,doc_08692_4ead9d0a
9024,9024,doc_08693_145f88ae_chunk_0,doc_08693_145f88ae
9025,9025,doc_08694_9b69ea04_chunk_0,doc_08694_9b69ea04
9026,9026,doc_08695_c04f1a48_chunk_0,doc_08695_c04f1a48
9027,9027,doc_08696_bc7a3799_chunk_0,doc_08696_bc7a3799
9028,9028,doc_08697_73eccd51_chunk_0,doc_08697_73eccd51
9029,9029,doc_08698_7ad3e029_chunk_0,doc_08698_7ad3e029
9030,9030,doc_08699_fbb0a4e8_chunk_0,doc_08699_fbb0a4e8
9031,9031,doc_08700_39d57dd6_chunk_0,doc_08700_39d57dd6
9032,9032,doc_08701_8eacc64c_chunk_0,doc_08701_8eacc64c
9033,9033,doc_08702_b9d6f20b_chunk_0,doc_08702_b9d6f20b
9034,9034,doc_08703_025cf2ba_chunk_0,doc_08703_025cf2ba
9035,9035,doc_08704_6391c16a_chunk_0,doc_08704_6391c16a
9036,9036,doc_08705_2cc10099_chunk_0,doc_08705_2cc10099
9037,9037,doc_08706_f43e2517_chunk_0,doc_08706_f43e2517
9038,9038,doc_08707_498ec1c4_chunk_0,doc_08707_498ec1c4
9039,9039,doc_08708_682034db_chunk_0,doc_08708_682034db
9040,9040,doc_08709_10d848e7_chunk_0,doc_08709_10d848e7
9041,9041,doc_08710_02a3ecac_chunk_0,doc_08710_02a3ecac
9042,9042,doc_08711_3989e8cf_chunk_0,doc_08711_3989e8cf
9043,9043,doc_08712_5d430878_chunk_0,doc_08712_5d430878
9044,9044,doc_08713_daa24f71_chunk_0,doc_08713_daa24f71
9045,9045,doc_08714_a58f60fb_chunk_0,doc_08714_a58f60fb
9046,9046,doc_08715_9f34088a_chunk_0,doc_08715_9f34088a
9047,9047,doc_08716_a958dd5c_chunk_0,doc_08716_a958dd5c
9048,9048,doc_08717_a5068ce6_chunk_0,doc_08717_a5068ce6
9049,9049,doc_08718_b85d86d0_chunk_0,doc_08718_b85d86d0
9050,9050,doc_08719_0ea72398_chunk_0,doc_08719_0ea72398
9051,9051,doc_08720_21202635_chunk_0,doc_08720_21202635
9052,9052,doc_08721_cc874f66_chunk_0,doc_08721_cc874f66
9053,9053,doc_08722_eee9d22a_chunk_0,doc_08722_eee9d22a
9054,9054,doc_08723_3e98ad8b_chunk_0,doc_08723_3e98ad8b
9055,9055,doc_08724_1c3d7d60_chunk_0,doc_08724_1c3d7d60
9056,9056,doc_08725_b42c2934_chunk_0,doc_08725_b42c2934
9057,9057,doc_08726_6e467b9a_chunk_0,doc_08726_6e467b9a
9058,9058,doc_08727_73ea9e1e_chunk_0,doc_08727_73ea9e1e
9059,9059,doc_08728_2c56ab7d_chunk_0,doc_08728_2c56ab7d
9060,9060,doc_08729_d107c748_chunk_0,doc_08729_d107c748
9061,9061,doc_08730_a9290b41_chunk_0,doc_08730_a9290b41
9062,9062,doc_08731_1880aec4_chunk_0,doc_08731_1880aec4
9063,9063,doc_08732_fd5c9afc_chunk_0,doc_08732_fd5c9afc
9064,9064,doc_08733_5015d763_chunk_0,doc_08733_5015d763
9065,9065,doc_08734_bd89a910_chunk_0,doc_08734_bd89a910
9066,9066,doc_08735_691002d8_chunk_0,doc_08735_691002d8
9067,9067,doc_08736_8a4e48b7_chunk_0,doc_08736_8a4e48b7
9068,9068,doc_08737_cbf0eb55_chunk_0,doc_08737_cbf0eb55
9069,9069,doc_08738_d852b0b4_chunk_0,doc_08738_d852b0b4
9070,9070,doc_08739_81db2ff6_chunk_0,doc_08739_81db2ff6
9071,9071,doc_08740_706659a5_chunk_0,doc_08740_706659a5
9072,9072,doc_08741_4c029d41_chunk_0,doc_08741_4c029d41
9073,9073,doc_08742_41917c7f_chunk_0,doc_08742_41917c7f
9074,9074,doc_08743_37a0c960_chunk_0,doc_08743_37a0c960
9075,9075,doc_08744_07eaa404_chunk_0,doc_08744_07eaa404
9076,9076,doc_08745_9bed6a72_chunk_0,doc_08745_9bed6a72
9077,9077,doc_08746_b96b99f3_chunk_0,doc_08746_b96b99f3
9078,9078,doc_08747_29204298_chunk_0,doc_08747_29204298
9079,9079,doc_08748_5fee7b13_chunk_0,doc_08748_5fee7b13
9080,9080,doc_08749_5fb60f6f_chunk_0,doc_08749_5fb60f6f
9081,9081,doc_08750_13d32d76_chunk_0,doc_08750_13d32d76
9082,9082,doc_08751_cd49d19a_chunk_0,doc_08751_cd49d19a
9083,9083,doc_08751_cd49d19a_chunk_1,doc_08751_cd49d19a
9084,9084,doc_08752_a20c7a92_chunk_0,doc_08752_a20c7a92
9085,9085,doc_08753_db5936f6_chunk_0,doc_08753_db5936f6
9086,9086,doc_08754_1bb8e814_chunk_0,doc_08754_1bb8e814
9087,9087,doc_08755_3464935b_chunk_0,doc_08755_3464935b
9088,9088,doc_08756_ea49755c_chunk_0,doc_08756_ea49755c
9089,9089,doc_08757_cf3730f2_chunk_0,doc_08757_cf3730f2
9090,9090,doc_08758_1bb8528c_chunk_0,doc_08758_1bb8528c
9091,9091,doc_08759_9749ebf1_chunk_0,doc_08759_9749ebf1
9092,9092,doc_08760_3ffdd708_chunk_0,doc_08760_3ffdd708
9093,9093,doc_08761_1c3456d4_chunk_0,doc_08761_1c3456d4
9094,9094,doc_08762_81b3b4dc_chunk_0,doc_08762_81b3b4dc
9095,9095,doc_08763_41796e7e_chunk_0,doc_08763_41796e7e
9096,9096,doc_08764_907e78a8_chunk_0,doc_08764_907e78a8
9097,9097,doc_08765_19ea9de9_chunk_0,doc_08765_19ea9de9
9098,9098,doc_08766_80f1db59_chunk_0,doc_08766_80f1db59
9099,9099,doc_08767_10cd3b11_chunk_0,doc_08767_10cd3b11
9100,9100,doc_08768_68c86862_chunk_0,doc_08768_68c86862
9101,9101,doc_08769_b50d09dc_chunk_0,doc_08769_b50d09dc
9102,9102,doc_08770_d719aa49_chunk_0,doc_08770_d719aa49
9103,9103,doc_08771_345dddfb_chunk_0,doc_08771_345dddfb
9104,9104,doc_08771_345dddfb_chunk_1,doc_08771_345dddfb
9105,9105,doc_08772_1b691a7a_chunk_0,doc_08772_1b691a7a
9106,9106,doc_08773_54f61cf6_chunk_0,doc_08773_54f61cf6
9107,9107,doc_08774_ad28a76f_chunk_0,doc_08774_ad28a76f
9108,9108,doc_08775_94dd6b2f_chunk_0,doc_08775_94dd6b2f
9109,9109,doc_08775_94dd6b2f_chunk_1,doc_08775_94dd6b2f
9110,9110,doc_08776_678228e4_chunk_0,doc_08776_678228e4
9111,9111,doc_08777_29e84d37_chunk_0,doc_08777_29e84d37
9112,9112,doc_08778_ecef4d2e_chunk_0,doc_08778_ecef4d2e
9113,9113,doc_08779_c060e10d_chunk_0,doc_08779_c060e10d
9114,9114,doc_08780_0c27d9df_chunk_0,doc_08780_0c27d9df
9115,9115,doc_08780_0c27d9df_chunk_1,doc_08780_0c27d9df
9116,9116,doc_08781_792c9508_chunk_0,doc_08781_792c9508
9117,9117,doc_08782_88fa9f64_chunk_0,doc_08782_88fa9f64
9118,9118,doc_08783_f6e2a775_chunk_0,doc_08783_f6e2a775
9119,9119,doc_08784_b826336d_chunk_0,doc_08784_b826336d
9120,9120,doc_08785_11270db7_chunk_0,doc_08785_11270db7
9121,9121,doc_08786_92ed49d2_chunk_0,doc_08786_92ed49d2
9122,9122,doc_08787_4681953b_chunk_0,doc_08787_4681953b
9123,9123,doc_08788_80381498_chunk_0,doc_08788_80381498
9124,9124,doc_08789_2dbac006_chunk_0,doc_08789_2dbac006
9125,9125,doc_08790_89967c1e_chunk_0,doc_08790_89967c1e
9126,9126,doc_08791_86ca8ed8_chunk_0,doc_08791_86ca8ed8
9127,9127,doc_08792_181e1f22_chunk_0,doc_08792_181e1f22
9128,9128,doc_08793_2cf5a100_chunk_0,doc_08793_2cf5a100
9129,9129,doc_08794_661044e8_chunk_0,doc_08794_661044e8
9130,9130,doc_08795_ad84ab9c_chunk_0,doc_08795_ad84ab9c
9131,9131,doc_08796_06e21eee_chunk_0,doc_08796_06e21eee
9132,9132,doc_08797_d631fb93_chunk_0,doc_08797_d631fb93
9133,9133,doc_08798_7e850bf2_chunk_0,doc_08798_7e850bf2
9134,9134,doc_08799_3e065373_chunk_0,doc_08799_3e065373
9135,9135,doc_08800_a9183e89_chunk_0,doc_08800_a9183e89
9136,9136,doc_08801_8f09cf91_chunk_0,doc_08801_8f09cf91
9137,9137,doc_08802_6c96b80e_chunk_0,doc_08802_6c96b80e
9138,9138,doc_08803_c3bb01f9_chunk_0,doc_08803_c3bb01f9
9139,9139,doc_08804_3fde3589_chunk_0,doc_08804_3fde3589
9140,9140,doc_08805_ebbd1c94_chunk_0,doc_08805_ebbd1c94
9141,9141,doc_08806_b03f11bd_chunk_0,doc_08806_b03f11bd
9142,9142,doc_08807_bbac3d3c_chunk_0,doc_08807_bbac3d3c
9143,9143,doc_08808_44523642_chunk_0,doc_08808_44523642
9144,9144,doc_08809_f5759cb4_chunk_0,doc_08809_f5759cb4
9145,9145,doc_08810_b7ae3c78_chunk_0,doc_08810_b7ae3c78
9146,9146,doc_08811_c016c004_chunk_0,doc_08811_c016c004
9147,9147,doc_08812_f27ef2ec_chunk_0,doc_08812_f27ef2ec
9148,9148,doc_08812_f27ef2ec_chunk_1,doc_08812_f27ef2ec
9149,9149,doc_08813_79307fc1_chunk_0,doc_08813_79307fc1
9150,9150,doc_08814_e8c2c3aa_chunk_0,doc_08814_e8c2c3aa
9151,9151,doc_08815_8a258450_chunk_0,doc_08815_8a258450
9152,9152,doc_08816_084039ac_chunk_0,doc_08816_084039ac
9153,9153,doc_08817_e402c39b_chunk_0,doc_08817_e402c39b
9154,9154,doc_08818_e11f9e4c_chunk_0,doc_08818_e11f9e4c
9155,9155,doc_08819_ecf8d487_chunk_0,doc_08819_ecf8d487
9156,9156,doc_08820_8309da0a_chunk_0,doc_08820_8309da0a
9157,9157,doc_08821_706d616b_chunk_0,doc_08821_706d616b
9158,9158,doc_08822_d6e45471_chunk_0,doc_08822_d6e45471
9159,9159,doc_08823_7c963d31_chunk_0,doc_08823_7c963d31
9160,9160,doc_08824_cc300a9a_chunk_0,doc_08824_cc300a9a
9161,9161,doc_08825_907fceb5_chunk_0,doc_08825_907fceb5
9162,9162,doc_08826_cc63009b_chunk_0,doc_08826_cc63009b
9163,9163,doc_08827_b0a7fc44_chunk_0,doc_08827_b0a7fc44
9164,9164,doc_08828_bcea41b5_chunk_0,doc_08828_bcea41b5
9165,9165,doc_08829_2078086c_chunk_0,doc_08829_2078086c
9166,9166,doc_08830_70600bb4_chunk_0,doc_08830_70600bb4
9167,9167,doc_08831_088fa685_chunk_0,doc_08831_088fa685
9168,9168,doc_08832_77511a7e_chunk_0,doc_08832_77511a7e
9169,9169,doc_08833_66f2a40a_chunk_0,doc_08833_66f2a40a
9170,9170,doc_08834_3c3fcdb5_chunk_0,doc_08834_3c3fcdb5
9171,9171,doc_08835_8474933d_chunk_0,doc_08835_8474933d
9172,9172,doc_08836_570fc5b8_chunk_0,doc_08836_570fc5b8
9173,9173,doc_08837_64101fc0_chunk_0,doc_08837_64101fc0
9174,9174,doc_08838_ff3fb1c5_chunk_0,doc_08838_ff3fb1c5
9175,9175,doc_08839_8eced8dd_chunk_0,doc_08839_8eced8dd
9176,9176,doc_08840_23b5d51f_chunk_0,doc_08840_23b5d51f
9177,9177,doc_08841_4ed91680_chunk_0,doc_08841_4ed91680
9178,9178,doc_08842_846c8549_chunk_0,doc_08842_846c8549
9179,9179,doc_08843_363255db_chunk_0,doc_08843_363255db
9180,9180,doc_08844_94a38670_chunk_0,doc_08844_94a38670
9181,9181,doc_08845_cc6a2844_chunk_0,doc_08845_cc6a2844
9182,9182,doc_08845_cc6a2844_chunk_1,doc_08845_cc6a2844
9183,9183,doc_08846_67ed1db4_chunk_0,doc_08846_67ed1db4
9184,9184,doc_08846_67ed1db4_chunk_1,doc_08846_67ed1db4
9185,9185,doc_08847_39329f97_chunk_0,doc_08847_39329f97
9186,9186,doc_08847_39329f97_chunk_1,doc_08847_39329f97
9187,9187,doc_08848_71e8c6ad_chunk_0,doc_08848_71e8c6ad
9188,9188,doc_08848_71e8c6ad_chunk_1,doc_08848_71e8c6ad
9189,9189,doc_08849_3f7aaea9_chunk_0,doc_08849_3f7aaea9
9190,9190,doc_08850_92bd892d_chunk_0,doc_08850_92bd892d
9191,9191,doc_08850_92bd892d_chunk_1,doc_08850_92bd892d
9192,9192,doc_08851_e4e4801f_chunk_0,doc_08851_e4e4801f
9193,9193,doc_08852_bdec3505_chunk_0,doc_08852_bdec3505
9194,9194,doc_08853_1964b77a_chunk_0,doc_08853_1964b77a
9195,9195,doc_08854_6cc12182_chunk_0,doc_08854_6cc12182
9196,9196,doc_08854_6cc12182_chunk_1,doc_08854_6cc12182
9197,9197,doc_08855_44c20793_chunk_0,doc_08855_44c20793
9198,9198,doc_08856_477ee6fd_chunk_0,doc_08856_477ee6fd
9199,9199,doc_08857_d502bdaa_chunk_0,doc_08857_d502bdaa
9200,9200,doc_08858_0e1490b6_chunk_0,doc_08858_0e1490b6
9201,9201,doc_08859_4f2a881a_chunk_0,doc_08859_4f2a881a
9202,9202,doc_08860_eb2362d2_chunk_0,doc_08860_eb2362d2
9203,9203,doc_08861_b9cf37a7_chunk_0,doc_08861_b9cf37a7
9204,9204,doc_08862_3092d7b2_chunk_0,doc_08862_3092d7b2
9205,9205,doc_08863_41422b18_chunk_0,doc_08863_41422b18
9206,9206,doc_08864_9a644cd9_chunk_0,doc_08864_9a644cd9
9207,9207,doc_08865_6ff8f6f0_chunk_0,doc_08865_6ff8f6f0
9208,9208,doc_08866_5914d8f4_chunk_0,doc_08866_5914d8f4
9209,9209,doc_08867_c74d5362_chunk_0,doc_08867_c74d5362
9210,9210,doc_08868_2ad2541b_chunk_0,doc_08868_2ad2541b
9211,9211,doc_08869_bcd59b52_chunk_0,doc_08869_bcd59b52
9212,9212,doc_08870_807b3016_chunk_0,doc_08870_807b3016
9213,9213,doc_08871_a9f937fd_chunk_0,doc_08871_a9f937fd
9214,9214,doc_08872_fc82ca23_chunk_0,doc_08872_fc82ca23
9215,9215,doc_08873_b20c91ff_chunk_0,doc_08873_b20c91ff
9216,9216,doc_08873_b20c91ff_chunk_1,doc_08873_b20c91ff
9217,9217,doc_08874_eef2c3de_chunk_0,doc_08874_eef2c3de
9218,9218,doc_08875_53c2cc7e_chunk_0,doc_08875_53c2cc7e
9219,9219,doc_08875_53c2cc7e_chunk_1,doc_08875_53c2cc7e
9220,9220,doc_08876_72b24609_chunk_0,doc_08876_72b24609
9221,9221,doc_08877_7f71df69_chunk_0,doc_08877_7f71df69
9222,9222,doc_08877_7f71df69_chunk_1,doc_08877_7f71df69
9223,9223,doc_08878_76e5e742_chunk_0,doc_08878_76e5e742
9224,9224,doc_08879_b4f49e82_chunk_0,doc_08879_b4f49e82
9225,9225,doc_08880_c32bb06d_chunk_0,doc_08880_c32bb06d
9226,9226,doc_08881_b58e9cac_chunk_0,doc_08881_b58e9cac
9227,9227,doc_08882_45156c1b_chunk_0,doc_08882_45156c1b
9228,9228,doc_08883_e39d7775_chunk_0,doc_08883_e39d7775
9229,9229,doc_08884_f9e57b2d_chunk_0,doc_08884_f9e57b2d
9230,9230,doc_08885_c33bdfe1_chunk_0,doc_08885_c33bdfe1
9231,9231,doc_08886_d2f05409_chunk_0,doc_08886_d2f05409
9232,9232,doc_08887_92b5d106_chunk_0,doc_08887_92b5d106
9233,9233,doc_08888_f06eb7fd_chunk_0,doc_08888_f06eb7fd
9234,9234,doc_08889_0cc31049_chunk_0,doc_08889_0cc31049
9235,9235,doc_08890_22487803_chunk_0,doc_08890_22487803
9236,9236,doc_08891_94014652_chunk_0,doc_08891_94014652
9237,9237,doc_08892_bed69f30_chunk_0,doc_08892_bed69f30
9238,9238,doc_08893_0e1ee009_chunk_0,doc_08893_0e1ee009
9239,9239,doc_08894_b81092da_chunk_0,doc_08894_b81092da
9240,9240,doc_08895_238cef0f_chunk_0,doc_08895_238cef0f
9241,9241,doc_08896_86415607_chunk_0,doc_08896_86415607
9242,9242,doc_08897_a7cfd2d8_chunk_0,doc_08897_a7cfd2d8
9243,9243,doc_08898_fd78d2cd_chunk_0,doc_08898_fd78d2cd
9244,9244,doc_08899_be2a0cfa_chunk_0,doc_08899_be2a0cfa
9245,9245,doc_08900_a8c3b5cb_chunk_0,doc_08900_a8c3b5cb
9246,9246,doc_08901_434e2be2_chunk_0,doc_08901_434e2be2
9247,9247,doc_08902_c59c0c7b_chunk_0,doc_08902_c59c0c7b
9248,9248,doc_08903_b8b556e2_chunk_0,doc_08903_b8b556e2
9249,9249,doc_08904_5e7ac8a6_chunk_0,doc_08904_5e7ac8a6
9250,9250,doc_08905_b4513ec2_chunk_0,doc_08905_b4513ec2
9251,9251,doc_08906_560683f9_chunk_0,doc_08906_560683f9
9252,9252,doc_08907_33633cbb_chunk_0,doc_08907_33633cbb
9253,9253,doc_08908_2164e218_chunk_0,doc_08908_2164e218
9254,9254,doc_08909_adfcf4fd_chunk_0,doc_08909_adfcf4fd
9255,9255,doc_08909_adfcf4fd_chunk_1,doc_08909_adfcf4fd
9256,9256,doc_08910_c9305ade_chunk_0,doc_08910_c9305ade
9257,9257,doc_08911_bb0a3c3c_chunk_0,doc_08911_bb0a3c3c
9258,9258,doc_08912_315b7d7f_chunk_0,doc_08912_315b7d7f
9259,9259,doc_08912_315b7d7f_chunk_1,doc_08912_315b7d7f
9260,9260,doc_08913_591a7938_chunk_0,doc_08913_591a7938
9261,9261,doc_08914_7a93c800_chunk_0,doc_08914_7a93c800
9262,9262,doc_08915_95765377_chunk_0,doc_08915_95765377
9263,9263,doc_08916_a53dc512_chunk_0,doc_08916_a53dc512
9264,9264,doc_08917_7bdd36dc_chunk_0,doc_08917_7bdd36dc
9265,9265,doc_08918_2690e83a_chunk_0,doc_08918_2690e83a
9266,9266,doc_08919_75f67b47_chunk_0,doc_08919_75f67b47
9267,9267,doc_08920_da25fd2b_chunk_0,doc_08920_da25fd2b
9268,9268,doc_08921_b90e5adf_chunk_0,doc_08921_b90e5adf
9269,9269,doc_08922_fd262034_chunk_0,doc_08922_fd262034
9270,9270,doc_08923_bb01df83_chunk_0,doc_08923_bb01df83
9271,9271,doc_08924_d9dc54e7_chunk_0,doc_08924_d9dc54e7
9272,9272,doc_08925_bae9e61b_chunk_0,doc_08925_bae9e61b
9273,9273,doc_08926_d2b80399_chunk_0,doc_08926_d2b80399
9274,9274,doc_08927_4e3c5ae1_chunk_0,doc_08927_4e3c5ae1
9275,9275,doc_08928_715d2d22_chunk_0,doc_08928_715d2d22
9276,9276,doc_08929_276a99fa_chunk_0,doc_08929_276a99fa
9277,9277,doc_08930_07803a79_chunk_0,doc_08930_07803a79
9278,9278,doc_08930_07803a79_chunk_1,doc_08930_07803a79
9279,9279,doc_08931_7a3727c6_chunk_0,doc_08931_7a3727c6
9280,9280,doc_08932_d807c5da_chunk_0,doc_08932_d807c5da
9281,9281,doc_08933_dace893c_chunk_0,doc_08933_dace893c
9282,9282,doc_08934_1853ff62_chunk_0,doc_08934_1853ff62
9283,9283,doc_08935_85dd3c40_chunk_0,doc_08935_85dd3c40
9284,9284,doc_08936_7e21c68e_chunk_0,doc_08936_7e21c68e
9285,9285,doc_08937_bb56b98b_chunk_0,doc_08937_bb56b98b
9286,9286,doc_08938_c7d7b7ab_chunk_0,doc_08938_c7d7b7ab
9287,9287,doc_08939_30fef6a9_chunk_0,doc_08939_30fef6a9
9288,9288,doc_08940_da0c78f7_chunk_0,doc_08940_da0c78f7
9289,9289,doc_08941_d68e0ac7_chunk_0,doc_08941_d68e0ac7
9290,9290,doc_08942_ed4e61de_chunk_0,doc_08942_ed4e61de
9291,9291,doc_08943_43de5e34_chunk_0,doc_08943_43de5e34
9292,9292,doc_08944_dbf992dc_chunk_0,doc_08944_dbf992dc
9293,9293,doc_08945_b6215661_chunk_0,doc_08945_b6215661
9294,9294,doc_08946_1c899f8f_chunk_0,doc_08946_1c899f8f
9295,9295,doc_08947_1dc519f3_chunk_0,doc_08947_1dc519f3
9296,9296,doc_08948_ba23ce76_chunk_0,doc_08948_ba23ce76
9297,9297,doc_08949_6c187844_chunk_0,doc_08949_6c187844
9298,9298,doc_08950_90482292_chunk_0,doc_08950_90482292
9299,9299,doc_08951_0a195918_chunk_0,doc_08951_0a195918
9300,9300,doc_08952_e24709c5_chunk_0,doc_08952_e24709c5
9301,9301,doc_08953_0ba85206_chunk_0,doc_08953_0ba85206
9302,9302,doc_08954_a78c681e_chunk_0,doc_08954_a78c681e
9303,9303,doc_08955_77a4d917_chunk_0,doc_08955_77a4d917
9304,9304,doc_08956_f7b4bb02_chunk_0,doc_08956_f7b4bb02
9305,9305,doc_08957_7dba7a4d_chunk_0,doc_08957_7dba7a4d
9306,9306,doc_08958_1fbbb10c_chunk_0,doc_08958_1fbbb10c
9307,9307,doc_08959_e28a185f_chunk_0,doc_08959_e28a185f
9308,9308,doc_08960_f3206f2f_chunk_0,doc_08960_f3206f2f
9309,9309,doc_08961_e9c104a8_chunk_0,doc_08961_e9c104a8
9310,9310,doc_08962_dcaba2cb_chunk_0,doc_08962_dcaba2cb
9311,9311,doc_08963_4180257b_chunk_0,doc_08963_4180257b
9312,9312,doc_08964_04b22fba_chunk_0,doc_08964_04b22fba
9313,9313,doc_08965_101b313f_chunk_0,doc_08965_101b313f
9314,9314,doc_08966_ce5b4e1e_chunk_0,doc_08966_ce5b4e1e
9315,9315,doc_08967_5215603a_chunk_0,doc_08967_5215603a
9316,9316,doc_08968_c90d826b_chunk_0,doc_08968_c90d826b
9317,9317,doc_08969_cc7e145e_chunk_0,doc_08969_cc7e145e
9318,9318,doc_08970_593f700a_chunk_0,doc_08970_593f700a
9319,9319,doc_08971_8b9f9470_chunk_0,doc_08971_8b9f9470
9320,9320,doc_08972_c94cdf38_chunk_0,doc_08972_c94cdf38
9321,9321,doc_08973_6907bb35_chunk_0,doc_08973_6907bb35
9322,9322,doc_08974_1c208f9a_chunk_0,doc_08974_1c208f9a
9323,9323,doc_08975_21c16af9_chunk_0,doc_08975_21c16af9
9324,9324,doc_08976_5b5fff9b_chunk_0,doc_08976_5b5fff9b
9325,9325,doc_08977_75a70f0b_chunk_0,doc_08977_75a70f0b
9326,9326,doc_08978_8a0f643a_chunk_0,doc_08978_8a0f643a
9327,9327,doc_08979_ca3e76b2_chunk_0,doc_08979_ca3e76b2
9328,9328,doc_08980_387e1f29_chunk_0,doc_08980_387e1f29
9329,9329,doc_08981_a074009e_chunk_0,doc_08981_a074009e
9330,9330,doc_08982_87a45c0f_chunk_0,doc_08982_87a45c0f
9331,9331,doc_08983_b5827385_chunk_0,doc_08983_b5827385
9332,9332,doc_08984_4eb397fa_chunk_0,doc_08984_4eb397fa
9333,9333,doc_08985_588c8045_chunk_0,doc_08985_588c8045
9334,9334,doc_08986_89d9800a_chunk_0,doc_08986_89d9800a
9335,9335,doc_08987_c3930962_chunk_0,doc_08987_c3930962
9336,9336,doc_08988_11aa04fe_chunk_0,doc_08988_11aa04fe
9337,9337,doc_08989_93f9e144_chunk_0,doc_08989_93f9e144
9338,9338,doc_08990_1432ab02_chunk_0,doc_08990_1432ab02
9339,9339,doc_08991_08ea03d0_chunk_0,doc_08991_08ea03d0
9340,9340,doc_08992_40c6bb22_chunk_0,doc_08992_40c6bb22
9341,9341,doc_08993_87321a68_chunk_0,doc_08993_87321a68
9342,9342,doc_08994_c3a3eb89_chunk_0,doc_08994_c3a3eb89
9343,9343,doc_08995_b687d4a5_chunk_0,doc_08995_b687d4a5
9344,9344,doc_08996_06c86a0a_chunk_0,doc_08996_06c86a0a
9345,9345,doc_08997_bea1093a_chunk_0,doc_08997_bea1093a
9346,9346,doc_08998_bb10320d_chunk_0,doc_08998_bb10320d
9347,9347,doc_08999_b8f957d3_chunk_0,doc_08999_b8f957d3
9348,9348,doc_09000_5babb3f2_chunk_0,doc_09000_5babb3f2
9349,9349,doc_09001_dac399b0_chunk_0,doc_09001_dac399b0
9350,9350,doc_09002_35c79751_chunk_0,doc_09002_35c79751
9351,9351,doc_09003_8e955788_chunk_0,doc_09003_8e955788
9352,9352,doc_09004_768911be_chunk_0,doc_09004_768911be
9353,9353,doc_09005_a3c10253_chunk_0,doc_09005_a3c10253
9354,9354,doc_09005_a3c10253_chunk_1,doc_09005_a3c10253
9355,9355,doc_09006_3d359eb9_chunk_0,doc_09006_3d359eb9
9356,9356,doc_09007_e41f8f94_chunk_0,doc_09007_e41f8f94
9357,9357,doc_09008_c6f7094f_chunk_0,doc_09008_c6f7094f
9358,9358,doc_09009_66ca6f0e_chunk_0,doc_09009_66ca6f0e
9359,9359,doc_09010_35067eca_chunk_0,doc_09010_35067eca
9360,9360,doc_09011_ef2dfbc0_chunk_0,doc_09011_ef2dfbc0
9361,9361,doc_09012_d2c7404a_chunk_0,doc_09012_d2c7404a
9362,9362,doc_09013_45a4f989_chunk_0,doc_09013_45a4f989
9363,9363,doc_09014_0732423a_chunk_0,doc_09014_0732423a
9364,9364,doc_09014_0732423a_chunk_1,doc_09014_0732423a
9365,9365,doc_09015_2ff2b33a_chunk_0,doc_09015_2ff2b33a
9366,9366,doc_09016_e8a5c5db_chunk_0,doc_09016_e8a5c5db
9367,9367,doc_09017_1868f3bc_chunk_0,doc_09017_1868f3bc
9368,9368,doc_09018_fe288950_chunk_0,doc_09018_fe288950
9369,9369,doc_09019_88be4a35_chunk_0,doc_09019_88be4a35
9370,9370,doc_09020_45e694e2_chunk_0,doc_09020_45e694e2
9371,9371,doc_09021_e92f9337_chunk_0,doc_09021_e92f9337
9372,9372,doc_09022_d1e3fe79_chunk_0,doc_09022_d1e3fe79
9373,9373,doc_09023_d5fb06ab_chunk_0,doc_09023_d5fb06ab
9374,9374,doc_09024_afd18028_chunk_0,doc_09024_afd18028
9375,9375,doc_09025_3c1d8cc5_chunk_0,doc_09025_3c1d8cc5
9376,9376,doc_09026_21cef98b_chunk_0,doc_09026_21cef98b
9377,9377,doc_09026_21cef98b_chunk_1,doc_09026_21cef98b
9378,9378,doc_09027_2c4c6b51_chunk_0,doc_09027_2c4c6b51
9379,9379,doc_09027_2c4c6b51_chunk_1,doc_09027_2c4c6b51
9380,9380,doc_09028_b6e658eb_chunk_0,doc_09028_b6e658eb
9381,9381,doc_09028_b6e658eb_chunk_1,doc_09028_b6e658eb
9382,9382,doc_09029_17b774ac_chunk_0,doc_09029_17b774ac
9383,9383,doc_09030_efabcb26_chunk_0,doc_09030_efabcb26
9384,9384,doc_09030_efabcb26_chunk_1,doc_09030_efabcb26
9385,9385,doc_09031_e6aea208_chunk_0,doc_09031_e6aea208
9386,9386,doc_09032_abd6d23e_chunk_0,doc_09032_abd6d23e
9387,9387,doc_09033_e83709fd_chunk_0,doc_09033_e83709fd
9388,9388,doc_09033_e83709fd_chunk_1,doc_09033_e83709fd
9389,9389,doc_09034_075832e7_chunk_0,doc_09034_075832e7
9390,9390,doc_09035_f3dcd3c5_chunk_0,doc_09035_f3dcd3c5
9391,9391,doc_09036_099524ee_chunk_0,doc_09036_099524ee
9392,9392,doc_09037_62de64ce_chunk_0,doc_09037_62de64ce
9393,9393,doc_09038_3e666cac_chunk_0,doc_09038_3e666cac
9394,9394,doc_09039_5972acc6_chunk_0,doc_09039_5972acc6
9395,9395,doc_09040_6c11d75f_chunk_0,doc_09040_6c11d75f
9396,9396,doc_09041_3e8811ea_chunk_0,doc_09041_3e8811ea
9397,9397,doc_09042_3559f479_chunk_0,doc_09042_3559f479
9398,9398,doc_09042_3559f479_chunk_1,doc_09042_3559f479
9399,9399,doc_09043_da0f883c_chunk_0,doc_09043_da0f883c
9400,9400,doc_09044_98df49ea_chunk_0,doc_09044_98df49ea
9401,9401,doc_09045_bae89a28_chunk_0,doc_09045_bae89a28
9402,9402,doc_09046_d18436a5_chunk_0,doc_09046_d18436a5
9403,9403,doc_09047_d51461cb_chunk_0,doc_09047_d51461cb
9404,9404,doc_09048_c7585c42_chunk_0,doc_09048_c7585c42
9405,9405,doc_09049_6bbeeafd_chunk_0,doc_09049_6bbeeafd
9406,9406,doc_09049_6bbeeafd_chunk_1,doc_09049_6bbeeafd
9407,9407,doc_09050_46a41fc7_chunk_0,doc_09050_46a41fc7
9408,9408,doc_09051_aca1847f_chunk_0,doc_09051_aca1847f
9409,9409,doc_09052_8f094f98_chunk_0,doc_09052_8f094f98
9410,9410,doc_09053_75d8cfbf_chunk_0,doc_09053_75d8cfbf
9411,9411,doc_09054_afb4820c_chunk_0,doc_09054_afb4820c
9412,9412,doc_09055_9732c64f_chunk_0,doc_09055_9732c64f
9413,9413,doc_09056_27a9bda8_chunk_0,doc_09056_27a9bda8
9414,9414,doc_09057_131f0cc5_chunk_0,doc_09057_131f0cc5
9415,9415,doc_09058_3231d12e_chunk_0,doc_09058_3231d12e
9416,9416,doc_09058_3231d12e_chunk_1,doc_09058_3231d12e
9417,9417,doc_09059_89062b88_chunk_0,doc_09059_89062b88
9418,9418,doc_09060_670c73ab_chunk_0,doc_09060_670c73ab
9419,9419,doc_09061_410f5338_chunk_0,doc_09061_410f5338
9420,9420,doc_09062_76d69c68_chunk_0,doc_09062_76d69c68
9421,9421,doc_09063_c02ed1eb_chunk_0,doc_09063_c02ed1eb
9422,9422,doc_09064_32194b3c_chunk_0,doc_09064_32194b3c
9423,9423,doc_09065_aab52325_chunk_0,doc_09065_aab52325
9424,9424,doc_09066_5a03140d_chunk_0,doc_09066_5a03140d
9425,9425,doc_09067_4e0312c9_chunk_0,doc_09067_4e0312c9
9426,9426,doc_09068_a1401bc2_chunk_0,doc_09068_a1401bc2
9427,9427,doc_09069_da2689d6_chunk_0,doc_09069_da2689d6
9428,9428,doc_09070_f92af84b_chunk_0,doc_09070_f92af84b
9429,9429,doc_09071_e58e0185_chunk_0,doc_09071_e58e0185
9430,9430,doc_09072_ff591f24_chunk_0,doc_09072_ff591f24
9431,9431,doc_09073_af881bb8_chunk_0,doc_09073_af881bb8
9432,9432,doc_09074_01f5cfe7_chunk_0,doc_09074_01f5cfe7
9433,9433,doc_09075_289222f0_chunk_0,doc_09075_289222f0
9434,9434,doc_09076_99463a10_chunk_0,doc_09076_99463a10
9435,9435,doc_09077_64fbe7ce_chunk_0,doc_09077_64fbe7ce
9436,9436,doc_09078_4933d149_chunk_0,doc_09078_4933d149
9437,9437,doc_09079_fe3cfa98_chunk_0,doc_09079_fe3cfa98
9438,9438,doc_09080_bab96d6d_chunk_0,doc_09080_bab96d6d
9439,9439,doc_09081_7fee44b5_chunk_0,doc_09081_7fee44b5
9440,9440,doc_09082_a685a8d7_chunk_0,doc_09082_a685a8d7
9441,9441,doc_09083_9076bbc7_chunk_0,doc_09083_9076bbc7
9442,9442,doc_09084_068aae81_chunk_0,doc_09084_068aae81
9443,9443,doc_09085_3801c9d0_chunk_0,doc_09085_3801c9d0
9444,9444,doc_09086_390ad6fe_chunk_0,doc_09086_390ad6fe
9445,9445,doc_09087_7bf0c0ac_chunk_0,doc_09087_7bf0c0ac
9446,9446,doc_09088_d9ef65fb_chunk_0,doc_09088_d9ef65fb
9447,9447,doc_09089_759b5650_chunk_0,doc_09089_759b5650
9448,9448,doc_09090_62cf11b1_chunk_0,doc_09090_62cf11b1
9449,9449,doc_09091_7db91a81_chunk_0,doc_09091_7db91a81
9450,9450,doc_09092_b2bed273_chunk_0,doc_09092_b2bed273
9451,9451,doc_09093_5d901753_chunk_0,doc_09093_5d901753
9452,9452,doc_09094_2d4d1aa1_chunk_0,doc_09094_2d4d1aa1
9453,9453,doc_09095_e5d2f892_chunk_0,doc_09095_e5d2f892
9454,9454,doc_09096_ebc92f60_chunk_0,doc_09096_ebc92f60
9455,9455,doc_09097_68a3f639_chunk_0,doc_09097_68a3f639
9456,9456,doc_09098_a6daf600_chunk_0,doc_09098_a6daf600
9457,9457,doc_09099_d17694ff_chunk_0,doc_09099_d17694ff
9458,9458,doc_09100_62ccad5b_chunk_0,doc_09100_62ccad5b
9459,9459,doc_09101_5a96954e_chunk_0,doc_09101_5a96954e
9460,9460,doc_09102_6835a5c5_chunk_0,doc_09102_6835a5c5
9461,9461,doc_09103_dfa36a25_chunk_0,doc_09103_dfa36a25
9462,9462,doc_09104_fcd3bfca_chunk_0,doc_09104_fcd3bfca
9463,9463,doc_09105_96ccbe23_chunk_0,doc_09105_96ccbe23
9464,9464,doc_09106_7810ffb9_chunk_0,doc_09106_7810ffb9
9465,9465,doc_09107_42760acb_chunk_0,doc_09107_42760acb
9466,9466,doc_09108_38cdbaf9_chunk_0,doc_09108_38cdbaf9
9467,9467,doc_09109_152f7292_chunk_0,doc_09109_152f7292
9468,9468,doc_09110_ab3ef020_chunk_0,doc_09110_ab3ef020
9469,9469,doc_09111_1d4e7b88_chunk_0,doc_09111_1d4e7b88
9470,9470,doc_09112_c4bf55dc_chunk_0,doc_09112_c4bf55dc
9471,9471,doc_09113_58604bb2_chunk_0,doc_09113_58604bb2
9472,9472,doc_09114_beda9179_chunk_0,doc_09114_beda9179
9473,9473,doc_09115_b293a24b_chunk_0,doc_09115_b293a24b
9474,9474,doc_09116_967c1a0a_chunk_0,doc_09116_967c1a0a
9475,9475,doc_09117_2352b029_chunk_0,doc_09117_2352b029
9476,9476,doc_09118_f473431e_chunk_0,doc_09118_f473431e
9477,9477,doc_09119_0c19b1e2_chunk_0,doc_09119_0c19b1e2
9478,9478,doc_09120_5e1a3ede_chunk_0,doc_09120_5e1a3ede
9479,9479,doc_09121_9da6fc4b_chunk_0,doc_09121_9da6fc4b
9480,9480,doc_09122_690902d5_chunk_0,doc_09122_690902d5
9481,9481,doc_09123_c2beede5_chunk_0,doc_09123_c2beede5
9482,9482,doc_09124_f965cc74_chunk_0,doc_09124_f965cc74
9483,9483,doc_09125_03bed0c4_chunk_0,doc_09125_03bed0c4
9484,9484,doc_09126_1f23eadd_chunk_0,doc_09126_1f23eadd
9485,9485,doc_09127_8e8776a3_chunk_0,doc_09127_8e8776a3
9486,9486,doc_09128_356c59b7_chunk_0,doc_09128_356c59b7
9487,9487,doc_09129_0c3e8d27_chunk_0,doc_09129_0c3e8d27
9488,9488,doc_09130_78f11b2f_chunk_0,doc_09130_78f11b2f
9489,9489,doc_09131_9cc51525_chunk_0,doc_09131_9cc51525
9490,9490,doc_09132_62d6b60a_chunk_0,doc_09132_62d6b60a
9491,9491,doc_09133_6bc678b5_chunk_0,doc_09133_6bc678b5
9492,9492,doc_09134_10752570_chunk_0,doc_09134_10752570
9493,9493,doc_09135_478e7c6e_chunk_0,doc_09135_478e7c6e
9494,9494,doc_09136_fcdc1fe2_chunk_0,doc_09136_fcdc1fe2
9495,9495,doc_09137_53266c7c_chunk_0,doc_09137_53266c7c
9496,9496,doc_09138_e1fe4537_chunk_0,doc_09138_e1fe4537
9497,9497,doc_09139_7d4a4ff1_chunk_0,doc_09139_7d4a4ff1
9498,9498,doc_09140_3e8f0ca0_chunk_0,doc_09140_3e8f0ca0
9499,9499,doc_09141_0a0828a5_chunk_0,doc_09141_0a0828a5
9500,9500,doc_09142_6cce16af_chunk_0,doc_09142_6cce16af
9501,9501,doc_09143_9f299448_chunk_0,doc_09143_9f299448
9502,9502,doc_09144_86915f28_chunk_0,doc_09144_86915f28
9503,9503,doc_09145_0e6a1ccd_chunk_0,doc_09145_0e6a1ccd
9504,9504,doc_09146_e0835924_chunk_0,doc_09146_e0835924
9505,9505,doc_09147_676b08fc_chunk_0,doc_09147_676b08fc
9506,9506,doc_09148_e1d641c5_chunk_0,doc_09148_e1d641c5
9507,9507,doc_09149_abfb5ff0_chunk_0,doc_09149_abfb5ff0
9508,9508,doc_09150_378eb407_chunk_0,doc_09150_378eb407
9509,9509,doc_09151_98885795_chunk_0,doc_09151_98885795
9510,9510,doc_09152_b9e07622_chunk_0,doc_09152_b9e07622
9511,9511,doc_09153_c1bf40b5_chunk_0,doc_09153_c1bf40b5
9512,9512,doc_09154_26b1a707_chunk_0,doc_09154_26b1a707
9513,9513,doc_09155_8d19bd81_chunk_0,doc_09155_8d19bd81
9514,9514,doc_09156_da451602_chunk_0,doc_09156_da451602
9515,9515,doc_09157_5b62e9c7_chunk_0,doc_09157_5b62e9c7
9516,9516,doc_09158_ba473ac7_chunk_0,doc_09158_ba473ac7
9517,9517,doc_09159_e8147a74_chunk_0,doc_09159_e8147a74
9518,9518,doc_09160_6828ca85_chunk_0,doc_09160_6828ca85
9519,9519,doc_09161_7b97b682_chunk_0,doc_09161_7b97b682
9520,9520,doc_09162_ae148df3_chunk_0,doc_09162_ae148df3
9521,9521,doc_09163_5493493a_chunk_0,doc_09163_5493493a
9522,9522,doc_09164_403f8990_chunk_0,doc_09164_403f8990
9523,9523,doc_09165_ef11f53d_chunk_0,doc_09165_ef11f53d
9524,9524,doc_09166_f85610dc_chunk_0,doc_09166_f85610dc
9525,9525,doc_09167_e0acdf09_chunk_0,doc_09167_e0acdf09
9526,9526,doc_09168_8ec4ae13_chunk_0,doc_09168_8ec4ae13
9527,9527,doc_09168_8ec4ae13_chunk_1,doc_09168_8ec4ae13
9528,9528,doc_09169_eede3f29_chunk_0,doc_09169_eede3f29
9529,9529,doc_09170_90841356_chunk_0,doc_09170_90841356
9530,9530,doc_09171_586e7b22_chunk_0,doc_09171_586e7b22
9531,9531,doc_09172_523fd412_chunk_0,doc_09172_523fd412
9532,9532,doc_09173_2917b237_chunk_0,doc_09173_2917b237
9533,9533,doc_09174_619f303f_chunk_0,doc_09174_619f303f
9534,9534,doc_09175_02e37137_chunk_0,doc_09175_02e37137
9535,9535,doc_09176_8b84cf48_chunk_0,doc_09176_8b84cf48
9536,9536,doc_09177_0cca9ab1_chunk_0,doc_09177_0cca9ab1
9537,9537,doc_09178_188f2c29_chunk_0,doc_09178_188f2c29
9538,9538,doc_09179_3e062f4f_chunk_0,doc_09179_3e062f4f
9539,9539,doc_09180_6b3fab0c_chunk_0,doc_09180_6b3fab0c
9540,9540,doc_09181_36ecd6a6_chunk_0,doc_09181_36ecd6a6
9541,9541,doc_09182_8041eddf_chunk_0,doc_09182_8041eddf
9542,9542,doc_09183_9e0be866_chunk_0,doc_09183_9e0be866
9543,9543,doc_09184_2390ce27_chunk_0,doc_09184_2390ce27
9544,9544,doc_09185_b32d87e3_chunk_0,doc_09185_b32d87e3
9545,9545,doc_09186_096daed4_chunk_0,doc_09186_096daed4
9546,9546,doc_09187_d58d0940_chunk_0,doc_09187_d58d0940
9547,9547,doc_09188_8846ebf6_chunk_0,doc_09188_8846ebf6
9548,9548,doc_09189_df85653e_chunk_0,doc_09189_df85653e
9549,9549,doc_09190_766511c7_chunk_0,doc_09190_766511c7
9550,9550,doc_09191_6e654004_chunk_0,doc_09191_6e654004
9551,9551,doc_09192_d6f0d757_chunk_0,doc_09192_d6f0d757
9552,9552,doc_09193_7906491f_chunk_0,doc_09193_7906491f
9553,9553,doc_09194_459cbb63_chunk_0,doc_09194_459cbb63
9554,9554,doc_09195_54f2fca0_chunk_0,doc_09195_54f2fca0
9555,9555,doc_09196_f1a239d6_chunk_0,doc_09196_f1a239d6
9556,9556,doc_09197_42a76b42_chunk_0,doc_09197_42a76b42
9557,9557,doc_09198_ea4b8806_chunk_0,doc_09198_ea4b8806
9558,9558,doc_09199_e6f459ba_chunk_0,doc_09199_e6f459ba
9559,9559,doc_09200_a907a02b_chunk_0,doc_09200_a907a02b
9560,9560,doc_09201_ec828896_chunk_0,doc_09201_ec828896
9561,9561,doc_09202_fd3f4972_chunk_0,doc_09202_fd3f4972
9562,9562,doc_09203_bfda0281_chunk_0,doc_09203_bfda0281
9563,9563,doc_09204_ad9e42ce_chunk_0,doc_09204_ad9e42ce
9564,9564,doc_09205_994bbae1_chunk_0,doc_09205_994bbae1
9565,9565,doc_09206_215c3926_chunk_0,doc_09206_215c3926
9566,9566,doc_09207_4e574aca_chunk_0,doc_09207_4e574aca
9567,9567,doc_09208_74dbbc02_chunk_0,doc_09208_74dbbc02
9568,9568,doc_09209_77774d97_chunk_0,doc_09209_77774d97
9569,9569,doc_09210_d46b83ac_chunk_0,doc_09210_d46b83ac
9570,9570,doc_09211_f5a8873d_chunk_0,doc_09211_f5a8873d
9571,9571,doc_09212_343b8d52_chunk_0,doc_09212_343b8d52
9572,9572,doc_09213_8f71f3e9_chunk_0,doc_09213_8f71f3e9
9573,9573,doc_09214_f3be6e64_chunk_0,doc_09214_f3be6e64
9574,9574,doc_09215_633d183a_chunk_0,doc_09215_633d183a
9575,9575,doc_09216_5e91afb9_chunk_0,doc_09216_5e91afb9
9576,9576,doc_09217_348bb4c8_chunk_0,doc_09217_348bb4c8
9577,9577,doc_09218_def31934_chunk_0,doc_09218_def31934
9578,9578,doc_09219_324d97c1_chunk_0,doc_09219_324d97c1
9579,9579,doc_09220_e4a1d712_chunk_0,doc_09220_e4a1d712
9580,9580,doc_09221_3be71d7e_chunk_0,doc_09221_3be71d7e
9581,9581,doc_09222_603f7d18_chunk_0,doc_09222_603f7d18
9582,9582,doc_09223_def7b938_chunk_0,doc_09223_def7b938
9583,9583,doc_09224_e675a16d_chunk_0,doc_09224_e675a16d
9584,9584,doc_09225_0a2d2816_chunk_0,doc_09225_0a2d2816
9585,9585,doc_09226_21879279_chunk_0,doc_09226_21879279
9586,9586,doc_09227_668446c0_chunk_0,doc_09227_668446c0
9587,9587,doc_09228_48fd838c_chunk_0,doc_09228_48fd838c
9588,9588,doc_09229_c8882e8a_chunk_0,doc_09229_c8882e8a
9589,9589,doc_09230_1806c2bf_chunk_0,doc_09230_1806c2bf
9590,9590,doc_09231_14c2c14c_chunk_0,doc_09231_14c2c14c
9591,9591,doc_09232_c6120732_chunk_0,doc_09232_c6120732
9592,9592,doc_09233_a7f8ebe2_chunk_0,doc_09233_a7f8ebe2
9593,9593,doc_09234_644339e8_chunk_0,doc_09234_644339e8
9594,9594,doc_09235_aad89700_chunk_0,doc_09235_aad89700
9595,9595,doc_09236_354f95a5_chunk_0,doc_09236_354f95a5
9596,9596,doc_09237_98116b66_chunk_0,doc_09237_98116b66
9597,9597,doc_09238_3b5388ea_chunk_0,doc_09238_3b5388ea
9598,9598,doc_09239_b00080ee_chunk_0,doc_09239_b00080ee
9599,9599,doc_09240_c1162328_chunk_0,doc_09240_c1162328
9600,9600,doc_09241_24c7117d_chunk_0,doc_09241_24c7117d
9601,9601,doc_09242_4ec82015_chunk_0,doc_09242_4ec82015
9602,9602,doc_09243_b1a251a6_chunk_0,doc_09243_b1a251a6
9603,9603,doc_09244_71051006_chunk_0,doc_09244_71051006
9604,9604,doc_09245_2f890f69_chunk_0,doc_09245_2f890f69
9605,9605,doc_09246_91dc2339_chunk_0,doc_09246_91dc2339
9606,9606,doc_09247_03a3bf78_chunk_0,doc_09247_03a3bf78
9607,9607,doc_09248_ded89905_chunk_0,doc_09248_ded89905
9608,9608,doc_09249_dff9ffaf_chunk_0,doc_09249_dff9ffaf
9609,9609,doc_09250_c45e380a_chunk_0,doc_09250_c45e380a
9610,9610,doc_09251_c442cd80_chunk_0,doc_09251_c442cd80
9611,9611,doc_09252_a6167b61_chunk_0,doc_09252_a6167b61
9612,9612,doc_09253_67c46ce1_chunk_0,doc_09253_67c46ce1
9613,9613,doc_09254_3aac8e19_chunk_0,doc_09254_3aac8e19
9614,9614,doc_09255_465ee2b3_chunk_0,doc_09255_465ee2b3
9615,9615,doc_09256_c633fd35_chunk_0,doc_09256_c633fd35
9616,9616,doc_09257_bdd422fa_chunk_0,doc_09257_bdd422fa
9617,9617,doc_09258_6a75e7f2_chunk_0,doc_09258_6a75e7f2
9618,9618,doc_09259_1fccf759_chunk_0,doc_09259_1fccf759
9619,9619,doc_09260_23de433b_chunk_0,doc_09260_23de433b
9620,9620,doc_09261_e346eea6_chunk_0,doc_09261_e346eea6
9621,9621,doc_09262_df064693_chunk_0,doc_09262_df064693
9622,9622,doc_09263_a81410be_chunk_0,doc_09263_a81410be
9623,9623,doc_09264_cd61d478_chunk_0,doc_09264_cd61d478
9624,9624,doc_09265_89304a88_chunk_0,doc_09265_89304a88
9625,9625,doc_09266_f90d0c05_chunk_0,doc_09266_f90d0c05
9626,9626,doc_09267_4709c9e7_chunk_0,doc_09267_4709c9e7
9627,9627,doc_09268_cfeb0492_chunk_0,doc_09268_cfeb0492
9628,9628,doc_09269_c13d8ea6_chunk_0,doc_09269_c13d8ea6
9629,9629,doc_09270_acc85641_chunk_0,doc_09270_acc85641
9630,9630,doc_09271_a5a5b21b_chunk_0,doc_09271_a5a5b21b
9631,9631,doc_09272_c6f96fbe_chunk_0,doc_09272_c6f96fbe
9632,9632,doc_09273_35f5e423_chunk_0,doc_09273_35f5e423
9633,9633,doc_09274_a33239c0_chunk_0,doc_09274_a33239c0
9634,9634,doc_09275_f1126820_chunk_0,doc_09275_f1126820
9635,9635,doc_09276_5c19035b_chunk_0,doc_09276_5c19035b
9636,9636,doc_09277_fc74e34c_chunk_0,doc_09277_fc74e34c
9637,9637,doc_09278_4e48a051_chunk_0,doc_09278_4e48a051
9638,9638,doc_09279_3cf76cde_chunk_0,doc_09279_3cf76cde
9639,9639,doc_09280_4d4c6cee_chunk_0,doc_09280_4d4c6cee
9640,9640,doc_09281_d46a2e77_chunk_0,doc_09281_d46a2e77
9641,9641,doc_09282_dddd2d39_chunk_0,doc_09282_dddd2d39
9642,9642,doc_09283_743ccc15_chunk_0,doc_09283_743ccc15
9643,9643,doc_09284_b5ef5385_chunk_0,doc_09284_b5ef5385
9644,9644,doc_09285_4d212d16_chunk_0,doc_09285_4d212d16
9645,9645,doc_09286_15ef928c_chunk_0,doc_09286_15ef928c
9646,9646,doc_09287_18d23471_chunk_0,doc_09287_18d23471
9647,9647,doc_09288_b59e922e_chunk_0,doc_09288_b59e922e
9648,9648,doc_09289_51c36429_chunk_0,doc_09289_51c36429
9649,9649,doc_09290_6f95a8fb_chunk_0,doc_09290_6f95a8fb
9650,9650,doc_09291_1d7e95f6_chunk_0,doc_09291_1d7e95f6
9651,9651,doc_09292_830b09ff_chunk_0,doc_09292_830b09ff
9652,9652,doc_09293_868982cf_chunk_0,doc_09293_868982cf
9653,9653,doc_09294_ad369744_chunk_0,doc_09294_ad369744
9654,9654,doc_09295_c5f46a33_chunk_0,doc_09295_c5f46a33
9655,9655,doc_09296_692d93a5_chunk_0,doc_09296_692d93a5
9656,9656,doc_09297_dc3a3004_chunk_0,doc_09297_dc3a3004
9657,9657,doc_09298_c7b956bb_chunk_0,doc_09298_c7b956bb
9658,9658,doc_09299_af56990d_chunk_0,doc_09299_af56990d
9659,9659,doc_09300_3e557abf_chunk_0,doc_09300_3e557abf
9660,9660,doc_09301_f57258d1_chunk_0,doc_09301_f57258d1
9661,9661,doc_09302_d6a42f7d_chunk_0,doc_09302_d6a42f7d
9662,9662,doc_09303_ac33a7ea_chunk_0,doc_09303_ac33a7ea
9663,9663,doc_09304_3910708b_chunk_0,doc_09304_3910708b
9664,9664,doc_09305_e28f3b63_chunk_0,doc_09305_e28f3b63
9665,9665,doc_09306_0c972e06_chunk_0,doc_09306_0c972e06
9666,9666,doc_09307_9c8f6b4d_chunk_0,doc_09307_9c8f6b4d
9667,9667,doc_09308_51671158_chunk_0,doc_09308_51671158
9668,9668,doc_09309_f98d466b_chunk_0,doc_09309_f98d466b
9669,9669,doc_09310_bb75c60c_chunk_0,doc_09310_bb75c60c
9670,9670,doc_09311_b4488f45_chunk_0,doc_09311_b4488f45
9671,9671,doc_09312_2ce56bad_chunk_0,doc_09312_2ce56bad
9672,9672,doc_09313_92833477_chunk_0,doc_09313_92833477
9673,9673,doc_09314_3bece6d4_chunk_0,doc_09314_3bece6d4
9674,9674,doc_09315_a7b6e25f_chunk_0,doc_09315_a7b6e25f
9675,9675,doc_09316_232c1209_chunk_0,doc_09316_232c1209
9676,9676,doc_09317_fc804265_chunk_0,doc_09317_fc804265
9677,9677,doc_09318_b3d95fe1_chunk_0,doc_09318_b3d95fe1
9678,9678,doc_09319_4731b957_chunk_0,doc_09319_4731b957
9679,9679,doc_09320_fd0630d6_chunk_0,doc_09320_fd0630d6
9680,9680,doc_09321_1d4f2811_chunk_0,doc_09321_1d4f2811
9681,9681,doc_09322_ab5e6810_chunk_0,doc_09322_ab5e6810
9682,9682,doc_09323_b6bf946c_chunk_0,doc_09323_b6bf946c
9683,9683,doc_09324_3e851afd_chunk_0,doc_09324_3e851afd
9684,9684,doc_09325_817f6b28_chunk_0,doc_09325_817f6b28
9685,9685,doc_09326_b2ecc1af_chunk_0,doc_09326_b2ecc1af
9686,9686,doc_09327_8db4301e_chunk_0,doc_09327_8db4301e
9687,9687,doc_09328_e1b83f80_chunk_0,doc_09328_e1b83f80
9688,9688,doc_09329_1146fcd6_chunk_0,doc_09329_1146fcd6
9689,9689,doc_09330_122e553d_chunk_0,doc_09330_122e553d
9690,9690,doc_09331_bfb1efd3_chunk_0,doc_09331_bfb1efd3
9691,9691,doc_09332_6aa97af9_chunk_0,doc_09332_6aa97af9
9692,9692,doc_09333_90456ce9_chunk_0,doc_09333_90456ce9
9693,9693,doc_09334_2087033b_chunk_0,doc_09334_2087033b
9694,9694,doc_09335_4c9b4599_chunk_0,doc_09335_4c9b4599
9695,9695,doc_09336_be25f945_chunk_0,doc_09336_be25f945
9696,9696,doc_09337_ffa1bc16_chunk_0,doc_09337_ffa1bc16
9697,9697,doc_09338_61a62a70_chunk_0,doc_09338_61a62a70
9698,9698,doc_09339_d96aaea4_chunk_0,doc_09339_d96aaea4
9699,9699,doc_09340_7162d52e_chunk_0,doc_09340_7162d52e
9700,9700,doc_09341_d5e51f4e_chunk_0,doc_09341_d5e51f4e
9701,9701,doc_09342_5a4a219a_chunk_0,doc_09342_5a4a219a
9702,9702,doc_09343_645452d5_chunk_0,doc_09343_645452d5
9703,9703,doc_09344_f47b79f0_chunk_0,doc_09344_f47b79f0
9704,9704,doc_09345_4beec28e_chunk_0,doc_09345_4beec28e
9705,9705,doc_09346_e6a20070_chunk_0,doc_09346_e6a20070
9706,9706,doc_09347_a25f0869_chunk_0,doc_09347_a25f0869
9707,9707,doc_09348_cdc5cab0_chunk_0,doc_09348_cdc5cab0
9708,9708,doc_09349_9f11751d_chunk_0,doc_09349_9f11751d
9709,9709,doc_09350_928e7883_chunk_0,doc_09350_928e7883
9710,9710,doc_09351_4f651e1f_chunk_0,doc_09351_4f651e1f
9711,9711,doc_09352_648b9d7c_chunk_0,doc_09352_648b9d7c
9712,9712,doc_09353_45e45d7a_chunk_0,doc_09353_45e45d7a
9713,9713,doc_09353_45e45d7a_chunk_1,doc_09353_45e45d7a
9714,9714,doc_09354_9b345ce5_chunk_0,doc_09354_9b345ce5
9715,9715,doc_09355_8a79bd9e_chunk_0,doc_09355_8a79bd9e
9716,9716,doc_09356_63213f7f_chunk_0,doc_09356_63213f7f
9717,9717,doc_09357_9e9a7e51_chunk_0,doc_09357_9e9a7e51
9718,9718,doc_09358_05c2560d_chunk_0,doc_09358_05c2560d
9719,9719,doc_09359_6fd1478a_chunk_0,doc_09359_6fd1478a
9720,9720,doc_09360_06d18e5b_chunk_0,doc_09360_06d18e5b
9721,9721,doc_09361_92ef73bc_chunk_0,doc_09361_92ef73bc
9722,9722,doc_09362_bb33fb9c_chunk_0,doc_09362_bb33fb9c
9723,9723,doc_09363_de5561f7_chunk_0,doc_09363_de5561f7
9724,9724,doc_09364_1f0bf5ff_chunk_0,doc_09364_1f0bf5ff
9725,9725,doc_09365_b72b0638_chunk_0,doc_09365_b72b0638
9726,9726,doc_09366_f66ad57d_chunk_0,doc_09366_f66ad57d
9727,9727,doc_09366_f66ad57d_chunk_1,doc_09366_f66ad57d
9728,9728,doc_09367_1f9a58cd_chunk_0,doc_09367_1f9a58cd
9729,9729,doc_09368_4ceb62a4_chunk_0,doc_09368_4ceb62a4
9730,9730,doc_09369_cafe36d5_chunk_0,doc_09369_cafe36d5
9731,9731,doc_09370_e546dbe4_chunk_0,doc_09370_e546dbe4
9732,9732,doc_09371_c04224d2_chunk_0,doc_09371_c04224d2
9733,9733,doc_09372_b38a3e03_chunk_0,doc_09372_b38a3e03
9734,9734,doc_09373_84a3b3b7_chunk_0,doc_09373_84a3b3b7
9735,9735,doc_09374_88e4c2b1_chunk_0,doc_09374_88e4c2b1
9736,9736,doc_09375_bf917f90_chunk_0,doc_09375_bf917f90
9737,9737,doc_09376_babad89d_chunk_0,doc_09376_babad89d
9738,9738,doc_09377_36598020_chunk_0,doc_09377_36598020
9739,9739,doc_09378_dc2ef821_chunk_0,doc_09378_dc2ef821
9740,9740,doc_09379_c4ed2c82_chunk_0,doc_09379_c4ed2c82
9741,9741,doc_09380_825009af_chunk_0,doc_09380_825009af
9742,9742,doc_09381_6cffdc98_chunk_0,doc_09381_6cffdc98
9743,9743,doc_09382_75cc3989_chunk_0,doc_09382_75cc3989
9744,9744,doc_09383_2d460cc5_chunk_0,doc_09383_2d460cc5
9745,9745,doc_09384_34c17859_chunk_0,doc_09384_34c17859
9746,9746,doc_09385_f6f406eb_chunk_0,doc_09385_f6f406eb
9747,9747,doc_09386_5b55c700_chunk_0,doc_09386_5b55c700
9748,9748,doc_09387_2f655ee3_chunk_0,doc_09387_2f655ee3
9749,9749,doc_09388_fc44633b_chunk_0,doc_09388_fc44633b
9750,9750,doc_09389_9e921813_chunk_0,doc_09389_9e921813
9751,9751,doc_09390_0c8246f4_chunk_0,doc_09390_0c8246f4
9752,9752,doc_09391_3be91cad_chunk_0,doc_09391_3be91cad
9753,9753,doc_09392_356877c8_chunk_0,doc_09392_356877c8
9754,9754,doc_09393_3592e156_chunk_0,doc_09393_3592e156
9755,9755,doc_09394_f93642cb_chunk_0,doc_09394_f93642cb
9756,9756,doc_09395_8f1ecb64_chunk_0,doc_09395_8f1ecb64
9757,9757,doc_09396_25a4b667_chunk_0,doc_09396_25a4b667
9758,9758,doc_09397_bec32148_chunk_0,doc_09397_bec32148
9759,9759,doc_09398_57251042_chunk_0,doc_09398_57251042
9760,9760,doc_09399_b723c8a8_chunk_0,doc_09399_b723c8a8
9761,9761,doc_09400_df7a7e7c_chunk_0,doc_09400_df7a7e7c
9762,9762,doc_09401_4015803b_chunk_0,doc_09401_4015803b
9763,9763,doc_09402_c4be3844_chunk_0,doc_09402_c4be3844
9764,9764,doc_09403_1021efc7_chunk_0,doc_09403_1021efc7
9765,9765,doc_09404_1a5cd31c_chunk_0,doc_09404_1a5cd31c
9766,9766,doc_09405_79f6f137_chunk_0,doc_09405_79f6f137
9767,9767,doc_09406_5deee961_chunk_0,doc_09406_5deee961
9768,9768,doc_09407_886b9178_chunk_0,doc_09407_886b9178
9769,9769,doc_09408_37c05bcf_chunk_0,doc_09408_37c05bcf
9770,9770,doc_09409_c7b28a9f_chunk_0,doc_09409_c7b28a9f
9771,9771,doc_09410_04063b1e_chunk_0,doc_09410_04063b1e
9772,9772,doc_09411_3ac4bd5b_chunk_0,doc_09411_3ac4bd5b
9773,9773,doc_09412_fcc83c0a_chunk_0,doc_09412_fcc83c0a
9774,9774,doc_09412_fcc83c0a_chunk_1,doc_09412_fcc83c0a
9775,9775,doc_09413_f393ecb5_chunk_0,doc_09413_f393ecb5
9776,9776,doc_09413_f393ecb5_chunk_1,doc_09413_f393ecb5
9777,9777,doc_09414_6ea8d0b5_chunk_0,doc_09414_6ea8d0b5
9778,9778,doc_09415_11112fe8_chunk_0,doc_09415_11112fe8
9779,9779,doc_09416_d0333680_chunk_0,doc_09416_d0333680
9780,9780,doc_09417_f8b62632_chunk_0,doc_09417_f8b62632
9781,9781,doc_09418_8795a706_chunk_0,doc_09418_8795a706
9782,9782,doc_09419_716d7155_chunk_0,doc_09419_716d7155
9783,9783,doc_09420_6e1a4ea1_chunk_0,doc_09420_6e1a4ea1
9784,9784,doc_09421_75a7519e_chunk_0,doc_09421_75a7519e
9785,9785,doc_09422_c86c6338_chunk_0,doc_09422_c86c6338
9786,9786,doc_09423_ca14fd6b_chunk_0,doc_09423_ca14fd6b
9787,9787,doc_09424_b4bc764b_chunk_0,doc_09424_b4bc764b
9788,9788,doc_09425_1d1f0ad0_chunk_0,doc_09425_1d1f0ad0
9789,9789,doc_09426_75df4443_chunk_0,doc_09426_75df4443
9790,9790,doc_09427_049f9530_chunk_0,doc_09427_049f9530
9791,9791,doc_09428_b9dbaf5d_chunk_0,doc_09428_b9dbaf5d
9792,9792,doc_09429_7c9e679d_chunk_0,doc_09429_7c9e679d
9793,9793,doc_09430_4e03ea01_chunk_0,doc_09430_4e03ea01
9794,9794,doc_09431_4e33adee_chunk_0,doc_09431_4e33adee
9795,9795,doc_09432_c49b82bb_chunk_0,doc_09432_c49b82bb
9796,9796,doc_09433_6fbb52b0_chunk_0,doc_09433_6fbb52b0
9797,9797,doc_09434_21599806_chunk_0,doc_09434_21599806
9798,9798,doc_09435_e3c0cef4_chunk_0,doc_09435_e3c0cef4
9799,9799,doc_09436_34cbceb1_chunk_0,doc_09436_34cbceb1
9800,9800,doc_09437_63bcb15c_chunk_0,doc_09437_63bcb15c
9801,9801,doc_09438_17b1d32a_chunk_0,doc_09438_17b1d32a
9802,9802,doc_09439_e701b3c7_chunk_0,doc_09439_e701b3c7
9803,9803,doc_09440_c585c66c_chunk_0,doc_09440_c585c66c
9804,9804,doc_09441_9c0c947c_chunk_0,doc_09441_9c0c947c
9805,9805,doc_09442_fce6d4f6_chunk_0,doc_09442_fce6d4f6
9806,9806,doc_09443_e3d2f595_chunk_0,doc_09443_e3d2f595
9807,9807,doc_09444_42752068_chunk_0,doc_09444_42752068
9808,9808,doc_09445_8353af97_chunk_0,doc_09445_8353af97
9809,9809,doc_09446_7b7b186d_chunk_0,doc_09446_7b7b186d
9810,9810,doc_09447_39b1d4b3_chunk_0,doc_09447_39b1d4b3
9811,9811,doc_09448_061df4a5_chunk_0,doc_09448_061df4a5
9812,9812,doc_09449_d4afeb01_chunk_0,doc_09449_d4afeb01
9813,9813,doc_09450_a49a4f98_chunk_0,doc_09450_a49a4f98
9814,9814,doc_09451_6fa6eb9b_chunk_0,doc_09451_6fa6eb9b
9815,9815,doc_09452_7a749e98_chunk_0,doc_09452_7a749e98
9816,9816,doc_09453_4987be09_chunk_0,doc_09453_4987be09
9817,9817,doc_09454_94ac72ea_chunk_0,doc_09454_94ac72ea
9818,9818,doc_09455_f9d358d7_chunk_0,doc_09455_f9d358d7
9819,9819,doc_09456_be56afaa_chunk_0,doc_09456_be56afaa
9820,9820,doc_09457_75fd319c_chunk_0,doc_09457_75fd319c
9821,9821,doc_09458_d93aced9_chunk_0,doc_09458_d93aced9
9822,9822,doc_09459_b904c4cb_chunk_0,doc_09459_b904c4cb
9823,9823,doc_09460_b4c3ebc1_chunk_0,doc_09460_b4c3ebc1
9824,9824,doc_09461_7d68a400_chunk_0,doc_09461_7d68a400
9825,9825,doc_09462_995a8686_chunk_0,doc_09462_995a8686
9826,9826,doc_09463_7d423575_chunk_0,doc_09463_7d423575
9827,9827,doc_09464_49680b5a_chunk_0,doc_09464_49680b5a
9828,9828,doc_09465_afdc18e8_chunk_0,doc_09465_afdc18e8
9829,9829,doc_09466_50d85643_chunk_0,doc_09466_50d85643
9830,9830,doc_09467_73e973b0_chunk_0,doc_09467_73e973b0
9831,9831,doc_09468_fe599cee_chunk_0,doc_09468_fe599cee
9832,9832,doc_09469_d0090898_chunk_0,doc_09469_d0090898
9833,9833,doc_09470_35647a46_chunk_0,doc_09470_35647a46
9834,9834,doc_09471_7b416f27_chunk_0,doc_09471_7b416f27
9835,9835,doc_09472_6afcb987_chunk_0,doc_09472_6afcb987
9836,9836,doc_09473_6ea438f8_chunk_0,doc_09473_6ea438f8
9837,9837,doc_09474_a264122f_chunk_0,doc_09474_a264122f
9838,9838,doc_09475_37295a68_chunk_0,doc_09475_37295a68
9839,9839,doc_09476_d39a7e2a_chunk_0,doc_09476_d39a7e2a
9840,9840,doc_09477_d762b094_chunk_0,doc_09477_d762b094
9841,9841,doc_09478_5b009417_chunk_0,doc_09478_5b009417
9842,9842,doc_09479_3ad54c5a_chunk_0,doc_09479_3ad54c5a
9843,9843,doc_09480_4547b0a0_chunk_0,doc_09480_4547b0a0
9844,9844,doc_09481_6b514c2e_chunk_0,doc_09481_6b514c2e
9845,9845,doc_09482_fc0cfd81_chunk_0,doc_09482_fc0cfd81
9846,9846,doc_09483_1160f23d_chunk_0,doc_09483_1160f23d
9847,9847,doc_09484_25b1f522_chunk_0,doc_09484_25b1f522
9848,9848,doc_09485_85ca49ce_chunk_0,doc_09485_85ca49ce
9849,9849,doc_09486_4ae51d41_chunk_0,doc_09486_4ae51d41
9850,9850,doc_09487_1aeb4be9_chunk_0,doc_09487_1aeb4be9
9851,9851,doc_09488_407ccb0c_chunk_0,doc_09488_407ccb0c
9852,9852,doc_09489_0b28da0b_chunk_0,doc_09489_0b28da0b
9853,9853,doc_09490_9bb00493_chunk_0,doc_09490_9bb00493
9854,9854,doc_09491_4b0e9209_chunk_0,doc_09491_4b0e9209
9855,9855,doc_09492_074df6c7_chunk_0,doc_09492_074df6c7
9856,9856,doc_09493_fe75c1b7_chunk_0,doc_09493_fe75c1b7
9857,9857,doc_09494_2d2c9841_chunk_0,doc_09494_2d2c9841
9858,9858,doc_09495_95ddf3c7_chunk_0,doc_09495_95ddf3c7
9859,9859,doc_09496_09282fa8_chunk_0,doc_09496_09282fa8
9860,9860,doc_09497_27c77550_chunk_0,doc_09497_27c77550
9861,9861,doc_09498_ac610de3_chunk_0,doc_09498_ac610de3
9862,9862,doc_09499_4e314397_chunk_0,doc_09499_4e314397
9863,9863,doc_09500_2964c1a7_chunk_0,doc_09500_2964c1a7
9864,9864,doc_09501_a3663f72_chunk_0,doc_09501_a3663f72
9865,9865,doc_09502_3a0df2be_chunk_0,doc_09502_3a0df2be
9866,9866,doc_09503_e3900216_chunk_0,doc_09503_e3900216
9867,9867,doc_09504_afc92f2f_chunk_0,doc_09504_afc92f2f
9868,9868,doc_09505_c22a0450_chunk_0,doc_09505_c22a0450
9869,9869,doc_09506_91fcce5c_chunk_0,doc_09506_91fcce5c
9870,9870,doc_09507_83482df1_chunk_0,doc_09507_83482df1
9871,9871,doc_09508_c52a1c80_chunk_0,doc_09508_c52a1c80
9872,9872,doc_09509_062283e9_chunk_0,doc_09509_062283e9
9873,9873,doc_09510_a8d22097_chunk_0,doc_09510_a8d22097
9874,9874,doc_09511_760ea6ed_chunk_0,doc_09511_760ea6ed
9875,9875,doc_09512_3061e52a_chunk_0,doc_09512_3061e52a
9876,9876,doc_09513_27060cf7_chunk_0,doc_09513_27060cf7
9877,9877,doc_09514_d52d5975_chunk_0,doc_09514_d52d5975
9878,9878,doc_09515_f8dcd914_chunk_0,doc_09515_f8dcd914
9879,9879,doc_09516_a5061727_chunk_0,doc_09516_a5061727
9880,9880,doc_09517_27256272_chunk_0,doc_09517_27256272
9881,9881,doc_09518_6f09eab7_chunk_0,doc_09518_6f09eab7
9882,9882,doc_09519_e6f74ca9_chunk_0,doc_09519_e6f74ca9
9883,9883,doc_09520_e19890d6_chunk_0,doc_09520_e19890d6
9884,9884,doc_09521_aa5fab82_chunk_0,doc_09521_aa5fab82
9885,9885,doc_09522_c990bea2_chunk_0,doc_09522_c990bea2
9886,9886,doc_09523_004d5830_chunk_0,doc_09523_004d5830
9887,9887,doc_09524_36305ca4_chunk_0,doc_09524_36305ca4
9888,9888,doc_09525_be85ade0_chunk_0,doc_09525_be85ade0
9889,9889,doc_09526_c2d99a7f_chunk_0,doc_09526_c2d99a7f
9890,9890,doc_09527_244be530_chunk_0,doc_09527_244be530
9891,9891,doc_09528_8f6afa34_chunk_0,doc_09528_8f6afa34
9892,9892,doc_09529_4e147e55_chunk_0,doc_09529_4e147e55
9893,9893,doc_09530_f0b10d9d_chunk_0,doc_09530_f0b10d9d
9894,9894,doc_09531_5010e62a_chunk_0,doc_09531_5010e62a
9895,9895,doc_09532_d7d02a83_chunk_0,doc_09532_d7d02a83
9896,9896,doc_09533_af710e15_chunk_0,doc_09533_af710e15
9897,9897,doc_09534_5ac28a11_chunk_0,doc_09534_5ac28a11
9898,9898,doc_09535_5bbf422d_chunk_0,doc_09535_5bbf422d
9899,9899,doc_09536_13880622_chunk_0,doc_09536_13880622
9900,9900,doc_09537_4018afb8_chunk_0,doc_09537_4018afb8
9901,9901,doc_09538_3e248877_chunk_0,doc_09538_3e248877
9902,9902,doc_09539_f3cb7a9c_chunk_0,doc_09539_f3cb7a9c
9903,9903,doc_09540_3e45f163_chunk_0,doc_09540_3e45f163
9904,9904,doc_09541_659c2e31_chunk_0,doc_09541_659c2e31
9905,9905,doc_09542_63b786fa_chunk_0,doc_09542_63b786fa
9906,9906,doc_09543_72078bd8_chunk_0,doc_09543_72078bd8
9907,9907,doc_09544_adc2b1e0_chunk_0,doc_09544_adc2b1e0
9908,9908,doc_09545_493b82fa_chunk_0,doc_09545_493b82fa
9909,9909,doc_09546_0e685f5a_chunk_0,doc_09546_0e685f5a
9910,9910,doc_09547_3483c2db_chunk_0,doc_09547_3483c2db
9911,9911,doc_09548_3cd9745d_chunk_0,doc_09548_3cd9745d
9912,9912,doc_09549_0aceae73_chunk_0,doc_09549_0aceae73
9913,9913,doc_09550_3fb75f0b_chunk_0,doc_09550_3fb75f0b
9914,9914,doc_09551_b6ca04c1_chunk_0,doc_09551_b6ca04c1
9915,9915,doc_09552_93e51940_chunk_0,doc_09552_93e51940
9916,9916,doc_09553_0a3b7087_chunk_0,doc_09553_0a3b7087
9917,9917,doc_09554_3ec67d97_chunk_0,doc_09554_3ec67d97
9918,9918,doc_09555_4bca0f5e_chunk_0,doc_09555_4bca0f5e
9919,9919,doc_09556_fda32153_chunk_0,doc_09556_fda32153
9920,9920,doc_09557_227cd6e5_chunk_0,doc_09557_227cd6e5
9921,9921,doc_09558_734dac92_chunk_0,doc_09558_734dac92
9922,9922,doc_09559_1a86e207_chunk_0,doc_09559_1a86e207
9923,9923,doc_09560_82c68d57_chunk_0,doc_09560_82c68d57
9924,9924,doc_09561_5580ad60_chunk_0,doc_09561_5580ad60
9925,9925,doc_09562_cac303c7_chunk_0,doc_09562_cac303c7
9926,9926,doc_09563_91fb9481_chunk_0,doc_09563_91fb9481
9927,9927,doc_09564_34c6ac33_chunk_0,doc_09564_34c6ac33
9928,9928,doc_09565_5828f01a_chunk_0,doc_09565_5828f01a
9929,9929,doc_09566_5225346a_chunk_0,doc_09566_5225346a
9930,9930,doc_09567_08dda115_chunk_0,doc_09567_08dda115
9931,9931,doc_09568_03dcd746_chunk_0,doc_09568_03dcd746
9932,9932,doc_09569_726ae46b_chunk_0,doc_09569_726ae46b
9933,9933,doc_09570_427c27aa_chunk_0,doc_09570_427c27aa
9934,9934,doc_09571_22d729bd_chunk_0,doc_09571_22d729bd
9935,9935,doc_09572_c6a6a301_chunk_0,doc_09572_c6a6a301
9936,9936,doc_09573_17013a70_chunk_0,doc_09573_17013a70
9937,9937,doc_09574_15880902_chunk_0,doc_09574_15880902
9938,9938,doc_09575_c9e8992c_chunk_0,doc_09575_c9e8992c
9939,9939,doc_09576_8116947b_chunk_0,doc_09576_8116947b
9940,9940,doc_09577_add2cc94_chunk_0,doc_09577_add2cc94
9941,9941,doc_09578_6f25fe6d_chunk_0,doc_09578_6f25fe6d
9942,9942,doc_09579_50a2c036_chunk_0,doc_09579_50a2c036
9943,9943,doc_09580_b269e6fa_chunk_0,doc_09580_b269e6fa
9944,9944,doc_09581_fde138f0_chunk_0,doc_09581_fde138f0
9945,9945,doc_09582_1e1f471e_chunk_0,doc_09582_1e1f471e
9946,9946,doc_09583_b2d4e6bf_chunk_0,doc_09583_b2d4e6bf
9947,9947,doc_09584_060b7140_chunk_0,doc_09584_060b7140
9948,9948,doc_09585_b710278f_chunk_0,doc_09585_b710278f
9949,9949,doc_09586_760cbbbe_chunk_0,doc_09586_760cbbbe
9950,9950,doc_09587_8aa69289_chunk_0,doc_09587_8aa69289
9951,9951,doc_09588_9580361c_chunk_0,doc_09588_9580361c
9952,9952,doc_09589_e6646da7_chunk_0,doc_09589_e6646da7
9953,9953,doc_09590_3613569b_chunk_0,doc_09590_3613569b
9954,9954,doc_09591_1761be21_chunk_0,doc_09591_1761be21
9955,9955,doc_09592_b51f245f_chunk_0,doc_09592_b51f245f
9956,9956,doc_09593_209fb05a_chunk_0,doc_09593_209fb05a
9957,9957,doc_09594_5d991bcc_chunk_0,doc_09594_5d991bcc
9958,9958,doc_09595_a40d6990_chunk_0,doc_09595_a40d6990
9959,9959,doc_09596_a3c1acf0_chunk_0,doc_09596_a3c1acf0
9960,9960,doc_09597_a6d04574_chunk_0,doc_09597_a6d04574
9961,9961,doc_09598_381b7a35_chunk_0,doc_09598_381b7a35
9962,9962,doc_09599_921a82a4_chunk_0,doc_09599_921a82a4
9963,9963,doc_09600_53509f54_chunk_0,doc_09600_53509f54
9964,9964,doc_09601_3dca071a_chunk_0,doc_09601_3dca071a
9965,9965,doc_09602_87678850_chunk_0,doc_09602_87678850
9966,9966,doc_09603_0088efda_chunk_0,doc_09603_0088efda
9967,9967,doc_09604_31700e27_chunk_0,doc_09604_31700e27
9968,9968,doc_09605_f34a6a5b_chunk_0,doc_09605_f34a6a5b
9969,9969,doc_09606_f0530492_chunk_0,doc_09606_f0530492
9970,9970,doc_09607_72129422_chunk_0,doc_09607_72129422
9971,9971,doc_09608_5abbc782_chunk_0,doc_09608_5abbc782
9972,9972,doc_09609_6aa27100_chunk_0,doc_09609_6aa27100
9973,9973,doc_09610_234ecf08_chunk_0,doc_09610_234ecf08
9974,9974,doc_09611_0083b990_chunk_0,doc_09611_0083b990
9975,9975,doc_09612_158d6dcf_chunk_0,doc_09612_158d6dcf
9976,9976,doc_09613_86ac10bf_chunk_0,doc_09613_86ac10bf
9977,9977,doc_09614_d4e0e111_chunk_0,doc_09614_d4e0e111
9978,9978,doc_09615_2faa276c_chunk_0,doc_09615_2faa276c
9979,9979,doc_09616_de6d2643_chunk_0,doc_09616_de6d2643
9980,9980,doc_09617_ac53ba4b_chunk_0,doc_09617_ac53ba4b
9981,9981,doc_09618_959d0f5b_chunk_0,doc_09618_959d0f5b
9982,9982,doc_09619_e5abe24d_chunk_0,doc_09619_e5abe24d
9983,9983,doc_09620_9060ccc8_chunk_0,doc_09620_9060ccc8
9984,9984,doc_09621_c7e14b42_chunk_0,doc_09621_c7e14b42
9985,9985,doc_09622_ad680e62_chunk_0,doc_09622_ad680e62
9986,9986,doc_09623_9a4b6e4f_chunk_0,doc_09623_9a4b6e4f
9987,9987,doc_09624_72307ac1_chunk_0,doc_09624_72307ac1
9988,9988,doc_09625_2946df16_chunk_0,doc_09625_2946df16
9989,9989,doc_09626_b5f020c0_chunk_0,doc_09626_b5f020c0
9990,9990,doc_09627_f4819dc6_chunk_0,doc_09627_f4819dc6
9991,9991,doc_09628_bee80faf_chunk_0,doc_09628_bee80faf
9992,9992,doc_09629_0c138824_chunk_0,doc_09629_0c138824
9993,9993,doc_09630_263a3339_chunk_0,doc_09630_263a3339
9994,9994,doc_09631_5fbfcab1_chunk_0,doc_09631_5fbfcab1
9995,9995,doc_09632_221f3c8c_chunk_0,doc_09632_221f3c8c
9996,9996,doc_09633_d471fc09_chunk_0,doc_09633_d471fc09
9997,9997,doc_09634_1adabda9_chunk_0,doc_09634_1adabda9
9998,9998,doc_09635_90a0d060_chunk_0,doc_09635_90a0d060
9999,9999,doc_09636_2d2ebf97_chunk_0,doc_09636_2d2ebf97
10000,10000,doc_09637_5d67605a_chunk_0,doc_09637_5d67605a
10001,10001,doc_09638_0c747a6e_chunk_0,doc_09638_0c747a6e
10002,10002,doc_09639_4cfcc286_chunk_0,doc_09639_4cfcc286
10003,10003,doc_09640_4e341cca_chunk_0,doc_09640_4e341cca
10004,10004,doc_09641_269759a8_chunk_0,doc_09641_269759a8
10005,10005,doc_09642_b96a1430_chunk_0,doc_09642_b96a1430
10006,10006,doc_09643_2f95e524_chunk_0,doc_09643_2f95e524
10007,10007,doc_09644_80918d45_chunk_0,doc_09644_80918d45
10008,10008,doc_09645_cead903a_chunk_0,doc_09645_cead903a
10009,10009,doc_09646_68d19385_chunk_0,doc_09646_68d19385
10010,10010,doc_09647_8b7c6382_chunk_0,doc_09647_8b7c6382
10011,10011,doc_09648_34b27b77_chunk_0,doc_09648_34b27b77
10012,10012,doc_09649_eabc05db_chunk_0,doc_09649_eabc05db
10013,10013,doc_09650_5bf69de1_chunk_0,doc_09650_5bf69de1
10014,10014,doc_09651_b8ceb4b4_chunk_0,doc_09651_b8ceb4b4
10015,10015,doc_09652_e37b2680_chunk_0,doc_09652_e37b2680
10016,10016,doc_09653_35a7ad90_chunk_0,doc_09653_35a7ad90
10017,10017,doc_09654_043503b3_chunk_0,doc_09654_043503b3
10018,10018,doc_09655_b2d62cd0_chunk_0,doc_09655_b2d62cd0
10019,10019,doc_09656_961434ad_chunk_0,doc_09656_961434ad
10020,10020,doc_09657_599f9724_chunk_0,doc_09657_599f9724
10021,10021,doc_09658_fbea5db1_chunk_0,doc_09658_fbea5db1
10022,10022,doc_09659_552ba6b8_chunk_0,doc_09659_552ba6b8
10023,10023,doc_09660_f16e718c_chunk_0,doc_09660_f16e718c
10024,10024,doc_09661_4ca780cc_chunk_0,doc_09661_4ca780cc
10025,10025,doc_09662_be39b463_chunk_0,doc_09662_be39b463
10026,10026,doc_09663_b1314257_chunk_0,doc_09663_b1314257
10027,10027,doc_09664_f2da0461_chunk_0,doc_09664_f2da0461
10028,10028,doc_09665_e88912f8_chunk_0,doc_09665_e88912f8
10029,10029,doc_09666_d5ca2cfb_chunk_0,doc_09666_d5ca2cfb
10030,10030,doc_09667_7a6c114e_chunk_0,doc_09667_7a6c114e
10031,10031,doc_09668_59d4881e_chunk_0,doc_09668_59d4881e
10032,10032,doc_09669_94f1b121_chunk_0,doc_09669_94f1b121
10033,10033,doc_09670_3498da47_chunk_0,doc_09670_3498da47
10034,10034,doc_09671_0df166f0_chunk_0,doc_09671_0df166f0
10035,10035,doc_09672_cce705c4_chunk_0,doc_09672_cce705c4
10036,10036,doc_09673_32dd0bc1_chunk_0,doc_09673_32dd0bc1
10037,10037,doc_09674_cd4d39ca_chunk_0,doc_09674_cd4d39ca
10038,10038,doc_09675_122746ef_chunk_0,doc_09675_122746ef
10039,10039,doc_09676_e6a098bf_chunk_0,doc_09676_e6a098bf
10040,10040,doc_09677_b84956d5_chunk_0,doc_09677_b84956d5
10041,10041,doc_09678_13cee019_chunk_0,doc_09678_13cee019
10042,10042,doc_09679_96dd9d90_chunk_0,doc_09679_96dd9d90
10043,10043,doc_09680_b40bded1_chunk_0,doc_09680_b40bded1
10044,10044,doc_09681_eb55573c_chunk_0,doc_09681_eb55573c
10045,10045,doc_09682_3703e2c5_chunk_0,doc_09682_3703e2c5
10046,10046,doc_09683_1e35373c_chunk_0,doc_09683_1e35373c
10047,10047,doc_09684_afbb0be5_chunk_0,doc_09684_afbb0be5
10048,10048,doc_09685_ce0cfd50_chunk_0,doc_09685_ce0cfd50
10049,10049,doc_09686_dddc1a6d_chunk_0,doc_09686_dddc1a6d
10050,10050,doc_09687_8f82e796_chunk_0,doc_09687_8f82e796
10051,10051,doc_09688_d7fb77c4_chunk_0,doc_09688_d7fb77c4
10052,10052,doc_09689_c40caa5f_chunk_0,doc_09689_c40caa5f
10053,10053,doc_09690_c4d6834b_chunk_0,doc_09690_c4d6834b
10054,10054,doc_09691_36bab617_chunk_0,doc_09691_36bab617
10055,10055,doc_09692_302e9c15_chunk_0,doc_09692_302e9c15
10056,10056,doc_09693_376f974b_chunk_0,doc_09693_376f974b
10057,10057,doc_09694_818bb73e_chunk_0,doc_09694_818bb73e
10058,10058,doc_09695_885a506b_chunk_0,doc_09695_885a506b
10059,10059,doc_09696_e83e29b5_chunk_0,doc_09696_e83e29b5
10060,10060,doc_09697_39b5b76d_chunk_0,doc_09697_39b5b76d
10061,10061,doc_09698_03979858_chunk_0,doc_09698_03979858
10062,10062,doc_09699_5c686a2b_chunk_0,doc_09699_5c686a2b
10063,10063,doc_09700_b7d230d5_chunk_0,doc_09700_b7d230d5
10064,10064,doc_09701_3840a89e_chunk_0,doc_09701_3840a89e
10065,10065,doc_09702_e4230c7b_chunk_0,doc_09702_e4230c7b
10066,10066,doc_09703_f5c1c32d_chunk_0,doc_09703_f5c1c32d
10067,10067,doc_09704_1392afc9_chunk_0,doc_09704_1392afc9
10068,10068,doc_09705_d772f4f8_chunk_0,doc_09705_d772f4f8
10069,10069,doc_09706_0534b210_chunk_0,doc_09706_0534b210
10070,10070,doc_09707_80469f39_chunk_0,doc_09707_80469f39
10071,10071,doc_09708_26d2fcbb_chunk_0,doc_09708_26d2fcbb
10072,10072,doc_09709_aa681912_chunk_0,doc_09709_aa681912
10073,10073,doc_09710_2d5dc8c3_chunk_0,doc_09710_2d5dc8c3
10074,10074,doc_09711_52afb6fd_chunk_0,doc_09711_52afb6fd
10075,10075,doc_09712_0298ee72_chunk_0,doc_09712_0298ee72
10076,10076,doc_09713_11912da8_chunk_0,doc_09713_11912da8
10077,10077,doc_09714_6df1219e_chunk_0,doc_09714_6df1219e
10078,10078,doc_09715_b4842567_chunk_0,doc_09715_b4842567
10079,10079,doc_09716_579b8f36_chunk_0,doc_09716_579b8f36
10080,10080,doc_09717_eec078b0_chunk_0,doc_09717_eec078b0
10081,10081,doc_09718_6bc88312_chunk_0,doc_09718_6bc88312
10082,10082,doc_09719_537e6ece_chunk_0,doc_09719_537e6ece
10083,10083,doc_09720_5771d6a6_chunk_0,doc_09720_5771d6a6
10084,10084,doc_09721_2a7da451_chunk_0,doc_09721_2a7da451
10085,10085,doc_09722_2675c333_chunk_0,doc_09722_2675c333
10086,10086,doc_09723_ef671fc0_chunk_0,doc_09723_ef671fc0
10087,10087,doc_09724_a2ba8b8d_chunk_0,doc_09724_a2ba8b8d
10088,10088,doc_09725_8014ed51_chunk_0,doc_09725_8014ed51
10089,10089,doc_09726_da757586_chunk_0,doc_09726_da757586
10090,10090,doc_09727_50e449c6_chunk_0,doc_09727_50e449c6
10091,10091,doc_09728_e03e733b_chunk_0,doc_09728_e03e733b
10092,10092,doc_09729_0d69ce43_chunk_0,doc_09729_0d69ce43
10093,10093,doc_09730_9dc0dc4a_chunk_0,doc_09730_9dc0dc4a
10094,10094,doc_09731_0882c08a_chunk_0,doc_09731_0882c08a
10095,10095,doc_09732_a487da36_chunk_0,doc_09732_a487da36
10096,10096,doc_09733_ba9b57dc_chunk_0,doc_09733_ba9b57dc
10097,10097,doc_09734_27d3e3c9_chunk_0,doc_09734_27d3e3c9
10098,10098,doc_09735_264ae1aa_chunk_0,doc_09735_264ae1aa
10099,10099,doc_09736_d79666e8_chunk_0,doc_09736_d79666e8
10100,10100,doc_09737_0665a906_chunk_0,doc_09737_0665a906
10101,10101,doc_09738_411f8ae5_chunk_0,doc_09738_411f8ae5
10102,10102,doc_09739_723edf5d_chunk_0,doc_09739_723edf5d
10103,10103,doc_09740_732f5d62_chunk_0,doc_09740_732f5d62
10104,10104,doc_09741_e43b7d2e_chunk_0,doc_09741_e43b7d2e
10105,10105,doc_09742_a72a13ef_chunk_0,doc_09742_a72a13ef
10106,10106,doc_09743_f926a4e6_chunk_0,doc_09743_f926a4e6
10107,10107,doc_09744_069d9764_chunk_0,doc_09744_069d9764
10108,10108,doc_09745_5658843c_chunk_0,doc_09745_5658843c
10109,10109,doc_09746_a55363b5_chunk_0,doc_09746_a55363b5
10110,10110,doc_09747_40b54f06_chunk_0,doc_09747_40b54f06
10111,10111,doc_09748_aed3dcf0_chunk_0,doc_09748_aed3dcf0
10112,10112,doc_09749_90513c0f_chunk_0,doc_09749_90513c0f
10113,10113,doc_09750_64d843a5_chunk_0,doc_09750_64d843a5
10114,10114,doc_09751_9c85922a_chunk_0,doc_09751_9c85922a
10115,10115,doc_09752_65030be7_chunk_0,doc_09752_65030be7
10116,10116,doc_09753_73d7f19b_chunk_0,doc_09753_73d7f19b
10117,10117,doc_09754_e85308c3_chunk_0,doc_09754_e85308c3
10118,10118,doc_09755_dc08faab_chunk_0,doc_09755_dc08faab
10119,10119,doc_09756_e07f8692_chunk_0,doc_09756_e07f8692
10120,10120,doc_09757_900c0981_chunk_0,doc_09757_900c0981
10121,10121,doc_09758_50b69b2d_chunk_0,doc_09758_50b69b2d
10122,10122,doc_09759_da5cbbe0_chunk_0,doc_09759_da5cbbe0
10123,10123,doc_09760_cbd8dc03_chunk_0,doc_09760_cbd8dc03
10124,10124,doc_09761_ab7e3c07_chunk_0,doc_09761_ab7e3c07
10125,10125,doc_09762_f5a6bce8_chunk_0,doc_09762_f5a6bce8
10126,10126,doc_09763_0877ba83_chunk_0,doc_09763_0877ba83
10127,10127,doc_09764_a15d9ee1_chunk_0,doc_09764_a15d9ee1
10128,10128,doc_09765_02ab90b8_chunk_0,doc_09765_02ab90b8
10129,10129,doc_09766_484a318e_chunk_0,doc_09766_484a318e
10130,10130,doc_09767_28af8355_chunk_0,doc_09767_28af8355
10131,10131,doc_09767_28af8355_chunk_1,doc_09767_28af8355
10132,10132,doc_09768_3c69c91e_chunk_0,doc_09768_3c69c91e
10133,10133,doc_09769_cb0772f6_chunk_0,doc_09769_cb0772f6
10134,10134,doc_09770_397f69e8_chunk_0,doc_09770_397f69e8
10135,10135,doc_09771_aa73c1ed_chunk_0,doc_09771_aa73c1ed
10136,10136,doc_09772_d5545759_chunk_0,doc_09772_d5545759
10137,10137,doc_09773_1b7b2a24_chunk_0,doc_09773_1b7b2a24
10138,10138,doc_09774_5fdccae9_chunk_0,doc_09774_5fdccae9
10139,10139,doc_09775_9793950f_chunk_0,doc_09775_9793950f
10140,10140,doc_09776_5a5938e3_chunk_0,doc_09776_5a5938e3
10141,10141,doc_09777_5556c798_chunk_0,doc_09777_5556c798
10142,10142,doc_09778_9b1491f6_chunk_0,doc_09778_9b1491f6
10143,10143,doc_09779_dba9df3d_chunk_0,doc_09779_dba9df3d
10144,10144,doc_09780_d1f15e0e_chunk_0,doc_09780_d1f15e0e
10145,10145,doc_09781_13cb6ad1_chunk_0,doc_09781_13cb6ad1
10146,10146,doc_09782_b98c9e17_chunk_0,doc_09782_b98c9e17
10147,10147,doc_09783_daa696b1_chunk_0,doc_09783_daa696b1
10148,10148,doc_09784_bcfe47e6_chunk_0,doc_09784_bcfe47e6
10149,10149,doc_09785_0d26beda_chunk_0,doc_09785_0d26beda
10150,10150,doc_09786_8520c04a_chunk_0,doc_09786_8520c04a
10151,10151,doc_09787_75ecd2c4_chunk_0,doc_09787_75ecd2c4
10152,10152,doc_09788_7ca9b226_chunk_0,doc_09788_7ca9b226
10153,10153,doc_09789_a488bef6_chunk_0,doc_09789_a488bef6
10154,10154,doc_09790_3b4baaa1_chunk_0,doc_09790_3b4baaa1
10155,10155,doc_09791_beb29787_chunk_0,doc_09791_beb29787
10156,10156,doc_09792_e6cf81c6_chunk_0,doc_09792_e6cf81c6
10157,10157,doc_09793_ff6d6f56_chunk_0,doc_09793_ff6d6f56
10158,10158,doc_09794_003edd96_chunk_0,doc_09794_003edd96
10159,10159,doc_09795_00e9c702_chunk_0,doc_09795_00e9c702
10160,10160,doc_09796_7e8e53d9_chunk_0,doc_09796_7e8e53d9
10161,10161,doc_09797_a9676635_chunk_0,doc_09797_a9676635
10162,10162,doc_09798_9b88a905_chunk_0,doc_09798_9b88a905
10163,10163,doc_09799_01be23a5_chunk_0,doc_09799_01be23a5
10164,10164,doc_09800_2a0952d5_chunk_0,doc_09800_2a0952d5
10165,10165,doc_09801_739c4bc4_chunk_0,doc_09801_739c4bc4
10166,10166,doc_09802_3d41713c_chunk_0,doc_09802_3d41713c
10167,10167,doc_09803_96a73293_chunk_0,doc_09803_96a73293
10168,10168,doc_09804_04bcc0e7_chunk_0,doc_09804_04bcc0e7
10169,10169,doc_09805_6390a808_chunk_0,doc_09805_6390a808
10170,10170,doc_09806_341b6d12_chunk_0,doc_09806_341b6d12
10171,10171,doc_09807_91588d6d_chunk_0,doc_09807_91588d6d
10172,10172,doc_09808_de4e5c51_chunk_0,doc_09808_de4e5c51
10173,10173,doc_09809_da16b080_chunk_0,doc_09809_da16b080
10174,10174,doc_09810_366dd882_chunk_0,doc_09810_366dd882
10175,10175,doc_09811_38100683_chunk_0,doc_09811_38100683
10176,10176,doc_09812_e26c664b_chunk_0,doc_09812_e26c664b
10177,10177,doc_09813_075ca11f_chunk_0,doc_09813_075ca11f
10178,10178,doc_09814_74853972_chunk_0,doc_09814_74853972
10179,10179,doc_09815_bed2b852_chunk_0,doc_09815_bed2b852
10180,10180,doc_09816_accbeb6d_chunk_0,doc_09816_accbeb6d
10181,10181,doc_09817_7b556d39_chunk_0,doc_09817_7b556d39
10182,10182,doc_09818_f2273398_chunk_0,doc_09818_f2273398
10183,10183,doc_09819_95f94ba8_chunk_0,doc_09819_95f94ba8
10184,10184,doc_09820_b448d49e_chunk_0,doc_09820_b448d49e
10185,10185,doc_09821_d2c2f1ed_chunk_0,doc_09821_d2c2f1ed
10186,10186,doc_09822_56ffe612_chunk_0,doc_09822_56ffe612
10187,10187,doc_09823_fbd36795_chunk_0,doc_09823_fbd36795
10188,10188,doc_09824_c6b7d162_chunk_0,doc_09824_c6b7d162
10189,10189,doc_09825_5dab90f2_chunk_0,doc_09825_5dab90f2
10190,10190,doc_09826_17f4a044_chunk_0,doc_09826_17f4a044
10191,10191,doc_09827_f25a2cb4_chunk_0,doc_09827_f25a2cb4
10192,10192,doc_09828_082e7b54_chunk_0,doc_09828_082e7b54
10193,10193,doc_09829_e0c125af_chunk_0,doc_09829_e0c125af
10194,10194,doc_09830_fe28acba_chunk_0,doc_09830_fe28acba
10195,10195,doc_09831_9294a934_chunk_0,doc_09831_9294a934
10196,10196,doc_09832_7390fad0_chunk_0,doc_09832_7390fad0
10197,10197,doc_09833_d06c2b58_chunk_0,doc_09833_d06c2b58
10198,10198,doc_09834_e5e5c8b5_chunk_0,doc_09834_e5e5c8b5
10199,10199,doc_09835_3960ddca_chunk_0,doc_09835_3960ddca
10200,10200,doc_09836_40dfc05f_chunk_0,doc_09836_40dfc05f
10201,10201,doc_09837_8ef585e1_chunk_0,doc_09837_8ef585e1
10202,10202,doc_09838_2f40e784_chunk_0,doc_09838_2f40e784
10203,10203,doc_09839_324fc57d_chunk_0,doc_09839_324fc57d
10204,10204,doc_09840_5c4bfd13_chunk_0,doc_09840_5c4bfd13
10205,10205,doc_09841_024d8d95_chunk_0,doc_09841_024d8d95
10206,10206,doc_09842_3c29b8d8_chunk_0,doc_09842_3c29b8d8
10207,10207,doc_09843_45a78a70_chunk_0,doc_09843_45a78a70
10208,10208,doc_09844_43f338ac_chunk_0,doc_09844_43f338ac
10209,10209,doc_09845_d5247204_chunk_0,doc_09845_d5247204
10210,10210,doc_09846_ef7ced82_chunk_0,doc_09846_ef7ced82
10211,10211,doc_09847_1783f718_chunk_0,doc_09847_1783f718
10212,10212,doc_09848_b8d1747e_chunk_0,doc_09848_b8d1747e
10213,10213,doc_09849_6b339fff_chunk_0,doc_09849_6b339fff
10214,10214,doc_09850_590d0949_chunk_0,doc_09850_590d0949
10215,10215,doc_09851_a0a27a51_chunk_0,doc_09851_a0a27a51
10216,10216,doc_09852_b1321297_chunk_0,doc_09852_b1321297
10217,10217,doc_09853_da2950b6_chunk_0,doc_09853_da2950b6
10218,10218,doc_09854_ebf2fc39_chunk_0,doc_09854_ebf2fc39
10219,10219,doc_09855_ee9f4ced_chunk_0,doc_09855_ee9f4ced
10220,10220,doc_09856_7c776ec5_chunk_0,doc_09856_7c776ec5
10221,10221,doc_09857_1d50142c_chunk_0,doc_09857_1d50142c
10222,10222,doc_09858_46bf6fdb_chunk_0,doc_09858_46bf6fdb
10223,10223,doc_09859_5d42ae11_chunk_0,doc_09859_5d42ae11
10224,10224,doc_09860_0772fa75_chunk_0,doc_09860_0772fa75
10225,10225,doc_09861_8a2da1f3_chunk_0,doc_09861_8a2da1f3
10226,10226,doc_09862_76b35230_chunk_0,doc_09862_76b35230
10227,10227,doc_09863_ca2b0fe3_chunk_0,doc_09863_ca2b0fe3
10228,10228,doc_09864_d36b6437_chunk_0,doc_09864_d36b6437
10229,10229,doc_09865_7942cf2a_chunk_0,doc_09865_7942cf2a
10230,10230,doc_09866_ff6981a8_chunk_0,doc_09866_ff6981a8
10231,10231,doc_09867_d70a91d3_chunk_0,doc_09867_d70a91d3
10232,10232,doc_09868_bb3aaf31_chunk_0,doc_09868_bb3aaf31
10233,10233,doc_09869_08007267_chunk_0,doc_09869_08007267
10234,10234,doc_09870_41b8e8f6_chunk_0,doc_09870_41b8e8f6
10235,10235,doc_09871_6b83c598_chunk_0,doc_09871_6b83c598
10236,10236,doc_09872_5cb0a4ef_chunk_0,doc_09872_5cb0a4ef
10237,10237,doc_09873_329e4d3b_chunk_0,doc_09873_329e4d3b
10238,10238,doc_09874_7600712c_chunk_0,doc_09874_7600712c
10239,10239,doc_09875_d516cdf6_chunk_0,doc_09875_d516cdf6
10240,10240,doc_09876_5e062a58_chunk_0,doc_09876_5e062a58
10241,10241,doc_09877_81313f36_chunk_0,doc_09877_81313f36
10242,10242,doc_09878_075aaf49_chunk_0,doc_09878_075aaf49
10243,10243,doc_09879_e2b83676_chunk_0,doc_09879_e2b83676
10244,10244,doc_09880_10456eb6_chunk_0,doc_09880_10456eb6
10245,10245,doc_09881_ad6ab092_chunk_0,doc_09881_ad6ab092
10246,10246,doc_09882_839d48b1_chunk_0,doc_09882_839d48b1
10247,10247,doc_09883_e7853150_chunk_0,doc_09883_e7853150
10248,10248,doc_09884_92df0ed1_chunk_0,doc_09884_92df0ed1
10249,10249,doc_09885_ffdc74b4_chunk_0,doc_09885_ffdc74b4
10250,10250,doc_09886_257804ac_chunk_0,doc_09886_257804ac
10251,10251,doc_09887_aba9d284_chunk_0,doc_09887_aba9d284
10252,10252,doc_09888_c498002b_chunk_0,doc_09888_c498002b
10253,10253,doc_09889_395b0e39_chunk_0,doc_09889_395b0e39
10254,10254,doc_09890_80c403d8_chunk_0,doc_09890_80c403d8
10255,10255,doc_09891_d1518dff_chunk_0,doc_09891_d1518dff
10256,10256,doc_09892_e4560951_chunk_0,doc_09892_e4560951
10257,10257,doc_09893_92579b02_chunk_0,doc_09893_92579b02
10258,10258,doc_09894_bdb948f1_chunk_0,doc_09894_bdb948f1
10259,10259,doc_09895_93f072fc_chunk_0,doc_09895_93f072fc
10260,10260,doc_09896_834007e5_chunk_0,doc_09896_834007e5
10261,10261,doc_09897_94885b30_chunk_0,doc_09897_94885b30
10262,10262,doc_09898_6d9c357a_chunk_0,doc_09898_6d9c357a
10263,10263,doc_09899_38d2b5b0_chunk_0,doc_09899_38d2b5b0
10264,10264,doc_09900_42cfc5e4_chunk_0,doc_09900_42cfc5e4
10265,10265,doc_09901_087be4e6_chunk_0,doc_09901_087be4e6
10266,10266,doc_09902_b0afb28c_chunk_0,doc_09902_b0afb28c
10267,10267,doc_09903_76d6f71f_chunk_0,doc_09903_76d6f71f
10268,10268,doc_09904_67191de7_chunk_0,doc_09904_67191de7
10269,10269,doc_09905_93add5ec_chunk_0,doc_09905_93add5ec
10270,10270,doc_09906_af48f061_chunk_0,doc_09906_af48f061
10271,10271,doc_09907_4711e557_chunk_0,doc_09907_4711e557
10272,10272,doc_09908_fb8691a2_chunk_0,doc_09908_fb8691a2
10273,10273,doc_09909_314c12c0_chunk_0,doc_09909_314c12c0
10274,10274,doc_09910_2efea8f0_chunk_0,doc_09910_2efea8f0
10275,10275,doc_09911_cd76e9af_chunk_0,doc_09911_cd76e9af
10276,10276,doc_09912_9ad1fc7a_chunk_0,doc_09912_9ad1fc7a
10277,10277,doc_09913_4bbde037_chunk_0,doc_09913_4bbde037
10278,10278,doc_09914_e618ce25_chunk_0,doc_09914_e618ce25
10279,10279,doc_09914_e618ce25_chunk_1,doc_09914_e618ce25
10280,10280,doc_09915_7051b62c_chunk_0,doc_09915_7051b62c
10281,10281,doc_09916_ea496416_chunk_0,doc_09916_ea496416
10282,10282,doc_09917_3b82208f_chunk_0,doc_09917_3b82208f
10283,10283,doc_09918_08b6e78c_chunk_0,doc_09918_08b6e78c
10284,10284,doc_09919_972cfcdf_chunk_0,doc_09919_972cfcdf
10285,10285,doc_09920_00e05e55_chunk_0,doc_09920_00e05e55
10286,10286,doc_09921_28bdbd10_chunk_0,doc_09921_28bdbd10
10287,10287,doc_09922_b5c94d0f_chunk_0,doc_09922_b5c94d0f
10288,10288,doc_09923_580ef738_chunk_0,doc_09923_580ef738
10289,10289,doc_09924_33effecb_chunk_0,doc_09924_33effecb
10290,10290,doc_09925_912a184a_chunk_0,doc_09925_912a184a
10291,10291,doc_09926_e47e3ca2_chunk_0,doc_09926_e47e3ca2
10292,10292,doc_09927_3830a7ef_chunk_0,doc_09927_3830a7ef
10293,10293,doc_09928_d469dc08_chunk_0,doc_09928_d469dc08
10294,10294,doc_09929_4b76eb46_chunk_0,doc_09929_4b76eb46
10295,10295,doc_09930_4ce63a3b_chunk_0,doc_09930_4ce63a3b
10296,10296,doc_09931_a0ebe9ab_chunk_0,doc_09931_a0ebe9ab
10297,10297,doc_09932_5ac603b2_chunk_0,doc_09932_5ac603b2
10298,10298,doc_09933_3535b66d_chunk_0,doc_09933_3535b66d
10299,10299,doc_09934_c5e2983f_chunk_0,doc_09934_c5e2983f
10300,10300,doc_09935_4ded110b_chunk_0,doc_09935_4ded110b
10301,10301,doc_09936_65fede31_chunk_0,doc_09936_65fede31
10302,10302,doc_09937_7ec8a5aa_chunk_0,doc_09937_7ec8a5aa
10303,10303,doc_09938_a312d818_chunk_0,doc_09938_a312d818
10304,10304,doc_09939_307ce56d_chunk_0,doc_09939_307ce56d
10305,10305,doc_09940_c19aa20e_chunk_0,doc_09940_c19aa20e
10306,10306,doc_09941_09389560_chunk_0,doc_09941_09389560
10307,10307,doc_09942_83609d73_chunk_0,doc_09942_83609d73
10308,10308,doc_09943_c90c4e0a_chunk_0,doc_09943_c90c4e0a
10309,10309,doc_09944_8f8c458b_chunk_0,doc_09944_8f8c458b
10310,10310,doc_09945_80e946c1_chunk_0,doc_09945_80e946c1
10311,10311,doc_09946_1d68d8ee_chunk_0,doc_09946_1d68d8ee
10312,10312,doc_09947_eac88e78_chunk_0,doc_09947_eac88e78
10313,10313,doc_09948_4002e29d_chunk_0,doc_09948_4002e29d
10314,10314,doc_09949_22ccd3a6_chunk_0,doc_09949_22ccd3a6
10315,10315,doc_09950_da31e8b6_chunk_0,doc_09950_da31e8b6
10316,10316,doc_09951_328c56c0_chunk_0,doc_09951_328c56c0
10317,10317,doc_09952_76d054c6_chunk_0,doc_09952_76d054c6
10318,10318,doc_09953_dc0513f9_chunk_0,doc_09953_dc0513f9
10319,10319,doc_09954_3afc3ad4_chunk_0,doc_09954_3afc3ad4
10320,10320,doc_09955_4c89b38f_chunk_0,doc_09955_4c89b38f
10321,10321,doc_09956_ae16ab5e_chunk_0,doc_09956_ae16ab5e
10322,10322,doc_09957_b5183f64_chunk_0,doc_09957_b5183f64
10323,10323,doc_09958_153aef78_chunk_0,doc_09958_153aef78
10324,10324,doc_09959_a2e4cf1d_chunk_0,doc_09959_a2e4cf1d
10325,10325,doc_09960_39e05085_chunk_0,doc_09960_39e05085
10326,10326,doc_09960_39e05085_chunk_1,doc_09960_39e05085
10327,10327,doc_09961_60f84bef_chunk_0,doc_09961_60f84bef
10328,10328,doc_09962_61885dec_chunk_0,doc_09962_61885dec
10329,10329,doc_09963_0af2fb9e_chunk_0,doc_09963_0af2fb9e
10330,10330,doc_09964_08a4d41d_chunk_0,doc_09964_08a4d41d
10331,10331,doc_09965_3e33b23a_chunk_0,doc_09965_3e33b23a
10332,10332,doc_09966_26bef553_chunk_0,doc_09966_26bef553
10333,10333,doc_09967_e3c987a5_chunk_0,doc_09967_e3c987a5
10334,10334,doc_09968_e35f26cb_chunk_0,doc_09968_e35f26cb
10335,10335,doc_09969_b041788a_chunk_0,doc_09969_b041788a
10336,10336,doc_09970_b4bdf5cd_chunk_0,doc_09970_b4bdf5cd
10337,10337,doc_09971_9efed41a_chunk_0,doc_09971_9efed41a
10338,10338,doc_09972_bc91155e_chunk_0,doc_09972_bc91155e
10339,10339,doc_09973_f28299cc_chunk_0,doc_09973_f28299cc
10340,10340,doc_09974_99ede642_chunk_0,doc_09974_99ede642
10341,10341,doc_09975_088842b2_chunk_0,doc_09975_088842b2
10342,10342,doc_09976_b4abd3f6_chunk_0,doc_09976_b4abd3f6
10343,10343,doc_09977_265180b3_chunk_0,doc_09977_265180b3
10344,10344,doc_09978_26910a62_chunk_0,doc_09978_26910a62
10345,10345,doc_09979_b27ad79f_chunk_0,doc_09979_b27ad79f
10346,10346,doc_09980_24d794a6_chunk_0,doc_09980_24d794a6
10347,10347,doc_09981_63b709b5_chunk_0,doc_09981_63b709b5
10348,10348,doc_09982_faf34bf6_chunk_0,doc_09982_faf34bf6
10349,10349,doc_09983_f3784924_chunk_0,doc_09983_f3784924
10350,10350,doc_09984_f9195159_chunk_0,doc_09984_f9195159
10351,10351,doc_09985_0e376045_chunk_0,doc_09985_0e376045
10352,10352,doc_09986_f2dab5bd_chunk_0,doc_09986_f2dab5bd
10353,10353,doc_09987_de1c7136_chunk_0,doc_09987_de1c7136
10354,10354,doc_09988_a8145bfd_chunk_0,doc_09988_a8145bfd
10355,10355,doc_09989_fbdefddd_chunk_0,doc_09989_fbdefddd
10356,10356,doc_09990_163c470c_chunk_0,doc_09990_163c470c
10357,10357,doc_09990_163c470c_chunk_1,doc_09990_163c470c
10358,10358,doc_09991_a4cc89e7_chunk_0,doc_09991_a4cc89e7
10359,10359,doc_09991_a4cc89e7_chunk_1,doc_09991_a4cc89e7
10360,10360,doc_09991_a4cc89e7_chunk_2,doc_09991_a4cc89e7
10361,10361,doc_09992_987058cc_chunk_0,doc_09992_987058cc
10362,10362,doc_09993_03d99090_chunk_0,doc_09993_03d99090
10363,10363,doc_09994_1419d446_chunk_0,doc_09994_1419d446
10364,10364,doc_09995_8bdc1e97_chunk_0,doc_09995_8bdc1e97
10365,10365,doc_09996_cf8112f6_chunk_0,doc_09996_cf8112f6
10366,10366,doc_09997_8e584ee8_chunk_0,doc_09997_8e584ee8
10367,10367,doc_09998_f4bdba3a_chunk_0,doc_09998_f4bdba3a
10368,10368,doc_09999_3e466668_chunk_0,doc_09999_3e466668
10369,10369,doc_10000_1466be05_chunk_0,doc_10000_1466be05
10370,10370,doc_10001_6894fa23_chunk_0,doc_10001_6894fa23
10371,10371,doc_10002_5b428ad3_chunk_0,doc_10002_5b428ad3
10372,10372,doc_10003_4a9b7b44_chunk_0,doc_10003_4a9b7b44
10373,10373,doc_10004_8adfaed7_chunk_0,doc_10004_8adfaed7
10374,10374,doc_10005_03e94804_chunk_0,doc_10005_03e94804
10375,10375,doc_10006_dbe53cad_chunk_0,doc_10006_dbe53cad
10376,10376,doc_10007_8894f912_chunk_0,doc_10007_8894f912
10377,10377,doc_10008_4bbc366b_chunk_0,doc_10008_4bbc366b
10378,10378,doc_10009_24106956_chunk_0,doc_10009_24106956
10379,10379,doc_10010_5b48a325_chunk_0,doc_10010_5b48a325
10380,10380,doc_10011_e2761519_chunk_0,doc_10011_e2761519
10381,10381,doc_10012_a8f1fe36_chunk_0,doc_10012_a8f1fe36
10382,10382,doc_10013_51a00e92_chunk_0,doc_10013_51a00e92
10383,10383,doc_10014_5f107bef_chunk_0,doc_10014_5f107bef
10384,10384,doc_10015_8f91c750_chunk_0,doc_10015_8f91c750
10385,10385,doc_10016_0d29a49e_chunk_0,doc_10016_0d29a49e
10386,10386,doc_10017_141aa8dd_chunk_0,doc_10017_141aa8dd
10387,10387,doc_10018_2929e349_chunk_0,doc_10018_2929e349
10388,10388,doc_10019_52530ecb_chunk_0,doc_10019_52530ecb
10389,10389,doc_10019_52530ecb_chunk_1,doc_10019_52530ecb
10390,10390,doc_10020_a39dc955_chunk_0,doc_10020_a39dc955
10391,10391,doc_10020_a39dc955_chunk_1,doc_10020_a39dc955
10392,10392,doc_10021_bf7bc887_chunk_0,doc_10021_bf7bc887
10393,10393,doc_10022_982e33ef_chunk_0,doc_10022_982e33ef
10394,10394,doc_10023_7dd0d63f_chunk_0,doc_10023_7dd0d63f
10395,10395,doc_10024_fcc3ea84_chunk_0,doc_10024_fcc3ea84
10396,10396,doc_10025_0a9e23a0_chunk_0,doc_10025_0a9e23a0
10397,10397,doc_10026_49d1f66e_chunk_0,doc_10026_49d1f66e
10398,10398,doc_10027_ac788042_chunk_0,doc_10027_ac788042
10399,10399,doc_10028_a1e00e41_chunk_0,doc_10028_a1e00e41
10400,10400,doc_10029_98ee4313_chunk_0,doc_10029_98ee4313
10401,10401,doc_10030_92d5af19_chunk_0,doc_10030_92d5af19
10402,10402,doc_10031_288d20fd_chunk_0,doc_10031_288d20fd
10403,10403,doc_10032_a41c70c2_chunk_0,doc_10032_a41c70c2
10404,10404,doc_10033_e3e3af71_chunk_0,doc_10033_e3e3af71
10405,10405,doc_10034_08db83d3_chunk_0,doc_10034_08db83d3
10406,10406,doc_10035_a5565bf3_chunk_0,doc_10035_a5565bf3
10407,10407,doc_10036_45da3f73_chunk_0,doc_10036_45da3f73
10408,10408,doc_10037_c36d4697_chunk_0,doc_10037_c36d4697
10409,10409,doc_10038_3f644cd7_chunk_0,doc_10038_3f644cd7
10410,10410,doc_10039_9ddcd4f4_chunk_0,doc_10039_9ddcd4f4
10411,10411,doc_10040_399b7d7e_chunk_0,doc_10040_399b7d7e
10412,10412,doc_10041_5d23fb60_chunk_0,doc_10041_5d23fb60
10413,10413,doc_10042_6ec17779_chunk_0,doc_10042_6ec17779
10414,10414,doc_10043_4ddec41b_chunk_0,doc_10043_4ddec41b
10415,10415,doc_10044_ea7d3d62_chunk_0,doc_10044_ea7d3d62
10416,10416,doc_10045_89aff353_chunk_0,doc_10045_89aff353
10417,10417,doc_10046_001e07b4_chunk_0,doc_10046_001e07b4
10418,10418,doc_10047_2550cd44_chunk_0,doc_10047_2550cd44
10419,10419,doc_10047_2550cd44_chunk_1,doc_10047_2550cd44
10420,10420,doc_10048_3058f4c4_chunk_0,doc_10048_3058f4c4
10421,10421,doc_10049_9acf3753_chunk_0,doc_10049_9acf3753
10422,10422,doc_10050_bae58c33_chunk_0,doc_10050_bae58c33
10423,10423,doc_10051_5f68af98_chunk_0,doc_10051_5f68af98
10424,10424,doc_10052_7d1ea163_chunk_0,doc_10052_7d1ea163
10425,10425,doc_10053_346574f8_chunk_0,doc_10053_346574f8
10426,10426,doc_10053_346574f8_chunk_1,doc_10053_346574f8
10427,10427,doc_10054_db62061e_chunk_0,doc_10054_db62061e
10428,10428,doc_10055_9505b207_chunk_0,doc_10055_9505b207
10429,10429,doc_10056_d32cb8a6_chunk_0,doc_10056_d32cb8a6
10430,10430,doc_10057_8a2eb21e_chunk_0,doc_10057_8a2eb21e
10431,10431,doc_10058_1b7dc7e6_chunk_0,doc_10058_1b7dc7e6
10432,10432,doc_10059_7eceba22_chunk_0,doc_10059_7eceba22
10433,10433,doc_10060_6c670ea6_chunk_0,doc_10060_6c670ea6
10434,10434,doc_10061_55bdd14e_chunk_0,doc_10061_55bdd14e
10435,10435,doc_10062_bbeab134_chunk_0,doc_10062_bbeab134
10436,10436,doc_10063_276cb4d8_chunk_0,doc_10063_276cb4d8
10437,10437,doc_10063_276cb4d8_chunk_1,doc_10063_276cb4d8
10438,10438,doc_10064_002e7776_chunk_0,doc_10064_002e7776
10439,10439,doc_10065_922437d3_chunk_0,doc_10065_922437d3
10440,10440,doc_10066_af9b3e7b_chunk_0,doc_10066_af9b3e7b
10441,10441,doc_10067_14e2759a_chunk_0,doc_10067_14e2759a
10442,10442,doc_10068_be4f260a_chunk_0,doc_10068_be4f260a
10443,10443,doc_10069_49445451_chunk_0,doc_10069_49445451
10444,10444,doc_10070_c13bd6cd_chunk_0,doc_10070_c13bd6cd
10445,10445,doc_10071_3875e465_chunk_0,doc_10071_3875e465
10446,10446,doc_10072_bc8d49fd_chunk_0,doc_10072_bc8d49fd
10447,10447,doc_10073_99da3358_chunk_0,doc_10073_99da3358
10448,10448,doc_10074_cee91560_chunk_0,doc_10074_cee91560
10449,10449,doc_10075_d71c2bdc_chunk_0,doc_10075_d71c2bdc
10450,10450,doc_10076_689747b2_chunk_0,doc_10076_689747b2
10451,10451,doc_10077_45765eeb_chunk_0,doc_10077_45765eeb
10452,10452,doc_10078_8bc924c9_chunk_0,doc_10078_8bc924c9
10453,10453,doc_10079_50b6614c_chunk_0,doc_10079_50b6614c
10454,10454,doc_10080_f1500fe6_chunk_0,doc_10080_f1500fe6
10455,10455,doc_10081_df538b1c_chunk_0,doc_10081_df538b1c
10456,10456,doc_10082_5176f361_chunk_0,doc_10082_5176f361
10457,10457,doc_10083_388aa54e_chunk_0,doc_10083_388aa54e
10458,10458,doc_10084_fcc9a379_chunk_0,doc_10084_fcc9a379
10459,10459,doc_10085_3d744798_chunk_0,doc_10085_3d744798
10460,10460,doc_10086_31287b15_chunk_0,doc_10086_31287b15
10461,10461,doc_10087_29456910_chunk_0,doc_10087_29456910
10462,10462,doc_10088_c4ac9a16_chunk_0,doc_10088_c4ac9a16
10463,10463,doc_10089_b4964832_chunk_0,doc_10089_b4964832
10464,10464,doc_10090_0e1a0860_chunk_0,doc_10090_0e1a0860
10465,10465,doc_10091_26d05381_chunk_0,doc_10091_26d05381
10466,10466,doc_10092_6666ca1a_chunk_0,doc_10092_6666ca1a
10467,10467,doc_10093_ab6b8792_chunk_0,doc_10093_ab6b8792
10468,10468,doc_10094_4100e1c8_chunk_0,doc_10094_4100e1c8
10469,10469,doc_10095_fbd23abb_chunk_0,doc_10095_fbd23abb
10470,10470,doc_10096_6891525f_chunk_0,doc_10096_6891525f
10471,10471,doc_10097_ebfe7feb_chunk_0,doc_10097_ebfe7feb
10472,10472,doc_10098_5fb8bea0_chunk_0,doc_10098_5fb8bea0
10473,10473,doc_10099_3f6f2348_chunk_0,doc_10099_3f6f2348
10474,10474,doc_10100_69c262a3_chunk_0,doc_10100_69c262a3
10475,10475,doc_10101_aead7662_chunk_0,doc_10101_aead7662
10476,10476,doc_10102_f32e4e29_chunk_0,doc_10102_f32e4e29
10477,10477,doc_10103_5a6de67b_chunk_0,doc_10103_5a6de67b
10478,10478,doc_10104_6044fbe7_chunk_0,doc_10104_6044fbe7
10479,10479,doc_10105_b8f682bc_chunk_0,doc_10105_b8f682bc
10480,10480,doc_10106_3584bdcb_chunk_0,doc_10106_3584bdcb
10481,10481,doc_10107_7ebe11c8_chunk_0,doc_10107_7ebe11c8
10482,10482,doc_10108_36624c2c_chunk_0,doc_10108_36624c2c
10483,10483,doc_10109_dfd0ac7b_chunk_0,doc_10109_dfd0ac7b
10484,10484,doc_10110_49f43168_chunk_0,doc_10110_49f43168
10485,10485,doc_10111_4bc1e615_chunk_0,doc_10111_4bc1e615
10486,10486,doc_10112_37f0cc26_chunk_0,doc_10112_37f0cc26
10487,10487,doc_10113_9687b04d_chunk_0,doc_10113_9687b04d
10488,10488,doc_10114_74d26d1a_chunk_0,doc_10114_74d26d1a
10489,10489,doc_10115_d81d34cb_chunk_0,doc_10115_d81d34cb
10490,10490,doc_10116_f96c0933_chunk_0,doc_10116_f96c0933
10491,10491,doc_10117_cbd4f3c5_chunk_0,doc_10117_cbd4f3c5
10492,10492,doc_10118_c2e476fc_chunk_0,doc_10118_c2e476fc
10493,10493,doc_10119_b63538f8_chunk_0,doc_10119_b63538f8
10494,10494,doc_10120_b1c5c5de_chunk_0,doc_10120_b1c5c5de
10495,10495,doc_10121_d3499d9b_chunk_0,doc_10121_d3499d9b
10496,10496,doc_10122_2d9772c0_chunk_0,doc_10122_2d9772c0
10497,10497,doc_10123_d5e93242_chunk_0,doc_10123_d5e93242
10498,10498,doc_10124_65b0220c_chunk_0,doc_10124_65b0220c
10499,10499,doc_10125_27650f0e_chunk_0,doc_10125_27650f0e
10500,10500,doc_10126_249f4641_chunk_0,doc_10126_249f4641
10501,10501,doc_10127_000d644b_chunk_0,doc_10127_000d644b
10502,10502,doc_10128_3cce2f8e_chunk_0,doc_10128_3cce2f8e
10503,10503,doc_10129_4930ade1_chunk_0,doc_10129_4930ade1
10504,10504,doc_10130_14e2ceff_chunk_0,doc_10130_14e2ceff
10505,10505,doc_10131_cc1f3f0b_chunk_0,doc_10131_cc1f3f0b
10506,10506,doc_10132_bc1bb5f0_chunk_0,doc_10132_bc1bb5f0
10507,10507,doc_10133_a6cacb1b_chunk_0,doc_10133_a6cacb1b
10508,10508,doc_10134_dbab1589_chunk_0,doc_10134_dbab1589
10509,10509,doc_10135_b29c1660_chunk_0,doc_10135_b29c1660
10510,10510,doc_10136_59f3d2c3_chunk_0,doc_10136_59f3d2c3
10511,10511,doc_10137_668a7633_chunk_0,doc_10137_668a7633
10512,10512,doc_10138_20b37663_chunk_0,doc_10138_20b37663
10513,10513,doc_10139_42175ae6_chunk_0,doc_10139_42175ae6
10514,10514,doc_10140_04ce6fa4_chunk_0,doc_10140_04ce6fa4
10515,10515,doc_10141_301de355_chunk_0,doc_10141_301de355
10516,10516,doc_10142_16c3e563_chunk_0,doc_10142_16c3e563
10517,10517,doc_10143_597449da_chunk_0,doc_10143_597449da
10518,10518,doc_10144_27942952_chunk_0,doc_10144_27942952
10519,10519,doc_10145_cc7bf1dd_chunk_0,doc_10145_cc7bf1dd
10520,10520,doc_10146_0e9cba03_chunk_0,doc_10146_0e9cba03
10521,10521,doc_10147_4b227a83_chunk_0,doc_10147_4b227a83
10522,10522,doc_10148_f7e69b23_chunk_0,doc_10148_f7e69b23
10523,10523,doc_10149_f20e249f_chunk_0,doc_10149_f20e249f
10524,10524,doc_10150_fbee1b39_chunk_0,doc_10150_fbee1b39
10525,10525,doc_10151_2e265cb1_chunk_0,doc_10151_2e265cb1
10526,10526,doc_10152_7ce60422_chunk_0,doc_10152_7ce60422
10527,10527,doc_10153_247ddcaa_chunk_0,doc_10153_247ddcaa
10528,10528,doc_10154_1f0b15e4_chunk_0,doc_10154_1f0b15e4
10529,10529,doc_10155_b5e39de7_chunk_0,doc_10155_b5e39de7
10530,10530,doc_10156_5863c25a_chunk_0,doc_10156_5863c25a
10531,10531,doc_10157_f3e434cc_chunk_0,doc_10157_f3e434cc
10532,10532,doc_10158_bdc5bc94_chunk_0,doc_10158_bdc5bc94
10533,10533,doc_10159_7d54545a_chunk_0,doc_10159_7d54545a
10534,10534,doc_10160_c768b1fa_chunk_0,doc_10160_c768b1fa
10535,10535,doc_10161_e7f666c2_chunk_0,doc_10161_e7f666c2
10536,10536,doc_10162_1e2641c5_chunk_0,doc_10162_1e2641c5
10537,10537,doc_10163_d8aa3d45_chunk_0,doc_10163_d8aa3d45
10538,10538,doc_10164_76e60f4d_chunk_0,doc_10164_76e60f4d
10539,10539,doc_10165_aba125c8_chunk_0,doc_10165_aba125c8
10540,10540,doc_10166_5b19c672_chunk_0,doc_10166_5b19c672
10541,10541,doc_10167_327481df_chunk_0,doc_10167_327481df
10542,10542,doc_10168_6e738694_chunk_0,doc_10168_6e738694
10543,10543,doc_10169_b736ff4f_chunk_0,doc_10169_b736ff4f
10544,10544,doc_10170_31515f3a_chunk_0,doc_10170_31515f3a
10545,10545,doc_10171_b5b76eb2_chunk_0,doc_10171_b5b76eb2
10546,10546,doc_10172_d5af8a33_chunk_0,doc_10172_d5af8a33
10547,10547,doc_10173_9307561d_chunk_0,doc_10173_9307561d
10548,10548,doc_10174_ec371c28_chunk_0,doc_10174_ec371c28
10549,10549,doc_10175_c669a1e6_chunk_0,doc_10175_c669a1e6
10550,10550,doc_10176_19387d47_chunk_0,doc_10176_19387d47
10551,10551,doc_10177_d0254f98_chunk_0,doc_10177_d0254f98
10552,10552,doc_10178_69e6ee02_chunk_0,doc_10178_69e6ee02
10553,10553,doc_10179_b8c8028d_chunk_0,doc_10179_b8c8028d
10554,10554,doc_10180_66869bfa_chunk_0,doc_10180_66869bfa
10555,10555,doc_10181_d324bd14_chunk_0,doc_10181_d324bd14
10556,10556,doc_10182_44975a42_chunk_0,doc_10182_44975a42
10557,10557,doc_10183_93d3af54_chunk_0,doc_10183_93d3af54
10558,10558,doc_10184_9e828daa_chunk_0,doc_10184_9e828daa
10559,10559,doc_10185_dfcda2ef_chunk_0,doc_10185_dfcda2ef
10560,10560,doc_10185_dfcda2ef_chunk_1,doc_10185_dfcda2ef
10561,10561,doc_10186_b9286637_chunk_0,doc_10186_b9286637
10562,10562,doc_10187_b0a51033_chunk_0,doc_10187_b0a51033
10563,10563,doc_10188_f8e40627_chunk_0,doc_10188_f8e40627
10564,10564,doc_10189_072486a0_chunk_0,doc_10189_072486a0
10565,10565,doc_10190_1b8a820e_chunk_0,doc_10190_1b8a820e
10566,10566,doc_10191_14e8aa37_chunk_0,doc_10191_14e8aa37
10567,10567,doc_10192_67fe8736_chunk_0,doc_10192_67fe8736
10568,10568,doc_10193_5682e5ff_chunk_0,doc_10193_5682e5ff
10569,10569,doc_10194_7c9de8d2_chunk_0,doc_10194_7c9de8d2
10570,10570,doc_10195_5eb7f9e0_chunk_0,doc_10195_5eb7f9e0
10571,10571,doc_10196_d9fec10d_chunk_0,doc_10196_d9fec10d
10572,10572,doc_10197_7ec5f60e_chunk_0,doc_10197_7ec5f60e
10573,10573,doc_10198_95a8facc_chunk_0,doc_10198_95a8facc
10574,10574,doc_10199_4f846632_chunk_0,doc_10199_4f846632
10575,10575,doc_10200_685c94d4_chunk_0,doc_10200_685c94d4
10576,10576,doc_10201_82e0a50b_chunk_0,doc_10201_82e0a50b
10577,10577,doc_10202_1a504089_chunk_0,doc_10202_1a504089
10578,10578,doc_10203_5b825e8e_chunk_0,doc_10203_5b825e8e
10579,10579,doc_10204_819e09d9_chunk_0,doc_10204_819e09d9
10580,10580,doc_10205_f152123d_chunk_0,doc_10205_f152123d
10581,10581,doc_10206_b4a7466a_chunk_0,doc_10206_b4a7466a
10582,10582,doc_10207_14374eee_chunk_0,doc_10207_14374eee
10583,10583,doc_10208_93dfee31_chunk_0,doc_10208_93dfee31
10584,10584,doc_10209_3ef1f275_chunk_0,doc_10209_3ef1f275
10585,10585,doc_10210_c32b35dc_chunk_0,doc_10210_c32b35dc
10586,10586,doc_10211_269fd73a_chunk_0,doc_10211_269fd73a
10587,10587,doc_10212_6c4b2111_chunk_0,doc_10212_6c4b2111
10588,10588,doc_10213_90260914_chunk_0,doc_10213_90260914
10589,10589,doc_10214_ebdb4137_chunk_0,doc_10214_ebdb4137
10590,10590,doc_10215_9c44e9f0_chunk_0,doc_10215_9c44e9f0
10591,10591,doc_10216_540bad09_chunk_0,doc_10216_540bad09
10592,10592,doc_10216_540bad09_chunk_1,doc_10216_540bad09
10593,10593,doc_10217_9403eadd_chunk_0,doc_10217_9403eadd
10594,10594,doc_10218_4138ebe3_chunk_0,doc_10218_4138ebe3
10595,10595,doc_10219_6ddae5cb_chunk_0,doc_10219_6ddae5cb
10596,10596,doc_10220_b253d88e_chunk_0,doc_10220_b253d88e
10597,10597,doc_10221_d2437c28_chunk_0,doc_10221_d2437c28
10598,10598,doc_10222_1f00b925_chunk_0,doc_10222_1f00b925
10599,10599,doc_10223_84cf8f79_chunk_0,doc_10223_84cf8f79
10600,10600,doc_10224_def58e08_chunk_0,doc_10224_def58e08
10601,10601,doc_10225_ac50a18d_chunk_0,doc_10225_ac50a18d
10602,10602,doc_10226_a2538de8_chunk_0,doc_10226_a2538de8
10603,10603,doc_10227_44e52794_chunk_0,doc_10227_44e52794
10604,10604,doc_10227_44e52794_chunk_1,doc_10227_44e52794
10605,10605,doc_10228_1a981cd4_chunk_0,doc_10228_1a981cd4
10606,10606,doc_10229_8b238787_chunk_0,doc_10229_8b238787
10607,10607,doc_10230_7ff4b42f_chunk_0,doc_10230_7ff4b42f
10608,10608,doc_10231_b54b5d16_chunk_0,doc_10231_b54b5d16
10609,10609,doc_10232_6547dbd4_chunk_0,doc_10232_6547dbd4
10610,10610,doc_10233_366fa3ed_chunk_0,doc_10233_366fa3ed
10611,10611,doc_10233_366fa3ed_chunk_1,doc_10233_366fa3ed
10612,10612,doc_10234_505a4cc2_chunk_0,doc_10234_505a4cc2
10613,10613,doc_10235_0efe007c_chunk_0,doc_10235_0efe007c
10614,10614,doc_10236_d2a88032_chunk_0,doc_10236_d2a88032
10615,10615,doc_10237_0bcc1788_chunk_0,doc_10237_0bcc1788
10616,10616,doc_10238_eab6c7c2_chunk_0,doc_10238_eab6c7c2
10617,10617,doc_10239_9e42b6e8_chunk_0,doc_10239_9e42b6e8
10618,10618,doc_10239_9e42b6e8_chunk_1,doc_10239_9e42b6e8
10619,10619,doc_10240_f00cd07b_chunk_0,doc_10240_f00cd07b
10620,10620,doc_10241_6bb18d94_chunk_0,doc_10241_6bb18d94
10621,10621,doc_10242_d8de688d_chunk_0,doc_10242_d8de688d
10622,10622,doc_10243_841fecee_chunk_0,doc_10243_841fecee
10623,10623,doc_10244_9a3e3238_chunk_0,doc_10244_9a3e3238
10624,10624,doc_10245_8fa2e90d_chunk_0,doc_10245_8fa2e90d
10625,10625,doc_10246_585b0b39_chunk_0,doc_10246_585b0b39
10626,10626,doc_10247_175e822e_chunk_0,doc_10247_175e822e
10627,10627,doc_10248_2bef9569_chunk_0,doc_10248_2bef9569
10628,10628,doc_10249_d8cc7b43_chunk_0,doc_10249_d8cc7b43
10629,10629,doc_10250_9d3ecf25_chunk_0,doc_10250_9d3ecf25
10630,10630,doc_10251_f34c562c_chunk_0,doc_10251_f34c562c
10631,10631,doc_10252_86e3612c_chunk_0,doc_10252_86e3612c
10632,10632,doc_10253_76daa784_chunk_0,doc_10253_76daa784
10633,10633,doc_10254_163b7ce1_chunk_0,doc_10254_163b7ce1
10634,10634,doc_10255_d61eda0c_chunk_0,doc_10255_d61eda0c
10635,10635,doc_10256_b96ccc30_chunk_0,doc_10256_b96ccc30
10636,10636,doc_10257_4906b1e7_chunk_0,doc_10257_4906b1e7
10637,10637,doc_10258_b242c85d_chunk_0,doc_10258_b242c85d
10638,10638,doc_10259_af3aca34_chunk_0,doc_10259_af3aca34
10639,10639,doc_10260_d68f98cb_chunk_0,doc_10260_d68f98cb
10640,10640,doc_10261_3f0584a3_chunk_0,doc_10261_3f0584a3
10641,10641,doc_10262_745f1849_chunk_0,doc_10262_745f1849
10642,10642,doc_10262_745f1849_chunk_1,doc_10262_745f1849
10643,10643,doc_10263_b4593bc8_chunk_0,doc_10263_b4593bc8
10644,10644,doc_10264_d0f278ec_chunk_0,doc_10264_d0f278ec
10645,10645,doc_10264_d0f278ec_chunk_1,doc_10264_d0f278ec
10646,10646,doc_10265_9f2d48d2_chunk_0,doc_10265_9f2d48d2
10647,10647,doc_10266_320be61b_chunk_0,doc_10266_320be61b
10648,10648,doc_10266_320be61b_chunk_1,doc_10266_320be61b
10649,10649,doc_10267_3b0ba196_chunk_0,doc_10267_3b0ba196
10650,10650,doc_10268_06b481f2_chunk_0,doc_10268_06b481f2
10651,10651,doc_10269_d48a7f01_chunk_0,doc_10269_d48a7f01
10652,10652,doc_10270_f0fbc58e_chunk_0,doc_10270_f0fbc58e
10653,10653,doc_10271_ee2c8a68_chunk_0,doc_10271_ee2c8a68
10654,10654,doc_10272_3a49f5b9_chunk_0,doc_10272_3a49f5b9
10655,10655,doc_10273_c6169ff5_chunk_0,doc_10273_c6169ff5
10656,10656,doc_10274_e8b1aa6c_chunk_0,doc_10274_e8b1aa6c
10657,10657,doc_10275_70cf02af_chunk_0,doc_10275_70cf02af
10658,10658,doc_10276_6cb0f94b_chunk_0,doc_10276_6cb0f94b
10659,10659,doc_10277_957bfbab_chunk_0,doc_10277_957bfbab
10660,10660,doc_10278_79368c33_chunk_0,doc_10278_79368c33
10661,10661,doc_10279_c96200b5_chunk_0,doc_10279_c96200b5
10662,10662,doc_10279_c96200b5_chunk_1,doc_10279_c96200b5
10663,10663,doc_10280_b73ce9d7_chunk_0,doc_10280_b73ce9d7
10664,10664,doc_10281_2b25e328_chunk_0,doc_10281_2b25e328
10665,10665,doc_10282_8daf29ec_chunk_0,doc_10282_8daf29ec
10666,10666,doc_10283_9493bf01_chunk_0,doc_10283_9493bf01
10667,10667,doc_10284_35087f1a_chunk_0,doc_10284_35087f1a
10668,10668,doc_10285_85fb68b2_chunk_0,doc_10285_85fb68b2
10669,10669,doc_10286_fcf190f8_chunk_0,doc_10286_fcf190f8
10670,10670,doc_10287_ab417b01_chunk_0,doc_10287_ab417b01
10671,10671,doc_10288_ac308ac2_chunk_0,doc_10288_ac308ac2
10672,10672,doc_10289_cc12ec60_chunk_0,doc_10289_cc12ec60
10673,10673,doc_10290_920b63d2_chunk_0,doc_10290_920b63d2
10674,10674,doc_10291_56b6d070_chunk_0,doc_10291_56b6d070
10675,10675,doc_10292_49fa8b5a_chunk_0,doc_10292_49fa8b5a
10676,10676,doc_10293_ffc39e76_chunk_0,doc_10293_ffc39e76
10677,10677,doc_10294_f351cd2d_chunk_0,doc_10294_f351cd2d
10678,10678,doc_10295_b7f7127a_chunk_0,doc_10295_b7f7127a
10679,10679,doc_10296_168df31f_chunk_0,doc_10296_168df31f
10680,10680,doc_10297_a55ed1b1_chunk_0,doc_10297_a55ed1b1
10681,10681,doc_10298_f7a866d1_chunk_0,doc_10298_f7a866d1
10682,10682,doc_10299_7546ac7a_chunk_0,doc_10299_7546ac7a
10683,10683,doc_10300_b7fa2d02_chunk_0,doc_10300_b7fa2d02
10684,10684,doc_10301_bee58e5a_chunk_0,doc_10301_bee58e5a
10685,10685,doc_10302_e958e1f1_chunk_0,doc_10302_e958e1f1
10686,10686,doc_10303_96607f1b_chunk_0,doc_10303_96607f1b
10687,10687,doc_10304_c7510822_chunk_0,doc_10304_c7510822
10688,10688,doc_10305_2bd723a8_chunk_0,doc_10305_2bd723a8
10689,10689,doc_10306_73e6729b_chunk_0,doc_10306_73e6729b
10690,10690,doc_10307_09844475_chunk_0,doc_10307_09844475
10691,10691,doc_10308_ecefbdc0_chunk_0,doc_10308_ecefbdc0
10692,10692,doc_10309_480885f3_chunk_0,doc_10309_480885f3
10693,10693,doc_10310_f82f1306_chunk_0,doc_10310_f82f1306
10694,10694,doc_10311_ab9a52e1_chunk_0,doc_10311_ab9a52e1
10695,10695,doc_10312_4f8f2040_chunk_0,doc_10312_4f8f2040
10696,10696,doc_10313_e8342f23_chunk_0,doc_10313_e8342f23
10697,10697,doc_10314_61f25eea_chunk_0,doc_10314_61f25eea
10698,10698,doc_10315_20a7d6b2_chunk_0,doc_10315_20a7d6b2
10699,10699,doc_10316_32df1ba5_chunk_0,doc_10316_32df1ba5
10700,10700,doc_10317_926cdb83_chunk_0,doc_10317_926cdb83
10701,10701,doc_10318_4bf02388_chunk_0,doc_10318_4bf02388
10702,10702,doc_10319_2d01f520_chunk_0,doc_10319_2d01f520
10703,10703,doc_10320_f90fc1bd_chunk_0,doc_10320_f90fc1bd
10704,10704,doc_10321_1b22ba55_chunk_0,doc_10321_1b22ba55
10705,10705,doc_10322_9c14f9e2_chunk_0,doc_10322_9c14f9e2
10706,10706,doc_10323_e0a04c6b_chunk_0,doc_10323_e0a04c6b
10707,10707,doc_10324_42c9056d_chunk_0,doc_10324_42c9056d
10708,10708,doc_10325_5580ec1d_chunk_0,doc_10325_5580ec1d
10709,10709,doc_10326_067c82fe_chunk_0,doc_10326_067c82fe
10710,10710,doc_10327_f7a6c3a9_chunk_0,doc_10327_f7a6c3a9
10711,10711,doc_10328_961a0128_chunk_0,doc_10328_961a0128
10712,10712,doc_10329_e3f5acf3_chunk_0,doc_10329_e3f5acf3
10713,10713,doc_10330_e6763240_chunk_0,doc_10330_e6763240
10714,10714,doc_10331_43731783_chunk_0,doc_10331_43731783
10715,10715,doc_10332_5cf38f3f_chunk_0,doc_10332_5cf38f3f
10716,10716,doc_10333_347da082_chunk_0,doc_10333_347da082
10717,10717,doc_10334_6c0f7b95_chunk_0,doc_10334_6c0f7b95
10718,10718,doc_10335_a9af8826_chunk_0,doc_10335_a9af8826
10719,10719,doc_10336_33b4f285_chunk_0,doc_10336_33b4f285
10720,10720,doc_10337_8d967994_chunk_0,doc_10337_8d967994
10721,10721,doc_10338_97f7fbe3_chunk_0,doc_10338_97f7fbe3
10722,10722,doc_10339_01ff2db1_chunk_0,doc_10339_01ff2db1
10723,10723,doc_10340_dd382ee5_chunk_0,doc_10340_dd382ee5
10724,10724,doc_10341_c5164883_chunk_0,doc_10341_c5164883
10725,10725,doc_10342_0bfc6097_chunk_0,doc_10342_0bfc6097
10726,10726,doc_10343_e1405fe9_chunk_0,doc_10343_e1405fe9
10727,10727,doc_10344_546f05ea_chunk_0,doc_10344_546f05ea
10728,10728,doc_10345_0fe8478f_chunk_0,doc_10345_0fe8478f
10729,10729,doc_10346_6c20f10d_chunk_0,doc_10346_6c20f10d
10730,10730,doc_10347_b3398f5b_chunk_0,doc_10347_b3398f5b
10731,10731,doc_10348_7e302564_chunk_0,doc_10348_7e302564
10732,10732,doc_10349_f28d1479_chunk_0,doc_10349_f28d1479
10733,10733,doc_10350_f6f459fe_chunk_0,doc_10350_f6f459fe
10734,10734,doc_10351_7e423399_chunk_0,doc_10351_7e423399
10735,10735,doc_10352_d83966e1_chunk_0,doc_10352_d83966e1
10736,10736,doc_10353_adfe9a8b_chunk_0,doc_10353_adfe9a8b
10737,10737,doc_10354_7ac54bbc_chunk_0,doc_10354_7ac54bbc
10738,10738,doc_10355_1aea1b1c_chunk_0,doc_10355_1aea1b1c
10739,10739,doc_10356_c521dd41_chunk_0,doc_10356_c521dd41
10740,10740,doc_10357_8bb26d50_chunk_0,doc_10357_8bb26d50
10741,10741,doc_10358_b2fcf398_chunk_0,doc_10358_b2fcf398
10742,10742,doc_10359_ce4286a6_chunk_0,doc_10359_ce4286a6
10743,10743,doc_10360_36b46288_chunk_0,doc_10360_36b46288
10744,10744,doc_10361_e7817b97_chunk_0,doc_10361_e7817b97
10745,10745,doc_10362_dd7364b0_chunk_0,doc_10362_dd7364b0
10746,10746,doc_10363_e966c4b8_chunk_0,doc_10363_e966c4b8
10747,10747,doc_10364_6339dc84_chunk_0,doc_10364_6339dc84
10748,10748,doc_10365_ed18fc53_chunk_0,doc_10365_ed18fc53
10749,10749,doc_10366_9563592f_chunk_0,doc_10366_9563592f
10750,10750,doc_10367_1326a5f9_chunk_0,doc_10367_1326a5f9
10751,10751,doc_10367_1326a5f9_chunk_1,doc_10367_1326a5f9
10752,10752,doc_10368_7c417c43_chunk_0,doc_10368_7c417c43
10753,10753,doc_10369_b4686044_chunk_0,doc_10369_b4686044
10754,10754,doc_10370_003f611b_chunk_0,doc_10370_003f611b
10755,10755,doc_10371_e7a6313b_chunk_0,doc_10371_e7a6313b
10756,10756,doc_10372_d8125cf0_chunk_0,doc_10372_d8125cf0
10757,10757,doc_10372_d8125cf0_chunk_1,doc_10372_d8125cf0
10758,10758,doc_10373_bea2ca2b_chunk_0,doc_10373_bea2ca2b
10759,10759,doc_10374_3dbd1f95_chunk_0,doc_10374_3dbd1f95
10760,10760,doc_10374_3dbd1f95_chunk_1,doc_10374_3dbd1f95
10761,10761,doc_10375_4d776f7c_chunk_0,doc_10375_4d776f7c
10762,10762,doc_10376_fe773918_chunk_0,doc_10376_fe773918
10763,10763,doc_10377_64f015c4_chunk_0,doc_10377_64f015c4
10764,10764,doc_10378_08e65484_chunk_0,doc_10378_08e65484
10765,10765,doc_10379_10b01283_chunk_0,doc_10379_10b01283
10766,10766,doc_10380_a80ff8b0_chunk_0,doc_10380_a80ff8b0
10767,10767,doc_10381_4fad911f_chunk_0,doc_10381_4fad911f
10768,10768,doc_10382_c6d6dff1_chunk_0,doc_10382_c6d6dff1
10769,10769,doc_10383_5c6a17c2_chunk_0,doc_10383_5c6a17c2
10770,10770,doc_10384_80bc5e5a_chunk_0,doc_10384_80bc5e5a
10771,10771,doc_10385_e0400976_chunk_0,doc_10385_e0400976
10772,10772,doc_10386_d7c13f56_chunk_0,doc_10386_d7c13f56
10773,10773,doc_10387_afbecd48_chunk_0,doc_10387_afbecd48
10774,10774,doc_10388_93c2aee2_chunk_0,doc_10388_93c2aee2
10775,10775,doc_10389_2244fcfb_chunk_0,doc_10389_2244fcfb
10776,10776,doc_10390_828db576_chunk_0,doc_10390_828db576
10777,10777,doc_10391_bc60b042_chunk_0,doc_10391_bc60b042
10778,10778,doc_10392_4d23a5d1_chunk_0,doc_10392_4d23a5d1
10779,10779,doc_10393_6796ee84_chunk_0,doc_10393_6796ee84
10780,10780,doc_10394_a75771f1_chunk_0,doc_10394_a75771f1
10781,10781,doc_10395_ffa7a4a1_chunk_0,doc_10395_ffa7a4a1
10782,10782,doc_10396_425d042e_chunk_0,doc_10396_425d042e
10783,10783,doc_10397_37b0e093_chunk_0,doc_10397_37b0e093
10784,10784,doc_10398_6c01198d_chunk_0,doc_10398_6c01198d
10785,10785,doc_10399_5a019d91_chunk_0,doc_10399_5a019d91
10786,10786,doc_10399_5a019d91_chunk_1,doc_10399_5a019d91
10787,10787,doc_10400_d96a7883_chunk_0,doc_10400_d96a7883
10788,10788,doc_10401_df4311f0_chunk_0,doc_10401_df4311f0
10789,10789,doc_10402_7a0b8f70_chunk_0,doc_10402_7a0b8f70
10790,10790,doc_10403_51606fba_chunk_0,doc_10403_51606fba
10791,10791,doc_10404_6910f54e_chunk_0,doc_10404_6910f54e
10792,10792,doc_10405_4a6d827b_chunk_0,doc_10405_4a6d827b
10793,10793,doc_10406_d549cf60_chunk_0,doc_10406_d549cf60
10794,10794,doc_10407_36453775_chunk_0,doc_10407_36453775
10795,10795,doc_10408_de2ecc1a_chunk_0,doc_10408_de2ecc1a
10796,10796,doc_10409_1218061e_chunk_0,doc_10409_1218061e
10797,10797,doc_10410_4adb88d1_chunk_0,doc_10410_4adb88d1
10798,10798,doc_10410_4adb88d1_chunk_1,doc_10410_4adb88d1
10799,10799,doc_10411_e7ffa5e8_chunk_0,doc_10411_e7ffa5e8
10800,10800,doc_10412_84ae70ff_chunk_0,doc_10412_84ae70ff
10801,10801,doc_10413_674edb2f_chunk_0,doc_10413_674edb2f
10802,10802,doc_10414_69f4bdf9_chunk_0,doc_10414_69f4bdf9
10803,10803,doc_10415_440c7668_chunk_0,doc_10415_440c7668
10804,10804,doc_10416_bf80c0bb_chunk_0,doc_10416_bf80c0bb
10805,10805,doc_10417_ed71c054_chunk_0,doc_10417_ed71c054
10806,10806,doc_10418_5dec2add_chunk_0,doc_10418_5dec2add
10807,10807,doc_10419_f1cc5b8a_chunk_0,doc_10419_f1cc5b8a
10808,10808,doc_10420_e992df61_chunk_0,doc_10420_e992df61
10809,10809,doc_10420_e992df61_chunk_1,doc_10420_e992df61
10810,10810,doc_10421_99d85160_chunk_0,doc_10421_99d85160
10811,10811,doc_10422_6d6a2ef2_chunk_0,doc_10422_6d6a2ef2
10812,10812,doc_10423_725999b8_chunk_0,doc_10423_725999b8
10813,10813,doc_10424_8d65f5cf_chunk_0,doc_10424_8d65f5cf
10814,10814,doc_10425_e5d5d72f_chunk_0,doc_10425_e5d5d72f
10815,10815,doc_10426_d22e6144_chunk_0,doc_10426_d22e6144
10816,10816,doc_10427_2cc6f054_chunk_0,doc_10427_2cc6f054
10817,10817,doc_10428_73763006_chunk_0,doc_10428_73763006
10818,10818,doc_10429_f2e026ec_chunk_0,doc_10429_f2e026ec
10819,10819,doc_10430_e04215ae_chunk_0,doc_10430_e04215ae
10820,10820,doc_10431_676cd494_chunk_0,doc_10431_676cd494
10821,10821,doc_10432_e4f8112b_chunk_0,doc_10432_e4f8112b
10822,10822,doc_10433_7445f0ed_chunk_0,doc_10433_7445f0ed
10823,10823,doc_10434_1c0cb994_chunk_0,doc_10434_1c0cb994
10824,10824,doc_10435_e983e07f_chunk_0,doc_10435_e983e07f
10825,10825,doc_10436_d9322699_chunk_0,doc_10436_d9322699
10826,10826,doc_10437_d81f0463_chunk_0,doc_10437_d81f0463
10827,10827,doc_10438_0299f332_chunk_0,doc_10438_0299f332
10828,10828,doc_10439_92a11fb5_chunk_0,doc_10439_92a11fb5
10829,10829,doc_10440_51e8b788_chunk_0,doc_10440_51e8b788
10830,10830,doc_10441_2c8e2f14_chunk_0,doc_10441_2c8e2f14
10831,10831,doc_10442_fd1fa9a0_chunk_0,doc_10442_fd1fa9a0
10832,10832,doc_10443_3bc67b1b_chunk_0,doc_10443_3bc67b1b
10833,10833,doc_10444_de41a772_chunk_0,doc_10444_de41a772
10834,10834,doc_10445_f82d718a_chunk_0,doc_10445_f82d718a
10835,10835,doc_10445_f82d718a_chunk_1,doc_10445_f82d718a
10836,10836,doc_10445_f82d718a_chunk_2,doc_10445_f82d718a
10837,10837,doc_10446_220fb3e3_chunk_0,doc_10446_220fb3e3
10838,10838,doc_10447_5ffa758b_chunk_0,doc_10447_5ffa758b
10839,10839,doc_10448_66a8c830_chunk_0,doc_10448_66a8c830
10840,10840,doc_10449_01cd29e4_chunk_0,doc_10449_01cd29e4
10841,10841,doc_10450_83798650_chunk_0,doc_10450_83798650
10842,10842,doc_10451_f8c0ea18_chunk_0,doc_10451_f8c0ea18
10843,10843,doc_10451_f8c0ea18_chunk_1,doc_10451_f8c0ea18
10844,10844,doc_10452_dc4c78f0_chunk_0,doc_10452_dc4c78f0
10845,10845,doc_10453_274b0e8f_chunk_0,doc_10453_274b0e8f
10846,10846,doc_10454_88350f11_chunk_0,doc_10454_88350f11
10847,10847,doc_10455_653dcd09_chunk_0,doc_10455_653dcd09
10848,10848,doc_10456_47e0240d_chunk_0,doc_10456_47e0240d
10849,10849,doc_10457_1991cf38_chunk_0,doc_10457_1991cf38
10850,10850,doc_10458_7a5b1f33_chunk_0,doc_10458_7a5b1f33
10851,10851,doc_10459_27697962_chunk_0,doc_10459_27697962
10852,10852,doc_10460_132d03b9_chunk_0,doc_10460_132d03b9
10853,10853,doc_10461_c991ff18_chunk_0,doc_10461_c991ff18
10854,10854,doc_10462_a9a6d7ec_chunk_0,doc_10462_a9a6d7ec
10855,10855,doc_10463_8b14df67_chunk_0,doc_10463_8b14df67
10856,10856,doc_10464_9c9ffc91_chunk_0,doc_10464_9c9ffc91
10857,10857,doc_10465_57c8bbb5_chunk_0,doc_10465_57c8bbb5
10858,10858,doc_10466_91800ecb_chunk_0,doc_10466_91800ecb
10859,10859,doc_10467_e5254427_chunk_0,doc_10467_e5254427
10860,10860,doc_10468_3094f3c2_chunk_0,doc_10468_3094f3c2
10861,10861,doc_10469_c49bfb87_chunk_0,doc_10469_c49bfb87
10862,10862,doc_10470_227b6d60_chunk_0,doc_10470_227b6d60
10863,10863,doc_10471_4bb9f5e3_chunk_0,doc_10471_4bb9f5e3
10864,10864,doc_10472_02b37e1e_chunk_0,doc_10472_02b37e1e
10865,10865,doc_10473_567b9c7b_chunk_0,doc_10473_567b9c7b
10866,10866,doc_10474_c604eb84_chunk_0,doc_10474_c604eb84
10867,10867,doc_10475_488e5f50_chunk_0,doc_10475_488e5f50
10868,10868,doc_10476_d59462f0_chunk_0,doc_10476_d59462f0
10869,10869,doc_10477_94cbd018_chunk_0,doc_10477_94cbd018
10870,10870,doc_10478_f43fcd1b_chunk_0,doc_10478_f43fcd1b
10871,10871,doc_10479_8a20e1ce_chunk_0,doc_10479_8a20e1ce
10872,10872,doc_10480_c7652d5e_chunk_0,doc_10480_c7652d5e
10873,10873,doc_10481_209fc658_chunk_0,doc_10481_209fc658
10874,10874,doc_10482_cadb7399_chunk_0,doc_10482_cadb7399
10875,10875,doc_10483_1007d545_chunk_0,doc_10483_1007d545
10876,10876,doc_10484_dc5dfda9_chunk_0,doc_10484_dc5dfda9
10877,10877,doc_10485_1e4e9fa6_chunk_0,doc_10485_1e4e9fa6
10878,10878,doc_10486_25327da1_chunk_0,doc_10486_25327da1
10879,10879,doc_10487_94541d3b_chunk_0,doc_10487_94541d3b
10880,10880,doc_10488_544a9cec_chunk_0,doc_10488_544a9cec
10881,10881,doc_10489_f6647550_chunk_0,doc_10489_f6647550
10882,10882,doc_10490_57a0f828_chunk_0,doc_10490_57a0f828
10883,10883,doc_10491_59d76193_chunk_0,doc_10491_59d76193
10884,10884,doc_10492_5f6e6e04_chunk_0,doc_10492_5f6e6e04
10885,10885,doc_10493_868d0995_chunk_0,doc_10493_868d0995
10886,10886,doc_10494_be1de57e_chunk_0,doc_10494_be1de57e
10887,10887,doc_10495_835e8831_chunk_0,doc_10495_835e8831
10888,10888,doc_10496_82c6e10f_chunk_0,doc_10496_82c6e10f
10889,10889,doc_10497_39b90818_chunk_0,doc_10497_39b90818
10890,10890,doc_10498_46a9e307_chunk_0,doc_10498_46a9e307
10891,10891,doc_10499_6a182550_chunk_0,doc_10499_6a182550
10892,10892,doc_10500_0b538a2b_chunk_0,doc_10500_0b538a2b
10893,10893,doc_10501_8032a89a_chunk_0,doc_10501_8032a89a
10894,10894,doc_10502_cb7355eb_chunk_0,doc_10502_cb7355eb
10895,10895,doc_10503_4ed35f7e_chunk_0,doc_10503_4ed35f7e
10896,10896,doc_10504_7b049981_chunk_0,doc_10504_7b049981
10897,10897,doc_10505_9e0d3fc3_chunk_0,doc_10505_9e0d3fc3
10898,10898,doc_10506_0365210b_chunk_0,doc_10506_0365210b
10899,10899,doc_10507_5dea69d0_chunk_0,doc_10507_5dea69d0
10900,10900,doc_10508_167da5c8_chunk_0,doc_10508_167da5c8
10901,10901,doc_10509_9e0b5216_chunk_0,doc_10509_9e0b5216
10902,10902,doc_10510_0c4a5158_chunk_0,doc_10510_0c4a5158
10903,10903,doc_10511_dc55e792_chunk_0,doc_10511_dc55e792
10904,10904,doc_10512_cd3e64dd_chunk_0,doc_10512_cd3e64dd
10905,10905,doc_10513_358731da_chunk_0,doc_10513_358731da
10906,10906,doc_10514_25d5fa27_chunk_0,doc_10514_25d5fa27
10907,10907,doc_10515_6d283bc9_chunk_0,doc_10515_6d283bc9
10908,10908,doc_10516_da9cdaaa_chunk_0,doc_10516_da9cdaaa
10909,10909,doc_10517_87decb64_chunk_0,doc_10517_87decb64
10910,10910,doc_10518_69928961_chunk_0,doc_10518_69928961
10911,10911,doc_10519_47dbe34b_chunk_0,doc_10519_47dbe34b
10912,10912,doc_10520_cebaeed8_chunk_0,doc_10520_cebaeed8
10913,10913,doc_10521_8353b989_chunk_0,doc_10521_8353b989
10914,10914,doc_10522_81f43dd8_chunk_0,doc_10522_81f43dd8
10915,10915,doc_10523_0b974db0_chunk_0,doc_10523_0b974db0
10916,10916,doc_10524_5f3d1d48_chunk_0,doc_10524_5f3d1d48
10917,10917,doc_10525_dac97d77_chunk_0,doc_10525_dac97d77
10918,10918,doc_10526_7482472d_chunk_0,doc_10526_7482472d
10919,10919,doc_10527_912f080e_chunk_0,doc_10527_912f080e
10920,10920,doc_10528_ae929fae_chunk_0,doc_10528_ae929fae
10921,10921,doc_10529_e78859fb_chunk_0,doc_10529_e78859fb
10922,10922,doc_10530_0d7fb93c_chunk_0,doc_10530_0d7fb93c
10923,10923,doc_10531_0d596957_chunk_0,doc_10531_0d596957
10924,10924,doc_10532_8663a580_chunk_0,doc_10532_8663a580
10925,10925,doc_10533_d5cbcdae_chunk_0,doc_10533_d5cbcdae
10926,10926,doc_10534_686c422d_chunk_0,doc_10534_686c422d
10927,10927,doc_10535_c119d1f2_chunk_0,doc_10535_c119d1f2
10928,10928,doc_10536_db54d3fd_chunk_0,doc_10536_db54d3fd
10929,10929,doc_10537_485199a0_chunk_0,doc_10537_485199a0
10930,10930,doc_10538_36db09fb_chunk_0,doc_10538_36db09fb
10931,10931,doc_10539_4c960058_chunk_0,doc_10539_4c960058
10932,10932,doc_10540_549487d0_chunk_0,doc_10540_549487d0
10933,10933,doc_10541_4d9bb3c6_chunk_0,doc_10541_4d9bb3c6
10934,10934,doc_10542_b08d48fc_chunk_0,doc_10542_b08d48fc
10935,10935,doc_10543_767e1f2a_chunk_0,doc_10543_767e1f2a
10936,10936,doc_10544_b8e5ba95_chunk_0,doc_10544_b8e5ba95
10937,10937,doc_10545_20a9943d_chunk_0,doc_10545_20a9943d
10938,10938,doc_10546_527aa876_chunk_0,doc_10546_527aa876
10939,10939,doc_10547_4600aa57_chunk_0,doc_10547_4600aa57
10940,10940,doc_10548_0b57e00e_chunk_0,doc_10548_0b57e00e
10941,10941,doc_10549_2803b907_chunk_0,doc_10549_2803b907
10942,10942,doc_10550_ab49a214_chunk_0,doc_10550_ab49a214
10943,10943,doc_10551_73f84091_chunk_0,doc_10551_73f84091
10944,10944,doc_10552_2e1f483d_chunk_0,doc_10552_2e1f483d
10945,10945,doc_10553_084c024c_chunk_0,doc_10553_084c024c
10946,10946,doc_10554_a66460c0_chunk_0,doc_10554_a66460c0
10947,10947,doc_10555_cfec39b9_chunk_0,doc_10555_cfec39b9
10948,10948,doc_10556_1a213de3_chunk_0,doc_10556_1a213de3
10949,10949,doc_10557_c3a3de8e_chunk_0,doc_10557_c3a3de8e
10950,10950,doc_10558_c7b8e56d_chunk_0,doc_10558_c7b8e56d
10951,10951,doc_10559_82ef2284_chunk_0,doc_10559_82ef2284
10952,10952,doc_10560_350a946d_chunk_0,doc_10560_350a946d
10953,10953,doc_10561_676e2454_chunk_0,doc_10561_676e2454
10954,10954,doc_10562_7c87e5fc_chunk_0,doc_10562_7c87e5fc
10955,10955,doc_10563_1a0bc309_chunk_0,doc_10563_1a0bc309
10956,10956,doc_10564_0159cec9_chunk_0,doc_10564_0159cec9
10957,10957,doc_10565_f47a3599_chunk_0,doc_10565_f47a3599
10958,10958,doc_10566_bbc8ae9d_chunk_0,doc_10566_bbc8ae9d
10959,10959,doc_10567_802492d2_chunk_0,doc_10567_802492d2
10960,10960,doc_10568_9f9d4d13_chunk_0,doc_10568_9f9d4d13
10961,10961,doc_10569_7585e5aa_chunk_0,doc_10569_7585e5aa
10962,10962,doc_10570_786205ad_chunk_0,doc_10570_786205ad
10963,10963,doc_10571_9d1b18ae_chunk_0,doc_10571_9d1b18ae
10964,10964,doc_10572_da01304f_chunk_0,doc_10572_da01304f
10965,10965,doc_10573_beb024ce_chunk_0,doc_10573_beb024ce
10966,10966,doc_10574_9474d37a_chunk_0,doc_10574_9474d37a
10967,10967,doc_10575_55d0285f_chunk_0,doc_10575_55d0285f
10968,10968,doc_10576_71dc6770_chunk_0,doc_10576_71dc6770
10969,10969,doc_10577_a9e89b30_chunk_0,doc_10577_a9e89b30
10970,10970,doc_10578_884ba699_chunk_0,doc_10578_884ba699
10971,10971,doc_10579_fbe23830_chunk_0,doc_10579_fbe23830
10972,10972,doc_10580_93882f01_chunk_0,doc_10580_93882f01
10973,10973,doc_10581_9b2b1788_chunk_0,doc_10581_9b2b1788
10974,10974,doc_10582_1924f616_chunk_0,doc_10582_1924f616
10975,10975,doc_10583_0b2c26af_chunk_0,doc_10583_0b2c26af
10976,10976,doc_10584_f78eeb0a_chunk_0,doc_10584_f78eeb0a
10977,10977,doc_10585_915d338f_chunk_0,doc_10585_915d338f
10978,10978,doc_10586_bd256b08_chunk_0,doc_10586_bd256b08
10979,10979,doc_10587_7ac2f687_chunk_0,doc_10587_7ac2f687
10980,10980,doc_10588_846cbac4_chunk_0,doc_10588_846cbac4
10981,10981,doc_10589_509b4c6d_chunk_0,doc_10589_509b4c6d
10982,10982,doc_10590_8878cb17_chunk_0,doc_10590_8878cb17
10983,10983,doc_10591_1e55a2b3_chunk_0,doc_10591_1e55a2b3
10984,10984,doc_10592_4c66b6eb_chunk_0,doc_10592_4c66b6eb
10985,10985,doc_10592_4c66b6eb_chunk_1,doc_10592_4c66b6eb
10986,10986,doc_10593_fb086684_chunk_0,doc_10593_fb086684
10987,10987,doc_10594_38bc00cd_chunk_0,doc_10594_38bc00cd
10988,10988,doc_10595_568c3afa_chunk_0,doc_10595_568c3afa
10989,10989,doc_10596_78674b22_chunk_0,doc_10596_78674b22
10990,10990,doc_10596_78674b22_chunk_1,doc_10596_78674b22
10991,10991,doc_10597_a2c2b054_chunk_0,doc_10597_a2c2b054
10992,10992,doc_10598_ccfb10ab_chunk_0,doc_10598_ccfb10ab
10993,10993,doc_10599_50b169e6_chunk_0,doc_10599_50b169e6
10994,10994,doc_10600_9104f0c1_chunk_0,doc_10600_9104f0c1
10995,10995,doc_10601_43f5bd29_chunk_0,doc_10601_43f5bd29
10996,10996,doc_10602_2b938d39_chunk_0,doc_10602_2b938d39
10997,10997,doc_10603_5ab1745b_chunk_0,doc_10603_5ab1745b
10998,10998,doc_10604_9d9075a3_chunk_0,doc_10604_9d9075a3
10999,10999,doc_10605_1d907820_chunk_0,doc_10605_1d907820
11000,11000,doc_10606_6078ddb6_chunk_0,doc_10606_6078ddb6
11001,11001,doc_10607_9ec048a8_chunk_0,doc_10607_9ec048a8
11002,11002,doc_10608_1f093999_chunk_0,doc_10608_1f093999
11003,11003,doc_10609_3dba00e6_chunk_0,doc_10609_3dba00e6
11004,11004,doc_10610_045266d8_chunk_0,doc_10610_045266d8
11005,11005,doc_10611_18b930c9_chunk_0,doc_10611_18b930c9
11006,11006,doc_10612_234465a6_chunk_0,doc_10612_234465a6
11007,11007,doc_10613_79c308ad_chunk_0,doc_10613_79c308ad
11008,11008,doc_10614_9835c90e_chunk_0,doc_10614_9835c90e
11009,11009,doc_10615_8d56bda1_chunk_0,doc_10615_8d56bda1
11010,11010,doc_10616_5f658f15_chunk_0,doc_10616_5f658f15
11011,11011,doc_10617_3ebd5dfd_chunk_0,doc_10617_3ebd5dfd
11012,11012,doc_10618_ce07bd04_chunk_0,doc_10618_ce07bd04
11013,11013,doc_10619_834f28b0_chunk_0,doc_10619_834f28b0
11014,11014,doc_10620_3339e895_chunk_0,doc_10620_3339e895
11015,11015,doc_10621_699ee789_chunk_0,doc_10621_699ee789
11016,11016,doc_10622_4835d938_chunk_0,doc_10622_4835d938
11017,11017,doc_10623_510ab527_chunk_0,doc_10623_510ab527
11018,11018,doc_10624_633ff2d9_chunk_0,doc_10624_633ff2d9
11019,11019,doc_10625_385bbd76_chunk_0,doc_10625_385bbd76
11020,11020,doc_10626_9d36646a_chunk_0,doc_10626_9d36646a
11021,11021,doc_10627_ed94301a_chunk_0,doc_10627_ed94301a
11022,11022,doc_10628_adae7fbb_chunk_0,doc_10628_adae7fbb
11023,11023,doc_10629_af21f43f_chunk_0,doc_10629_af21f43f
11024,11024,doc_10630_de4349aa_chunk_0,doc_10630_de4349aa
11025,11025,doc_10631_06ba7eb8_chunk_0,doc_10631_06ba7eb8
11026,11026,doc_10632_87414d0c_chunk_0,doc_10632_87414d0c
11027,11027,doc_10633_85d4a77a_chunk_0,doc_10633_85d4a77a
11028,11028,doc_10634_4c85160a_chunk_0,doc_10634_4c85160a
11029,11029,doc_10635_8f08a50d_chunk_0,doc_10635_8f08a50d
11030,11030,doc_10636_8e98d46b_chunk_0,doc_10636_8e98d46b
11031,11031,doc_10637_bf78b4f8_chunk_0,doc_10637_bf78b4f8
11032,11032,doc_10638_f46d4b1c_chunk_0,doc_10638_f46d4b1c
11033,11033,doc_10639_3d818d4e_chunk_0,doc_10639_3d818d4e
11034,11034,doc_10640_244a5908_chunk_0,doc_10640_244a5908
11035,11035,doc_10641_050d63e7_chunk_0,doc_10641_050d63e7
11036,11036,doc_10642_949db289_chunk_0,doc_10642_949db289
11037,11037,doc_10643_e771c0f3_chunk_0,doc_10643_e771c0f3
11038,11038,doc_10644_a2dfb300_chunk_0,doc_10644_a2dfb300
11039,11039,doc_10645_9f198c75_chunk_0,doc_10645_9f198c75
11040,11040,doc_10646_9d420490_chunk_0,doc_10646_9d420490
11041,11041,doc_10647_c8586026_chunk_0,doc_10647_c8586026
11042,11042,doc_10648_4f040747_chunk_0,doc_10648_4f040747
11043,11043,doc_10649_a5f4bd16_chunk_0,doc_10649_a5f4bd16
11044,11044,doc_10650_d1d2fa49_chunk_0,doc_10650_d1d2fa49
11045,11045,doc_10651_fb527796_chunk_0,doc_10651_fb527796
11046,11046,doc_10652_0244a4f4_chunk_0,doc_10652_0244a4f4
11047,11047,doc_10653_46b19f7b_chunk_0,doc_10653_46b19f7b
11048,11048,doc_10654_cf122e4c_chunk_0,doc_10654_cf122e4c
11049,11049,doc_10655_f3474de2_chunk_0,doc_10655_f3474de2
11050,11050,doc_10656_a02e3793_chunk_0,doc_10656_a02e3793
11051,11051,doc_10657_68774597_chunk_0,doc_10657_68774597
11052,11052,doc_10658_19d3e379_chunk_0,doc_10658_19d3e379
11053,11053,doc_10659_b9f2c4af_chunk_0,doc_10659_b9f2c4af
11054,11054,doc_10660_adb04da5_chunk_0,doc_10660_adb04da5
11055,11055,doc_10661_1d2a6121_chunk_0,doc_10661_1d2a6121
11056,11056,doc_10662_9f0f7409_chunk_0,doc_10662_9f0f7409
11057,11057,doc_10663_f08bc95a_chunk_0,doc_10663_f08bc95a
11058,11058,doc_10664_6aa12640_chunk_0,doc_10664_6aa12640
11059,11059,doc_10665_214384ae_chunk_0,doc_10665_214384ae
11060,11060,doc_10666_36485b9b_chunk_0,doc_10666_36485b9b
11061,11061,doc_10667_9d366a80_chunk_0,doc_10667_9d366a80
11062,11062,doc_10668_b8c5bdce_chunk_0,doc_10668_b8c5bdce
11063,11063,doc_10669_5dbeb8d8_chunk_0,doc_10669_5dbeb8d8
11064,11064,doc_10670_0d9795c5_chunk_0,doc_10670_0d9795c5
11065,11065,doc_10671_b2e50a81_chunk_0,doc_10671_b2e50a81
11066,11066,doc_10672_3cad11ac_chunk_0,doc_10672_3cad11ac
11067,11067,doc_10673_84753527_chunk_0,doc_10673_84753527
11068,11068,doc_10674_436d0a22_chunk_0,doc_10674_436d0a22
11069,11069,doc_10675_d6ce6e38_chunk_0,doc_10675_d6ce6e38
11070,11070,doc_10676_173d638a_chunk_0,doc_10676_173d638a
11071,11071,doc_10677_f208aebe_chunk_0,doc_10677_f208aebe
11072,11072,doc_10678_de9e8a8d_chunk_0,doc_10678_de9e8a8d
11073,11073,doc_10679_9c97f620_chunk_0,doc_10679_9c97f620
11074,11074,doc_10680_dcd0f17d_chunk_0,doc_10680_dcd0f17d
11075,11075,doc_10681_51e88ea8_chunk_0,doc_10681_51e88ea8
11076,11076,doc_10682_9230192c_chunk_0,doc_10682_9230192c
11077,11077,doc_10683_6493518b_chunk_0,doc_10683_6493518b
11078,11078,doc_10684_c2f4dddd_chunk_0,doc_10684_c2f4dddd
11079,11079,doc_10685_37d30cad_chunk_0,doc_10685_37d30cad
11080,11080,doc_10686_38bbf59a_chunk_0,doc_10686_38bbf59a
11081,11081,doc_10687_c187412c_chunk_0,doc_10687_c187412c
11082,11082,doc_10688_8b0a17b8_chunk_0,doc_10688_8b0a17b8
11083,11083,doc_10689_88903fb9_chunk_0,doc_10689_88903fb9
11084,11084,doc_10690_30fe312b_chunk_0,doc_10690_30fe312b
11085,11085,doc_10691_d3f3b4a2_chunk_0,doc_10691_d3f3b4a2
11086,11086,doc_10692_ecac08bf_chunk_0,doc_10692_ecac08bf
11087,11087,doc_10693_d60a2ab4_chunk_0,doc_10693_d60a2ab4
11088,11088,doc_10694_b36905c4_chunk_0,doc_10694_b36905c4
11089,11089,doc_10695_baeef880_chunk_0,doc_10695_baeef880
11090,11090,doc_10696_c2f8cbec_chunk_0,doc_10696_c2f8cbec
11091,11091,doc_10697_efff90e2_chunk_0,doc_10697_efff90e2
11092,11092,doc_10698_c686e4a1_chunk_0,doc_10698_c686e4a1
11093,11093,doc_10698_c686e4a1_chunk_1,doc_10698_c686e4a1
11094,11094,doc_10699_2ab5015f_chunk_0,doc_10699_2ab5015f
11095,11095,doc_10700_73012ea9_chunk_0,doc_10700_73012ea9
11096,11096,doc_10701_e4dea378_chunk_0,doc_10701_e4dea378
11097,11097,doc_10702_846f6643_chunk_0,doc_10702_846f6643
11098,11098,doc_10702_846f6643_chunk_1,doc_10702_846f6643
11099,11099,doc_10703_1e08da21_chunk_0,doc_10703_1e08da21
11100,11100,doc_10704_f949bd36_chunk_0,doc_10704_f949bd36
11101,11101,doc_10705_e073fa9d_chunk_0,doc_10705_e073fa9d
11102,11102,doc_10706_e7646cc9_chunk_0,doc_10706_e7646cc9
11103,11103,doc_10707_de7b95a0_chunk_0,doc_10707_de7b95a0
11104,11104,doc_10708_9e313a00_chunk_0,doc_10708_9e313a00
11105,11105,doc_10709_f2c377f0_chunk_0,doc_10709_f2c377f0
11106,11106,doc_10710_0ad1998b_chunk_0,doc_10710_0ad1998b
11107,11107,doc_10711_1e7cc85d_chunk_0,doc_10711_1e7cc85d
11108,11108,doc_10712_7c7289b8_chunk_0,doc_10712_7c7289b8
11109,11109,doc_10713_9674183a_chunk_0,doc_10713_9674183a
11110,11110,doc_10714_e4e810f7_chunk_0,doc_10714_e4e810f7
11111,11111,doc_10715_05fdcf0b_chunk_0,doc_10715_05fdcf0b
11112,11112,doc_10716_a3fc95ab_chunk_0,doc_10716_a3fc95ab
11113,11113,doc_10717_bd131836_chunk_0,doc_10717_bd131836
11114,11114,doc_10718_eff06515_chunk_0,doc_10718_eff06515
11115,11115,doc_10719_04f6fd63_chunk_0,doc_10719_04f6fd63
11116,11116,doc_10720_9ce649fb_chunk_0,doc_10720_9ce649fb
11117,11117,doc_10721_24142171_chunk_0,doc_10721_24142171
11118,11118,doc_10721_24142171_chunk_1,doc_10721_24142171
11119,11119,doc_10722_2fe81710_chunk_0,doc_10722_2fe81710
11120,11120,doc_10723_21aab732_chunk_0,doc_10723_21aab732
11121,11121,doc_10724_0a9ddf30_chunk_0,doc_10724_0a9ddf30
11122,11122,doc_10725_a6c5bd00_chunk_0,doc_10725_a6c5bd00
11123,11123,doc_10726_205d8eb6_chunk_0,doc_10726_205d8eb6
11124,11124,doc_10727_0ca213e5_chunk_0,doc_10727_0ca213e5
11125,11125,doc_10728_f18b1880_chunk_0,doc_10728_f18b1880
11126,11126,doc_10729_66016517_chunk_0,doc_10729_66016517
11127,11127,doc_10730_4392f1aa_chunk_0,doc_10730_4392f1aa
11128,11128,doc_10731_73d04be2_chunk_0,doc_10731_73d04be2
11129,11129,doc_10732_325ebe32_chunk_0,doc_10732_325ebe32
11130,11130,doc_10733_03dd79a6_chunk_0,doc_10733_03dd79a6
11131,11131,doc_10734_117d9fa3_chunk_0,doc_10734_117d9fa3
11132,11132,doc_10735_8c90a153_chunk_0,doc_10735_8c90a153
11133,11133,doc_10736_2857f696_chunk_0,doc_10736_2857f696
11134,11134,doc_10737_80f5dc14_chunk_0,doc_10737_80f5dc14
11135,11135,doc_10738_216ec598_chunk_0,doc_10738_216ec598
11136,11136,doc_10739_ea8ac980_chunk_0,doc_10739_ea8ac980
11137,11137,doc_10740_d3755337_chunk_0,doc_10740_d3755337
11138,11138,doc_10741_ee906165_chunk_0,doc_10741_ee906165
11139,11139,doc_10742_64597195_chunk_0,doc_10742_64597195
11140,11140,doc_10743_00fc045b_chunk_0,doc_10743_00fc045b
11141,11141,doc_10744_08893afa_chunk_0,doc_10744_08893afa
11142,11142,doc_10745_f03a50bc_chunk_0,doc_10745_f03a50bc
11143,11143,doc_10746_52e0fd32_chunk_0,doc_10746_52e0fd32
11144,11144,doc_10747_20b4189f_chunk_0,doc_10747_20b4189f
11145,11145,doc_10748_bd3068b4_chunk_0,doc_10748_bd3068b4
11146,11146,doc_10749_9239eb6b_chunk_0,doc_10749_9239eb6b
11147,11147,doc_10750_b3b624be_chunk_0,doc_10750_b3b624be
11148,11148,doc_10751_511fddba_chunk_0,doc_10751_511fddba
11149,11149,doc_10752_07000479_chunk_0,doc_10752_07000479
11150,11150,doc_10753_e84c7dbf_chunk_0,doc_10753_e84c7dbf
11151,11151,doc_10754_2b3bc56b_chunk_0,doc_10754_2b3bc56b
11152,11152,doc_10755_4c31260b_chunk_0,doc_10755_4c31260b
11153,11153,doc_10756_5a84cce7_chunk_0,doc_10756_5a84cce7
11154,11154,doc_10757_8345fc4b_chunk_0,doc_10757_8345fc4b
11155,11155,doc_10758_e4d40b80_chunk_0,doc_10758_e4d40b80
11156,11156,doc_10759_5a18122e_chunk_0,doc_10759_5a18122e
11157,11157,doc_10760_6f450f9c_chunk_0,doc_10760_6f450f9c
11158,11158,doc_10761_b5ba045f_chunk_0,doc_10761_b5ba045f
11159,11159,doc_10762_c0a84c98_chunk_0,doc_10762_c0a84c98
11160,11160,doc_10763_482b70fc_chunk_0,doc_10763_482b70fc
11161,11161,doc_10764_22e6ee28_chunk_0,doc_10764_22e6ee28
11162,11162,doc_10765_9b7465a7_chunk_0,doc_10765_9b7465a7
11163,11163,doc_10766_949d1b0a_chunk_0,doc_10766_949d1b0a
11164,11164,doc_10767_94ccb5d1_chunk_0,doc_10767_94ccb5d1
11165,11165,doc_10768_faff26e8_chunk_0,doc_10768_faff26e8
11166,11166,doc_10769_40a1405b_chunk_0,doc_10769_40a1405b
11167,11167,doc_10770_8da8eeba_chunk_0,doc_10770_8da8eeba
11168,11168,doc_10771_66d60927_chunk_0,doc_10771_66d60927
11169,11169,doc_10772_4a5470fd_chunk_0,doc_10772_4a5470fd
11170,11170,doc_10773_25291387_chunk_0,doc_10773_25291387
11171,11171,doc_10774_948c22c7_chunk_0,doc_10774_948c22c7
11172,11172,doc_10775_047bf8fa_chunk_0,doc_10775_047bf8fa
11173,11173,doc_10776_8b7a8077_chunk_0,doc_10776_8b7a8077
11174,11174,doc_10777_91802476_chunk_0,doc_10777_91802476
11175,11175,doc_10778_b0e936e5_chunk_0,doc_10778_b0e936e5
11176,11176,doc_10779_dc216bc0_chunk_0,doc_10779_dc216bc0
11177,11177,doc_10780_a5b9d4c8_chunk_0,doc_10780_a5b9d4c8
11178,11178,doc_10781_9a4d21b1_chunk_0,doc_10781_9a4d21b1
11179,11179,doc_10782_683e7b3a_chunk_0,doc_10782_683e7b3a
11180,11180,doc_10783_b655fada_chunk_0,doc_10783_b655fada
11181,11181,doc_10784_637432bb_chunk_0,doc_10784_637432bb
11182,11182,doc_10785_22b83aa3_chunk_0,doc_10785_22b83aa3
11183,11183,doc_10786_67df6c81_chunk_0,doc_10786_67df6c81
11184,11184,doc_10787_5b698cbf_chunk_0,doc_10787_5b698cbf
11185,11185,doc_10788_f454fb1b_chunk_0,doc_10788_f454fb1b
11186,11186,doc_10789_2a26ebca_chunk_0,doc_10789_2a26ebca
11187,11187,doc_10790_1346bb8c_chunk_0,doc_10790_1346bb8c
11188,11188,doc_10791_bfe64110_chunk_0,doc_10791_bfe64110
11189,11189,doc_10792_7ad32045_chunk_0,doc_10792_7ad32045
11190,11190,doc_10793_21a98786_chunk_0,doc_10793_21a98786
11191,11191,doc_10794_8ef49966_chunk_0,doc_10794_8ef49966
11192,11192,doc_10795_0afb4f05_chunk_0,doc_10795_0afb4f05
11193,11193,doc_10796_103d54ba_chunk_0,doc_10796_103d54ba
11194,11194,doc_10797_760653fd_chunk_0,doc_10797_760653fd
11195,11195,doc_10798_3739145a_chunk_0,doc_10798_3739145a
11196,11196,doc_10799_d5928fdb_chunk_0,doc_10799_d5928fdb
11197,11197,doc_10800_8af4e6fe_chunk_0,doc_10800_8af4e6fe
11198,11198,doc_10800_8af4e6fe_chunk_1,doc_10800_8af4e6fe
11199,11199,doc_10801_17c92758_chunk_0,doc_10801_17c92758
11200,11200,doc_10802_3f65a7f3_chunk_0,doc_10802_3f65a7f3
11201,11201,doc_10802_3f65a7f3_chunk_1,doc_10802_3f65a7f3
11202,11202,doc_10803_ebc6c545_chunk_0,doc_10803_ebc6c545
11203,11203,doc_10804_1255321c_chunk_0,doc_10804_1255321c
11204,11204,doc_10805_a022f45a_chunk_0,doc_10805_a022f45a
11205,11205,doc_10806_fa43959e_chunk_0,doc_10806_fa43959e
11206,11206,doc_10807_18610c0a_chunk_0,doc_10807_18610c0a
11207,11207,doc_10808_6cd66359_chunk_0,doc_10808_6cd66359
11208,11208,doc_10809_fbb405ca_chunk_0,doc_10809_fbb405ca
11209,11209,doc_10810_cf967b2c_chunk_0,doc_10810_cf967b2c
11210,11210,doc_10811_436ef53f_chunk_0,doc_10811_436ef53f
11211,11211,doc_10812_616e4fd7_chunk_0,doc_10812_616e4fd7
11212,11212,doc_10813_c53c5370_chunk_0,doc_10813_c53c5370
11213,11213,doc_10814_edef3c81_chunk_0,doc_10814_edef3c81
11214,11214,doc_10815_8e9cb617_chunk_0,doc_10815_8e9cb617
11215,11215,doc_10816_9ce6bd92_chunk_0,doc_10816_9ce6bd92
11216,11216,doc_10817_94b29313_chunk_0,doc_10817_94b29313
11217,11217,doc_10818_5e116013_chunk_0,doc_10818_5e116013
11218,11218,doc_10819_9a46b258_chunk_0,doc_10819_9a46b258
11219,11219,doc_10820_bbbf105f_chunk_0,doc_10820_bbbf105f
11220,11220,doc_10821_f5aae9c4_chunk_0,doc_10821_f5aae9c4
11221,11221,doc_10822_4488084f_chunk_0,doc_10822_4488084f
11222,11222,doc_10823_cc6f3c7d_chunk_0,doc_10823_cc6f3c7d
11223,11223,doc_10824_983aae4e_chunk_0,doc_10824_983aae4e
11224,11224,doc_10825_ce1f8931_chunk_0,doc_10825_ce1f8931
11225,11225,doc_10826_ca519ce6_chunk_0,doc_10826_ca519ce6
11226,11226,doc_10827_9748d889_chunk_0,doc_10827_9748d889
11227,11227,doc_10828_4220313c_chunk_0,doc_10828_4220313c
11228,11228,doc_10829_f88fe547_chunk_0,doc_10829_f88fe547
11229,11229,doc_10830_98a87b47_chunk_0,doc_10830_98a87b47
11230,11230,doc_10831_84126966_chunk_0,doc_10831_84126966
11231,11231,doc_10832_7fed5d97_chunk_0,doc_10832_7fed5d97
11232,11232,doc_10833_2cf83f2b_chunk_0,doc_10833_2cf83f2b
11233,11233,doc_10834_c1ddd62a_chunk_0,doc_10834_c1ddd62a
11234,11234,doc_10835_88e987ec_chunk_0,doc_10835_88e987ec
11235,11235,doc_10836_50423d9f_chunk_0,doc_10836_50423d9f
11236,11236,doc_10837_b3d73abe_chunk_0,doc_10837_b3d73abe
11237,11237,doc_10838_b469a353_chunk_0,doc_10838_b469a353
11238,11238,doc_10839_99738e38_chunk_0,doc_10839_99738e38
11239,11239,doc_10840_91aa827b_chunk_0,doc_10840_91aa827b
11240,11240,doc_10841_000ea7c1_chunk_0,doc_10841_000ea7c1
11241,11241,doc_10842_15d37476_chunk_0,doc_10842_15d37476
11242,11242,doc_10843_fb06f034_chunk_0,doc_10843_fb06f034
11243,11243,doc_10844_45b93949_chunk_0,doc_10844_45b93949
11244,11244,doc_10845_e4646506_chunk_0,doc_10845_e4646506
11245,11245,doc_10846_38782b91_chunk_0,doc_10846_38782b91
11246,11246,doc_10847_49cb695d_chunk_0,doc_10847_49cb695d
11247,11247,doc_10848_ac850971_chunk_0,doc_10848_ac850971
11248,11248,doc_10849_3ffa3e83_chunk_0,doc_10849_3ffa3e83
11249,11249,doc_10849_3ffa3e83_chunk_1,doc_10849_3ffa3e83
11250,11250,doc_10850_9dcc49f3_chunk_0,doc_10850_9dcc49f3
11251,11251,doc_10851_b55e73d7_chunk_0,doc_10851_b55e73d7
11252,11252,doc_10852_9d435465_chunk_0,doc_10852_9d435465
11253,11253,doc_10853_b458935d_chunk_0,doc_10853_b458935d
11254,11254,doc_10854_05e4634d_chunk_0,doc_10854_05e4634d
11255,11255,doc_10855_0fa7e82d_chunk_0,doc_10855_0fa7e82d
11256,11256,doc_10856_a7f66994_chunk_0,doc_10856_a7f66994
11257,11257,doc_10857_3c1d11ec_chunk_0,doc_10857_3c1d11ec
11258,11258,doc_10858_a81fef89_chunk_0,doc_10858_a81fef89
11259,11259,doc_10859_274eb15b_chunk_0,doc_10859_274eb15b
11260,11260,doc_10860_cadc3529_chunk_0,doc_10860_cadc3529
11261,11261,doc_10861_9eaaf5db_chunk_0,doc_10861_9eaaf5db
11262,11262,doc_10862_4774ae0e_chunk_0,doc_10862_4774ae0e
11263,11263,doc_10863_89a11f73_chunk_0,doc_10863_89a11f73
11264,11264,doc_10864_7ebeea1c_chunk_0,doc_10864_7ebeea1c
11265,11265,doc_10865_1b0d86c6_chunk_0,doc_10865_1b0d86c6
11266,11266,doc_10866_8df71136_chunk_0,doc_10866_8df71136
11267,11267,doc_10867_a2d92e9e_chunk_0,doc_10867_a2d92e9e
11268,11268,doc_10868_7c05afad_chunk_0,doc_10868_7c05afad
11269,11269,doc_10869_effc4c65_chunk_0,doc_10869_effc4c65
11270,11270,doc_10870_35f6decf_chunk_0,doc_10870_35f6decf
11271,11271,doc_10871_04a1d04b_chunk_0,doc_10871_04a1d04b
11272,11272,doc_10872_30a3015d_chunk_0,doc_10872_30a3015d
11273,11273,doc_10873_2ad3d8ec_chunk_0,doc_10873_2ad3d8ec
11274,11274,doc_10874_7b5e33f6_chunk_0,doc_10874_7b5e33f6
11275,11275,doc_10875_248c15df_chunk_0,doc_10875_248c15df
11276,11276,doc_10876_f7a856d3_chunk_0,doc_10876_f7a856d3
11277,11277,doc_10877_9337a51c_chunk_0,doc_10877_9337a51c
11278,11278,doc_10878_1034dcc4_chunk_0,doc_10878_1034dcc4
11279,11279,doc_10879_77310725_chunk_0,doc_10879_77310725
11280,11280,doc_10880_8fd909c7_chunk_0,doc_10880_8fd909c7
11281,11281,doc_10881_2a81e51b_chunk_0,doc_10881_2a81e51b
11282,11282,doc_10882_0963018e_chunk_0,doc_10882_0963018e
11283,11283,doc_10883_503d48bb_chunk_0,doc_10883_503d48bb
11284,11284,doc_10884_488b57be_chunk_0,doc_10884_488b57be
11285,11285,doc_10885_5c01ef3f_chunk_0,doc_10885_5c01ef3f
11286,11286,doc_10886_6709d221_chunk_0,doc_10886_6709d221
11287,11287,doc_10887_085439c9_chunk_0,doc_10887_085439c9
11288,11288,doc_10888_fa4aaf39_chunk_0,doc_10888_fa4aaf39
11289,11289,doc_10889_d2613e3b_chunk_0,doc_10889_d2613e3b
11290,11290,doc_10890_b930d571_chunk_0,doc_10890_b930d571
11291,11291,doc_10891_7389c0dc_chunk_0,doc_10891_7389c0dc
11292,11292,doc_10892_be634534_chunk_0,doc_10892_be634534
11293,11293,doc_10893_ae4582ed_chunk_0,doc_10893_ae4582ed
11294,11294,doc_10893_ae4582ed_chunk_1,doc_10893_ae4582ed
11295,11295,doc_10894_eaacdbf9_chunk_0,doc_10894_eaacdbf9
11296,11296,doc_10895_62af5cc9_chunk_0,doc_10895_62af5cc9
11297,11297,doc_10896_376b8fcd_chunk_0,doc_10896_376b8fcd
11298,11298,doc_10897_463dc217_chunk_0,doc_10897_463dc217
11299,11299,doc_10898_15758772_chunk_0,doc_10898_15758772
11300,11300,doc_10899_fcd742ff_chunk_0,doc_10899_fcd742ff
11301,11301,doc_10900_f0f27f7b_chunk_0,doc_10900_f0f27f7b
11302,11302,doc_10901_bfd12c21_chunk_0,doc_10901_bfd12c21
11303,11303,doc_10902_5f7bf69f_chunk_0,doc_10902_5f7bf69f
11304,11304,doc_10903_2a154472_chunk_0,doc_10903_2a154472
11305,11305,doc_10904_b68b5df9_chunk_0,doc_10904_b68b5df9
11306,11306,doc_10905_2fe8812c_chunk_0,doc_10905_2fe8812c
11307,11307,doc_10906_587abf2d_chunk_0,doc_10906_587abf2d
11308,11308,doc_10907_5fdea04e_chunk_0,doc_10907_5fdea04e
11309,11309,doc_10908_196ae8d7_chunk_0,doc_10908_196ae8d7
11310,11310,doc_10909_c36eae08_chunk_0,doc_10909_c36eae08
11311,11311,doc_10910_d681c225_chunk_0,doc_10910_d681c225
11312,11312,doc_10911_959e74c5_chunk_0,doc_10911_959e74c5
11313,11313,doc_10912_300bdd4b_chunk_0,doc_10912_300bdd4b
11314,11314,doc_10913_c235ea02_chunk_0,doc_10913_c235ea02
11315,11315,doc_10914_7dbfc59e_chunk_0,doc_10914_7dbfc59e
11316,11316,doc_10915_d2e9b606_chunk_0,doc_10915_d2e9b606
11317,11317,doc_10916_199875a0_chunk_0,doc_10916_199875a0
11318,11318,doc_10917_2516bd27_chunk_0,doc_10917_2516bd27
11319,11319,doc_10918_a54c2740_chunk_0,doc_10918_a54c2740
11320,11320,doc_10919_2131ef8a_chunk_0,doc_10919_2131ef8a
11321,11321,doc_10920_9670a75b_chunk_0,doc_10920_9670a75b
11322,11322,doc_10921_f39b9e7d_chunk_0,doc_10921_f39b9e7d
11323,11323,doc_10922_25bc51f8_chunk_0,doc_10922_25bc51f8
11324,11324,doc_10923_0912cba1_chunk_0,doc_10923_0912cba1
11325,11325,doc_10924_001088c8_chunk_0,doc_10924_001088c8
11326,11326,doc_10925_9997e7a2_chunk_0,doc_10925_9997e7a2
11327,11327,doc_10926_9d192076_chunk_0,doc_10926_9d192076
11328,11328,doc_10927_517056c5_chunk_0,doc_10927_517056c5
11329,11329,doc_10928_bc917694_chunk_0,doc_10928_bc917694
11330,11330,doc_10929_ec29b71d_chunk_0,doc_10929_ec29b71d
11331,11331,doc_10930_85ab38e5_chunk_0,doc_10930_85ab38e5
11332,11332,doc_10931_4ca3dde2_chunk_0,doc_10931_4ca3dde2
11333,11333,doc_10932_dc1f5bd7_chunk_0,doc_10932_dc1f5bd7
11334,11334,doc_10933_5cb8d81c_chunk_0,doc_10933_5cb8d81c
11335,11335,doc_10934_19cde10e_chunk_0,doc_10934_19cde10e
11336,11336,doc_10935_436cf0ba_chunk_0,doc_10935_436cf0ba
11337,11337,doc_10936_c575f1c2_chunk_0,doc_10936_c575f1c2
11338,11338,doc_10937_8814c015_chunk_0,doc_10937_8814c015
11339,11339,doc_10938_537e98e3_chunk_0,doc_10938_537e98e3
11340,11340,doc_10939_c58b602b_chunk_0,doc_10939_c58b602b
11341,11341,doc_10940_17a96ad5_chunk_0,doc_10940_17a96ad5
11342,11342,doc_10941_dab3c642_chunk_0,doc_10941_dab3c642
11343,11343,doc_10942_79d3135f_chunk_0,doc_10942_79d3135f
11344,11344,doc_10943_ab1b8a9f_chunk_0,doc_10943_ab1b8a9f
11345,11345,doc_10944_2e027e82_chunk_0,doc_10944_2e027e82
11346,11346,doc_10945_e4e10572_chunk_0,doc_10945_e4e10572
11347,11347,doc_10946_95e10462_chunk_0,doc_10946_95e10462
11348,11348,doc_10947_f5557e46_chunk_0,doc_10947_f5557e46
11349,11349,doc_10948_53c10ff6_chunk_0,doc_10948_53c10ff6
11350,11350,doc_10949_0eb3bd89_chunk_0,doc_10949_0eb3bd89
11351,11351,doc_10950_d2829f10_chunk_0,doc_10950_d2829f10
11352,11352,doc_10951_7b914013_chunk_0,doc_10951_7b914013
11353,11353,doc_10952_47b49fda_chunk_0,doc_10952_47b49fda
11354,11354,doc_10953_8ced7fcf_chunk_0,doc_10953_8ced7fcf
11355,11355,doc_10954_dd9118a6_chunk_0,doc_10954_dd9118a6
11356,11356,doc_10955_53900947_chunk_0,doc_10955_53900947
11357,11357,doc_10956_18f3f600_chunk_0,doc_10956_18f3f600
11358,11358,doc_10957_56cf8515_chunk_0,doc_10957_56cf8515
11359,11359,doc_10958_337bd3e2_chunk_0,doc_10958_337bd3e2
11360,11360,doc_10959_a7775fd6_chunk_0,doc_10959_a7775fd6
11361,11361,doc_10960_c35df2b3_chunk_0,doc_10960_c35df2b3
11362,11362,doc_10961_0df2e157_chunk_0,doc_10961_0df2e157
11363,11363,doc_10962_b53996fa_chunk_0,doc_10962_b53996fa
11364,11364,doc_10963_bb37bb4b_chunk_0,doc_10963_bb37bb4b
11365,11365,doc_10964_a5d3cdec_chunk_0,doc_10964_a5d3cdec
11366,11366,doc_10965_601292bf_chunk_0,doc_10965_601292bf
11367,11367,doc_10966_774d6f9e_chunk_0,doc_10966_774d6f9e
11368,11368,doc_10967_78d7d43f_chunk_0,doc_10967_78d7d43f
11369,11369,doc_10968_253d12a3_chunk_0,doc_10968_253d12a3
11370,11370,doc_10969_b27b5b17_chunk_0,doc_10969_b27b5b17
11371,11371,doc_10970_6f69e056_chunk_0,doc_10970_6f69e056
11372,11372,doc_10971_e0f8f957_chunk_0,doc_10971_e0f8f957
11373,11373,doc_10972_15f4be95_chunk_0,doc_10972_15f4be95
11374,11374,doc_10973_77ff6652_chunk_0,doc_10973_77ff6652
11375,11375,doc_10974_1f00ce52_chunk_0,doc_10974_1f00ce52
11376,11376,doc_10975_6fbdfa1f_chunk_0,doc_10975_6fbdfa1f
11377,11377,doc_10976_35c79d2f_chunk_0,doc_10976_35c79d2f
11378,11378,doc_10977_2ef0977f_chunk_0,doc_10977_2ef0977f
11379,11379,doc_10978_4075ef1c_chunk_0,doc_10978_4075ef1c
11380,11380,doc_10979_1d9365bb_chunk_0,doc_10979_1d9365bb
11381,11381,doc_10980_a1c28214_chunk_0,doc_10980_a1c28214
11382,11382,doc_10981_99b3cee0_chunk_0,doc_10981_99b3cee0
11383,11383,doc_10982_b30c098c_chunk_0,doc_10982_b30c098c
11384,11384,doc_10983_11716982_chunk_0,doc_10983_11716982
11385,11385,doc_10984_eec2ce52_chunk_0,doc_10984_eec2ce52
11386,11386,doc_10985_555d1cb0_chunk_0,doc_10985_555d1cb0
11387,11387,doc_10986_768cdd52_chunk_0,doc_10986_768cdd52
11388,11388,doc_10987_f1f2d56f_chunk_0,doc_10987_f1f2d56f
11389,11389,doc_10988_ac7f8adc_chunk_0,doc_10988_ac7f8adc
11390,11390,doc_10989_f3ec8df3_chunk_0,doc_10989_f3ec8df3
11391,11391,doc_10990_d96e84c6_chunk_0,doc_10990_d96e84c6
11392,11392,doc_10991_d616f2ad_chunk_0,doc_10991_d616f2ad
11393,11393,doc_10992_42849450_chunk_0,doc_10992_42849450
11394,11394,doc_10993_207e5afc_chunk_0,doc_10993_207e5afc
11395,11395,doc_10994_5a6d2826_chunk_0,doc_10994_5a6d2826
11396,11396,doc_10995_3eb11a8e_chunk_0,doc_10995_3eb11a8e
11397,11397,doc_10996_1a29a637_chunk_0,doc_10996_1a29a637
11398,11398,doc_10997_dedad152_chunk_0,doc_10997_dedad152
11399,11399,doc_10998_5de107eb_chunk_0,doc_10998_5de107eb
11400,11400,doc_10999_9a6a65ac_chunk_0,doc_10999_9a6a65ac
11401,11401,doc_11000_de4f6b39_chunk_0,doc_11000_de4f6b39
11402,11402,doc_11001_6e326c92_chunk_0,doc_11001_6e326c92
11403,11403,doc_11002_bc2b39c3_chunk_0,doc_11002_bc2b39c3
11404,11404,doc_11003_c19356b0_chunk_0,doc_11003_c19356b0
11405,11405,doc_11004_139bf7d2_chunk_0,doc_11004_139bf7d2
11406,11406,doc_11005_dd6e92cc_chunk_0,doc_11005_dd6e92cc
11407,11407,doc_11005_dd6e92cc_chunk_1,doc_11005_dd6e92cc
11408,11408,doc_11006_b6a593d3_chunk_0,doc_11006_b6a593d3
11409,11409,doc_11007_fdd9786b_chunk_0,doc_11007_fdd9786b
11410,11410,doc_11008_4fddc936_chunk_0,doc_11008_4fddc936
11411,11411,doc_11009_93d75f69_chunk_0,doc_11009_93d75f69
11412,11412,doc_11010_2c25d30c_chunk_0,doc_11010_2c25d30c
11413,11413,doc_11011_9d5768d5_chunk_0,doc_11011_9d5768d5
11414,11414,doc_11012_2b85557c_chunk_0,doc_11012_2b85557c
11415,11415,doc_11013_fcbf570d_chunk_0,doc_11013_fcbf570d
11416,11416,doc_11014_8b921066_chunk_0,doc_11014_8b921066
11417,11417,doc_11015_b910493d_chunk_0,doc_11015_b910493d
11418,11418,doc_11016_67b9a44c_chunk_0,doc_11016_67b9a44c
11419,11419,doc_11017_fbb00a1e_chunk_0,doc_11017_fbb00a1e
11420,11420,doc_11018_d0823a06_chunk_0,doc_11018_d0823a06
11421,11421,doc_11019_cd503693_chunk_0,doc_11019_cd503693
11422,11422,doc_11020_1acfca99_chunk_0,doc_11020_1acfca99
11423,11423,doc_11021_b1fd6eed_chunk_0,doc_11021_b1fd6eed
11424,11424,doc_11022_038175a2_chunk_0,doc_11022_038175a2
11425,11425,doc_11023_4ebf0abb_chunk_0,doc_11023_4ebf0abb
11426,11426,doc_11024_b8040ac5_chunk_0,doc_11024_b8040ac5
11427,11427,doc_11025_00cb39fb_chunk_0,doc_11025_00cb39fb
11428,11428,doc_11026_348a2f30_chunk_0,doc_11026_348a2f30
11429,11429,doc_11027_a68df34c_chunk_0,doc_11027_a68df34c
11430,11430,doc_11028_429911c0_chunk_0,doc_11028_429911c0
11431,11431,doc_11029_1039aca9_chunk_0,doc_11029_1039aca9
11432,11432,doc_11030_d49cc078_chunk_0,doc_11030_d49cc078
11433,11433,doc_11031_9b5bb10b_chunk_0,doc_11031_9b5bb10b
11434,11434,doc_11032_190fc0bf_chunk_0,doc_11032_190fc0bf
11435,11435,doc_11033_fc0de4b9_chunk_0,doc_11033_fc0de4b9
11436,11436,doc_11034_d0eb71c3_chunk_0,doc_11034_d0eb71c3
11437,11437,doc_11035_4d06603c_chunk_0,doc_11035_4d06603c
11438,11438,doc_11036_976ea557_chunk_0,doc_11036_976ea557
11439,11439,doc_11037_29db6a96_chunk_0,doc_11037_29db6a96
11440,11440,doc_11038_df314f63_chunk_0,doc_11038_df314f63
11441,11441,doc_11039_bd074d95_chunk_0,doc_11039_bd074d95
11442,11442,doc_11040_62ecbbe8_chunk_0,doc_11040_62ecbbe8
11443,11443,doc_11041_7f42c732_chunk_0,doc_11041_7f42c732
11444,11444,doc_11042_d4656db4_chunk_0,doc_11042_d4656db4
11445,11445,doc_11043_092b5fd5_chunk_0,doc_11043_092b5fd5
11446,11446,doc_11044_09100c65_chunk_0,doc_11044_09100c65
11447,11447,doc_11045_1cab628e_chunk_0,doc_11045_1cab628e
11448,11448,doc_11046_69a087ef_chunk_0,doc_11046_69a087ef
11449,11449,doc_11047_ccf540ff_chunk_0,doc_11047_ccf540ff
11450,11450,doc_11047_ccf540ff_chunk_1,doc_11047_ccf540ff
11451,11451,doc_11048_25bb2106_chunk_0,doc_11048_25bb2106
11452,11452,doc_11049_8fd8d2d3_chunk_0,doc_11049_8fd8d2d3
11453,11453,doc_11050_57eee09c_chunk_0,doc_11050_57eee09c
11454,11454,doc_11051_d935ac0e_chunk_0,doc_11051_d935ac0e
11455,11455,doc_11052_6e486ec1_chunk_0,doc_11052_6e486ec1
11456,11456,doc_11052_6e486ec1_chunk_1,doc_11052_6e486ec1
11457,11457,doc_11053_026237f0_chunk_0,doc_11053_026237f0
11458,11458,doc_11054_5aa7bd5f_chunk_0,doc_11054_5aa7bd5f
11459,11459,doc_11055_037b5ff5_chunk_0,doc_11055_037b5ff5
11460,11460,doc_11056_d99c8d7c_chunk_0,doc_11056_d99c8d7c
11461,11461,doc_11057_89e05a57_chunk_0,doc_11057_89e05a57
11462,11462,doc_11058_0ca6310c_chunk_0,doc_11058_0ca6310c
11463,11463,doc_11059_6a5e17cf_chunk_0,doc_11059_6a5e17cf
11464,11464,doc_11060_a1d85fba_chunk_0,doc_11060_a1d85fba
11465,11465,doc_11061_f657d7f9_chunk_0,doc_11061_f657d7f9
11466,11466,doc_11062_45ce257f_chunk_0,doc_11062_45ce257f
11467,11467,doc_11063_4f167b4d_chunk_0,doc_11063_4f167b4d
11468,11468,doc_11064_5a6364b3_chunk_0,doc_11064_5a6364b3
11469,11469,doc_11065_e7ad2008_chunk_0,doc_11065_e7ad2008
11470,11470,doc_11066_a4ca3927_chunk_0,doc_11066_a4ca3927
11471,11471,doc_11067_c226ed30_chunk_0,doc_11067_c226ed30
11472,11472,doc_11068_02a962fd_chunk_0,doc_11068_02a962fd
11473,11473,doc_11069_74a23aab_chunk_0,doc_11069_74a23aab
11474,11474,doc_11070_1090f019_chunk_0,doc_11070_1090f019
11475,11475,doc_11071_deef85ff_chunk_0,doc_11071_deef85ff
11476,11476,doc_11072_c3431931_chunk_0,doc_11072_c3431931
11477,11477,doc_11073_37796bba_chunk_0,doc_11073_37796bba
11478,11478,doc_11074_a86310c8_chunk_0,doc_11074_a86310c8
11479,11479,doc_11075_144ffff3_chunk_0,doc_11075_144ffff3
11480,11480,doc_11076_c4ef374e_chunk_0,doc_11076_c4ef374e
11481,11481,doc_11077_67033403_chunk_0,doc_11077_67033403
11482,11482,doc_11078_025760b7_chunk_0,doc_11078_025760b7
11483,11483,doc_11079_caef1bc7_chunk_0,doc_11079_caef1bc7
11484,11484,doc_11080_986d8559_chunk_0,doc_11080_986d8559
11485,11485,doc_11081_9be90dfc_chunk_0,doc_11081_9be90dfc
11486,11486,doc_11082_a758a995_chunk_0,doc_11082_a758a995
11487,11487,doc_11083_2773cb62_chunk_0,doc_11083_2773cb62
11488,11488,doc_11084_1f831c94_chunk_0,doc_11084_1f831c94
11489,11489,doc_11085_c5b786a3_chunk_0,doc_11085_c5b786a3
11490,11490,doc_11086_c4e5c913_chunk_0,doc_11086_c4e5c913
11491,11491,doc_11087_20e5346d_chunk_0,doc_11087_20e5346d
11492,11492,doc_11088_115b842b_chunk_0,doc_11088_115b842b
11493,11493,doc_11089_137d3145_chunk_0,doc_11089_137d3145
11494,11494,doc_11090_553345ec_chunk_0,doc_11090_553345ec
11495,11495,doc_11091_cbeca648_chunk_0,doc_11091_cbeca648
11496,11496,doc_11092_11fa7ce7_chunk_0,doc_11092_11fa7ce7
11497,11497,doc_11093_2ba2f917_chunk_0,doc_11093_2ba2f917
11498,11498,doc_11094_d233d7ef_chunk_0,doc_11094_d233d7ef
11499,11499,doc_11095_26975c3c_chunk_0,doc_11095_26975c3c
11500,11500,doc_11096_97039e0e_chunk_0,doc_11096_97039e0e
11501,11501,doc_11097_8cdc339b_chunk_0,doc_11097_8cdc339b
11502,11502,doc_11098_f4e26e98_chunk_0,doc_11098_f4e26e98
11503,11503,doc_11099_8cd38fac_chunk_0,doc_11099_8cd38fac
11504,11504,doc_11100_1f93824a_chunk_0,doc_11100_1f93824a
11505,11505,doc_11101_b45cc719_chunk_0,doc_11101_b45cc719
11506,11506,doc_11102_5efd0e83_chunk_0,doc_11102_5efd0e83
11507,11507,doc_11103_48add45e_chunk_0,doc_11103_48add45e
11508,11508,doc_11104_5a9a80d2_chunk_0,doc_11104_5a9a80d2
11509,11509,doc_11105_28c91315_chunk_0,doc_11105_28c91315
11510,11510,doc_11106_197181a6_chunk_0,doc_11106_197181a6
11511,11511,doc_11107_09ce0365_chunk_0,doc_11107_09ce0365
11512,11512,doc_11108_9003fed5_chunk_0,doc_11108_9003fed5
11513,11513,doc_11109_cc341a88_chunk_0,doc_11109_cc341a88
11514,11514,doc_11110_600069f0_chunk_0,doc_11110_600069f0
11515,11515,doc_11111_8193647b_chunk_0,doc_11111_8193647b
11516,11516,doc_11112_c34a37d9_chunk_0,doc_11112_c34a37d9
11517,11517,doc_11113_d15d4b8e_chunk_0,doc_11113_d15d4b8e
11518,11518,doc_11114_cd31cb4a_chunk_0,doc_11114_cd31cb4a
11519,11519,doc_11115_64694b6c_chunk_0,doc_11115_64694b6c
11520,11520,doc_11116_fbf66094_chunk_0,doc_11116_fbf66094
11521,11521,doc_11117_19387a1f_chunk_0,doc_11117_19387a1f
11522,11522,doc_11118_5b3d1530_chunk_0,doc_11118_5b3d1530
11523,11523,doc_11119_f4c9b61c_chunk_0,doc_11119_f4c9b61c
11524,11524,doc_11120_134fd627_chunk_0,doc_11120_134fd627
11525,11525,doc_11121_1ed60bfd_chunk_0,doc_11121_1ed60bfd
11526,11526,doc_11122_d2ad56f8_chunk_0,doc_11122_d2ad56f8
11527,11527,doc_11123_823cb7bc_chunk_0,doc_11123_823cb7bc
11528,11528,doc_11124_45b52f47_chunk_0,doc_11124_45b52f47
11529,11529,doc_11125_5e795182_chunk_0,doc_11125_5e795182
11530,11530,doc_11126_668d0709_chunk_0,doc_11126_668d0709
11531,11531,doc_11127_5ca0dd32_chunk_0,doc_11127_5ca0dd32
11532,11532,doc_11128_a11a5527_chunk_0,doc_11128_a11a5527
11533,11533,doc_11129_eef57b64_chunk_0,doc_11129_eef57b64
11534,11534,doc_11130_aec61371_chunk_0,doc_11130_aec61371
11535,11535,doc_11131_5d46f921_chunk_0,doc_11131_5d46f921
11536,11536,doc_11132_d8bd72a8_chunk_0,doc_11132_d8bd72a8
11537,11537,doc_11133_bf245770_chunk_0,doc_11133_bf245770
11538,11538,doc_11134_7d2b2283_chunk_0,doc_11134_7d2b2283
11539,11539,doc_11135_fb9e0d37_chunk_0,doc_11135_fb9e0d37
11540,11540,doc_11135_fb9e0d37_chunk_1,doc_11135_fb9e0d37
11541,11541,doc_11136_ee82527d_chunk_0,doc_11136_ee82527d
11542,11542,doc_11137_04659ece_chunk_0,doc_11137_04659ece
11543,11543,doc_11138_18a27f4a_chunk_0,doc_11138_18a27f4a
11544,11544,doc_11139_5aa8a2b7_chunk_0,doc_11139_5aa8a2b7
11545,11545,doc_11140_b439cd79_chunk_0,doc_11140_b439cd79
11546,11546,doc_11141_1fc39d20_chunk_0,doc_11141_1fc39d20
11547,11547,doc_11142_9e4a5aa8_chunk_0,doc_11142_9e4a5aa8
11548,11548,doc_11143_a081b718_chunk_0,doc_11143_a081b718
11549,11549,doc_11143_a081b718_chunk_1,doc_11143_a081b718
11550,11550,doc_11144_234c88f1_chunk_0,doc_11144_234c88f1
11551,11551,doc_11144_234c88f1_chunk_1,doc_11144_234c88f1
11552,11552,doc_11145_4d7313ad_chunk_0,doc_11145_4d7313ad
11553,11553,doc_11146_4a3d8587_chunk_0,doc_11146_4a3d8587
11554,11554,doc_11147_d585ed02_chunk_0,doc_11147_d585ed02
11555,11555,doc_11148_34e91451_chunk_0,doc_11148_34e91451
11556,11556,doc_11149_de0268ed_chunk_0,doc_11149_de0268ed
11557,11557,doc_11150_697386e7_chunk_0,doc_11150_697386e7
11558,11558,doc_11151_0f21e41f_chunk_0,doc_11151_0f21e41f
11559,11559,doc_11152_bd98031d_chunk_0,doc_11152_bd98031d
11560,11560,doc_11153_fa4bdf57_chunk_0,doc_11153_fa4bdf57
11561,11561,doc_11154_642120a6_chunk_0,doc_11154_642120a6
11562,11562,doc_11155_124f2876_chunk_0,doc_11155_124f2876
11563,11563,doc_11156_b539478e_chunk_0,doc_11156_b539478e
11564,11564,doc_11157_e878d9db_chunk_0,doc_11157_e878d9db
11565,11565,doc_11158_6dcf6e6f_chunk_0,doc_11158_6dcf6e6f
11566,11566,doc_11159_a501b42e_chunk_0,doc_11159_a501b42e
11567,11567,doc_11160_e09da25e_chunk_0,doc_11160_e09da25e
11568,11568,doc_11161_cd1df4e2_chunk_0,doc_11161_cd1df4e2
11569,11569,doc_11162_b7a45da4_chunk_0,doc_11162_b7a45da4
11570,11570,doc_11163_48f76765_chunk_0,doc_11163_48f76765
11571,11571,doc_11164_dd63e80a_chunk_0,doc_11164_dd63e80a
11572,11572,doc_11165_b0f09e99_chunk_0,doc_11165_b0f09e99
11573,11573,doc_11166_7f682766_chunk_0,doc_11166_7f682766
11574,11574,doc_11167_e91ed241_chunk_0,doc_11167_e91ed241
11575,11575,doc_11168_570eb329_chunk_0,doc_11168_570eb329
11576,11576,doc_11169_0559e55e_chunk_0,doc_11169_0559e55e
11577,11577,doc_11170_883f2401_chunk_0,doc_11170_883f2401
11578,11578,doc_11171_560795db_chunk_0,doc_11171_560795db
11579,11579,doc_11172_95c8cef5_chunk_0,doc_11172_95c8cef5
11580,11580,doc_11173_62df4fbf_chunk_0,doc_11173_62df4fbf
11581,11581,doc_11174_d97343fb_chunk_0,doc_11174_d97343fb
11582,11582,doc_11175_433b04a1_chunk_0,doc_11175_433b04a1
11583,11583,doc_11176_3a9af63c_chunk_0,doc_11176_3a9af63c
11584,11584,doc_11177_b3ea98d3_chunk_0,doc_11177_b3ea98d3
11585,11585,doc_11178_3c6c7c2c_chunk_0,doc_11178_3c6c7c2c
11586,11586,doc_11179_9d947b47_chunk_0,doc_11179_9d947b47
11587,11587,doc_11180_4de13591_chunk_0,doc_11180_4de13591
11588,11588,doc_11181_0f53885c_chunk_0,doc_11181_0f53885c
11589,11589,doc_11182_e3e742ac_chunk_0,doc_11182_e3e742ac
11590,11590,doc_11183_37359910_chunk_0,doc_11183_37359910
11591,11591,doc_11184_44c43f03_chunk_0,doc_11184_44c43f03
11592,11592,doc_11185_45840e87_chunk_0,doc_11185_45840e87
11593,11593,doc_11186_39b8ac93_chunk_0,doc_11186_39b8ac93
11594,11594,doc_11187_7d1a31ff_chunk_0,doc_11187_7d1a31ff
11595,11595,doc_11188_24bcf3f3_chunk_0,doc_11188_24bcf3f3
11596,11596,doc_11189_657fcb5e_chunk_0,doc_11189_657fcb5e
11597,11597,doc_11190_59b7db20_chunk_0,doc_11190_59b7db20
11598,11598,doc_11191_c1d0b06f_chunk_0,doc_11191_c1d0b06f
11599,11599,doc_11192_da78424f_chunk_0,doc_11192_da78424f
11600,11600,doc_11193_51b3d0da_chunk_0,doc_11193_51b3d0da
11601,11601,doc_11194_61ba8bd7_chunk_0,doc_11194_61ba8bd7
11602,11602,doc_11195_41a7ecc6_chunk_0,doc_11195_41a7ecc6
11603,11603,doc_11196_de73194f_chunk_0,doc_11196_de73194f
11604,11604,doc_11197_d6d7397d_chunk_0,doc_11197_d6d7397d
11605,11605,doc_11197_d6d7397d_chunk_1,doc_11197_d6d7397d
11606,11606,doc_11198_d9bad485_chunk_0,doc_11198_d9bad485
11607,11607,doc_11198_d9bad485_chunk_1,doc_11198_d9bad485
11608,11608,doc_11199_c4b49894_chunk_0,doc_11199_c4b49894
11609,11609,doc_11200_e1d107c9_chunk_0,doc_11200_e1d107c9
11610,11610,doc_11201_4b51ffe1_chunk_0,doc_11201_4b51ffe1
11611,11611,doc_11202_c3931f29_chunk_0,doc_11202_c3931f29
11612,11612,doc_11202_c3931f29_chunk_1,doc_11202_c3931f29
11613,11613,doc_11203_7a03725b_chunk_0,doc_11203_7a03725b
11614,11614,doc_11204_923ec32b_chunk_0,doc_11204_923ec32b
11615,11615,doc_11205_146a70dc_chunk_0,doc_11205_146a70dc
11616,11616,doc_11206_f00c9579_chunk_0,doc_11206_f00c9579
11617,11617,doc_11206_f00c9579_chunk_1,doc_11206_f00c9579
11618,11618,doc_11207_eda2423a_chunk_0,doc_11207_eda2423a
11619,11619,doc_11207_eda2423a_chunk_1,doc_11207_eda2423a
11620,11620,doc_11208_f0c2efa9_chunk_0,doc_11208_f0c2efa9
11621,11621,doc_11209_aa3c16c2_chunk_0,doc_11209_aa3c16c2
11622,11622,doc_11210_98257a25_chunk_0,doc_11210_98257a25
11623,11623,doc_11211_7f9bd9c5_chunk_0,doc_11211_7f9bd9c5
11624,11624,doc_11212_8db6673f_chunk_0,doc_11212_8db6673f
11625,11625,doc_11213_411c2543_chunk_0,doc_11213_411c2543
11626,11626,doc_11214_99310b9f_chunk_0,doc_11214_99310b9f
11627,11627,doc_11215_c23ebf0d_chunk_0,doc_11215_c23ebf0d
11628,11628,doc_11216_eb83e503_chunk_0,doc_11216_eb83e503
11629,11629,doc_11217_a5f5f473_chunk_0,doc_11217_a5f5f473
11630,11630,doc_11218_9e6c1d87_chunk_0,doc_11218_9e6c1d87
11631,11631,doc_11219_fc70d02b_chunk_0,doc_11219_fc70d02b
11632,11632,doc_11220_1eaa7be8_chunk_0,doc_11220_1eaa7be8
11633,11633,doc_11221_51274a8e_chunk_0,doc_11221_51274a8e
11634,11634,doc_11222_5e5d45c4_chunk_0,doc_11222_5e5d45c4
11635,11635,doc_11223_2d594314_chunk_0,doc_11223_2d594314
11636,11636,doc_11224_9d7a47a8_chunk_0,doc_11224_9d7a47a8
11637,11637,doc_11225_55de5ded_chunk_0,doc_11225_55de5ded
11638,11638,doc_11226_4c60cf2f_chunk_0,doc_11226_4c60cf2f
11639,11639,doc_11227_8946aed0_chunk_0,doc_11227_8946aed0
11640,11640,doc_11228_e51455ce_chunk_0,doc_11228_e51455ce
11641,11641,doc_11229_7d869c27_chunk_0,doc_11229_7d869c27
11642,11642,doc_11230_3e44cec2_chunk_0,doc_11230_3e44cec2
11643,11643,doc_11231_29c7b5a5_chunk_0,doc_11231_29c7b5a5
11644,11644,doc_11232_6655a211_chunk_0,doc_11232_6655a211
11645,11645,doc_11233_32a93249_chunk_0,doc_11233_32a93249
11646,11646,doc_11234_097a9739_chunk_0,doc_11234_097a9739
11647,11647,doc_11235_c21ac903_chunk_0,doc_11235_c21ac903
11648,11648,doc_11236_c03471d5_chunk_0,doc_11236_c03471d5
11649,11649,doc_11237_6da1c5d9_chunk_0,doc_11237_6da1c5d9
11650,11650,doc_11238_a514aa6a_chunk_0,doc_11238_a514aa6a
11651,11651,doc_11239_5ca4d937_chunk_0,doc_11239_5ca4d937
11652,11652,doc_11240_8c9ca532_chunk_0,doc_11240_8c9ca532
11653,11653,doc_11241_a319d72e_chunk_0,doc_11241_a319d72e
11654,11654,doc_11242_2fb570d1_chunk_0,doc_11242_2fb570d1
11655,11655,doc_11243_4051c733_chunk_0,doc_11243_4051c733
11656,11656,doc_11244_024d41ab_chunk_0,doc_11244_024d41ab
11657,11657,doc_11245_b7358e09_chunk_0,doc_11245_b7358e09
11658,11658,doc_11246_10c918ef_chunk_0,doc_11246_10c918ef
11659,11659,doc_11247_318fa26a_chunk_0,doc_11247_318fa26a
11660,11660,doc_11248_370cee5b_chunk_0,doc_11248_370cee5b
11661,11661,doc_11249_cac68dd0_chunk_0,doc_11249_cac68dd0
11662,11662,doc_11250_4549dc90_chunk_0,doc_11250_4549dc90
11663,11663,doc_11251_3787bf91_chunk_0,doc_11251_3787bf91
11664,11664,doc_11252_0a9e7839_chunk_0,doc_11252_0a9e7839
11665,11665,doc_11253_454f1ffb_chunk_0,doc_11253_454f1ffb
11666,11666,doc_11254_cd6b020c_chunk_0,doc_11254_cd6b020c
11667,11667,doc_11255_88476360_chunk_0,doc_11255_88476360
11668,11668,doc_11255_88476360_chunk_1,doc_11255_88476360
11669,11669,doc_11256_fcd587f2_chunk_0,doc_11256_fcd587f2
11670,11670,doc_11256_fcd587f2_chunk_1,doc_11256_fcd587f2
11671,11671,doc_11257_030bbc62_chunk_0,doc_11257_030bbc62
11672,11672,doc_11258_a7aa257f_chunk_0,doc_11258_a7aa257f
11673,11673,doc_11259_45f75523_chunk_0,doc_11259_45f75523
11674,11674,doc_11260_9aec1f98_chunk_0,doc_11260_9aec1f98
11675,11675,doc_11261_8537ed25_chunk_0,doc_11261_8537ed25
11676,11676,doc_11261_8537ed25_chunk_1,doc_11261_8537ed25
11677,11677,doc_11262_389b415f_chunk_0,doc_11262_389b415f
11678,11678,doc_11263_89604ac9_chunk_0,doc_11263_89604ac9
11679,11679,doc_11264_49265ac5_chunk_0,doc_11264_49265ac5
11680,11680,doc_11265_df755756_chunk_0,doc_11265_df755756
11681,11681,doc_11266_ec1ac5e0_chunk_0,doc_11266_ec1ac5e0
11682,11682,doc_11267_69cad5b0_chunk_0,doc_11267_69cad5b0
11683,11683,doc_11268_82a06df1_chunk_0,doc_11268_82a06df1
11684,11684,doc_11269_a9d79c19_chunk_0,doc_11269_a9d79c19
11685,11685,doc_11270_b3a6b3b4_chunk_0,doc_11270_b3a6b3b4
11686,11686,doc_11271_8fff588e_chunk_0,doc_11271_8fff588e
11687,11687,doc_11272_3d90507e_chunk_0,doc_11272_3d90507e
11688,11688,doc_11273_7d7e1500_chunk_0,doc_11273_7d7e1500
11689,11689,doc_11274_c3341c0b_chunk_0,doc_11274_c3341c0b
11690,11690,doc_11275_9d1661e6_chunk_0,doc_11275_9d1661e6
11691,11691,doc_11276_cf825549_chunk_0,doc_11276_cf825549
11692,11692,doc_11277_26177576_chunk_0,doc_11277_26177576
11693,11693,doc_11278_dea797b6_chunk_0,doc_11278_dea797b6
11694,11694,doc_11279_029114d2_chunk_0,doc_11279_029114d2
11695,11695,doc_11280_aafbf514_chunk_0,doc_11280_aafbf514
11696,11696,doc_11281_bf224d1a_chunk_0,doc_11281_bf224d1a
11697,11697,doc_11282_b8d86b32_chunk_0,doc_11282_b8d86b32
11698,11698,doc_11283_a1aee289_chunk_0,doc_11283_a1aee289
11699,11699,doc_11284_c484cab8_chunk_0,doc_11284_c484cab8
11700,11700,doc_11285_668d57ab_chunk_0,doc_11285_668d57ab
11701,11701,doc_11286_60c09216_chunk_0,doc_11286_60c09216
11702,11702,doc_11287_fa4af4a2_chunk_0,doc_11287_fa4af4a2
11703,11703,doc_11288_b05d6c36_chunk_0,doc_11288_b05d6c36
11704,11704,doc_11289_c34407d1_chunk_0,doc_11289_c34407d1
11705,11705,doc_11290_baa7521f_chunk_0,doc_11290_baa7521f
11706,11706,doc_11291_27a46870_chunk_0,doc_11291_27a46870
11707,11707,doc_11292_1bd042e6_chunk_0,doc_11292_1bd042e6
11708,11708,doc_11293_bd2b01c5_chunk_0,doc_11293_bd2b01c5
11709,11709,doc_11294_08b7d217_chunk_0,doc_11294_08b7d217
11710,11710,doc_11295_d2dcdc6b_chunk_0,doc_11295_d2dcdc6b
11711,11711,doc_11296_57266a15_chunk_0,doc_11296_57266a15
11712,11712,doc_11297_1d9b3fb9_chunk_0,doc_11297_1d9b3fb9
11713,11713,doc_11298_8de46239_chunk_0,doc_11298_8de46239
11714,11714,doc_11299_0d4d5bc1_chunk_0,doc_11299_0d4d5bc1
11715,11715,doc_11300_70e7797a_chunk_0,doc_11300_70e7797a
11716,11716,doc_11301_c22f8213_chunk_0,doc_11301_c22f8213
11717,11717,doc_11302_9dbd0c06_chunk_0,doc_11302_9dbd0c06
11718,11718,doc_11302_9dbd0c06_chunk_1,doc_11302_9dbd0c06
11719,11719,doc_11303_1efcb104_chunk_0,doc_11303_1efcb104
11720,11720,doc_11304_179417f1_chunk_0,doc_11304_179417f1
11721,11721,doc_11305_5456629a_chunk_0,doc_11305_5456629a
11722,11722,doc_11306_359c86b0_chunk_0,doc_11306_359c86b0
11723,11723,doc_11307_91eb6f8e_chunk_0,doc_11307_91eb6f8e
11724,11724,doc_11308_ab709c52_chunk_0,doc_11308_ab709c52
11725,11725,doc_11309_923c3826_chunk_0,doc_11309_923c3826
11726,11726,doc_11310_d8853516_chunk_0,doc_11310_d8853516
11727,11727,doc_11311_6cb0be80_chunk_0,doc_11311_6cb0be80
11728,11728,doc_11311_6cb0be80_chunk_1,doc_11311_6cb0be80
11729,11729,doc_11312_cd9b23cd_chunk_0,doc_11312_cd9b23cd
11730,11730,doc_11313_e2d7765d_chunk_0,doc_11313_e2d7765d
11731,11731,doc_11314_ddd18ac2_chunk_0,doc_11314_ddd18ac2
11732,11732,doc_11315_d7a85c2e_chunk_0,doc_11315_d7a85c2e
11733,11733,doc_11316_d608d7d5_chunk_0,doc_11316_d608d7d5
11734,11734,doc_11317_b4f44b3c_chunk_0,doc_11317_b4f44b3c
11735,11735,doc_11318_82e9ae58_chunk_0,doc_11318_82e9ae58
11736,11736,doc_11319_d7c0d1f3_chunk_0,doc_11319_d7c0d1f3
11737,11737,doc_11320_7cf8fda6_chunk_0,doc_11320_7cf8fda6
11738,11738,doc_11321_f5176f8d_chunk_0,doc_11321_f5176f8d
11739,11739,doc_11322_715a5b60_chunk_0,doc_11322_715a5b60
11740,11740,doc_11323_9b536d42_chunk_0,doc_11323_9b536d42
11741,11741,doc_11324_9115b784_chunk_0,doc_11324_9115b784
11742,11742,doc_11325_cc8c4586_chunk_0,doc_11325_cc8c4586
11743,11743,doc_11326_2b1f4dd3_chunk_0,doc_11326_2b1f4dd3
11744,11744,doc_11327_11b5cecc_chunk_0,doc_11327_11b5cecc
11745,11745,doc_11328_65c8eeda_chunk_0,doc_11328_65c8eeda
11746,11746,doc_11329_01bb1254_chunk_0,doc_11329_01bb1254
11747,11747,doc_11330_362b3e38_chunk_0,doc_11330_362b3e38
11748,11748,doc_11331_a1713b42_chunk_0,doc_11331_a1713b42
11749,11749,doc_11331_a1713b42_chunk_1,doc_11331_a1713b42
11750,11750,doc_11332_b88540a8_chunk_0,doc_11332_b88540a8
11751,11751,doc_11333_99cf2e56_chunk_0,doc_11333_99cf2e56
11752,11752,doc_11333_99cf2e56_chunk_1,doc_11333_99cf2e56
11753,11753,doc_11334_9accfa62_chunk_0,doc_11334_9accfa62
11754,11754,doc_11335_e387ba93_chunk_0,doc_11335_e387ba93
11755,11755,doc_11336_8e33f85d_chunk_0,doc_11336_8e33f85d
11756,11756,doc_11337_0a790e50_chunk_0,doc_11337_0a790e50
11757,11757,doc_11337_0a790e50_chunk_1,doc_11337_0a790e50
11758,11758,doc_11338_773357a5_chunk_0,doc_11338_773357a5
11759,11759,doc_11339_7401783f_chunk_0,doc_11339_7401783f
11760,11760,doc_11340_e91d8c68_chunk_0,doc_11340_e91d8c68
11761,11761,doc_11341_7db20c64_chunk_0,doc_11341_7db20c64
11762,11762,doc_11342_a4c359c3_chunk_0,doc_11342_a4c359c3
11763,11763,doc_11343_7140b033_chunk_0,doc_11343_7140b033
11764,11764,doc_11344_bc6a3654_chunk_0,doc_11344_bc6a3654
11765,11765,doc_11345_19372dd4_chunk_0,doc_11345_19372dd4
11766,11766,doc_11346_5150b88f_chunk_0,doc_11346_5150b88f
11767,11767,doc_11347_8b4de390_chunk_0,doc_11347_8b4de390
11768,11768,doc_11348_d9b9a92f_chunk_0,doc_11348_d9b9a92f
11769,11769,doc_11349_b14259bd_chunk_0,doc_11349_b14259bd
11770,11770,doc_11350_7c0d3aa4_chunk_0,doc_11350_7c0d3aa4
11771,11771,doc_11351_a0dfd0dc_chunk_0,doc_11351_a0dfd0dc
11772,11772,doc_11352_34f323cd_chunk_0,doc_11352_34f323cd
11773,11773,doc_11353_f93a0531_chunk_0,doc_11353_f93a0531
11774,11774,doc_11354_ca06f91f_chunk_0,doc_11354_ca06f91f
11775,11775,doc_11355_7246fcc0_chunk_0,doc_11355_7246fcc0
11776,11776,doc_11356_046545f2_chunk_0,doc_11356_046545f2
11777,11777,doc_11357_f6efbb62_chunk_0,doc_11357_f6efbb62
11778,11778,doc_11358_d7662bc4_chunk_0,doc_11358_d7662bc4
11779,11779,doc_11359_d134b261_chunk_0,doc_11359_d134b261
11780,11780,doc_11360_75a93d51_chunk_0,doc_11360_75a93d51
11781,11781,doc_11361_beadc609_chunk_0,doc_11361_beadc609
11782,11782,doc_11362_5a0ad331_chunk_0,doc_11362_5a0ad331
11783,11783,doc_11363_f8082bf8_chunk_0,doc_11363_f8082bf8
11784,11784,doc_11364_aa1ccc44_chunk_0,doc_11364_aa1ccc44
11785,11785,doc_11365_c564d840_chunk_0,doc_11365_c564d840
11786,11786,doc_11366_111451ae_chunk_0,doc_11366_111451ae
11787,11787,doc_11367_c9f4ceb2_chunk_0,doc_11367_c9f4ceb2
11788,11788,doc_11368_35f4874c_chunk_0,doc_11368_35f4874c
11789,11789,doc_11369_e34bf091_chunk_0,doc_11369_e34bf091
11790,11790,doc_11370_77d4f223_chunk_0,doc_11370_77d4f223
11791,11791,doc_11371_58f36222_chunk_0,doc_11371_58f36222
11792,11792,doc_11372_d9ced15b_chunk_0,doc_11372_d9ced15b
11793,11793,doc_11373_76d410ce_chunk_0,doc_11373_76d410ce
11794,11794,doc_11374_447d330f_chunk_0,doc_11374_447d330f
11795,11795,doc_11375_b9f63c21_chunk_0,doc_11375_b9f63c21
11796,11796,doc_11376_f4acafb3_chunk_0,doc_11376_f4acafb3
11797,11797,doc_11377_1f1a39e7_chunk_0,doc_11377_1f1a39e7
11798,11798,doc_11378_bf894974_chunk_0,doc_11378_bf894974
11799,11799,doc_11379_67c72164_chunk_0,doc_11379_67c72164
11800,11800,doc_11380_de79a3c1_chunk_0,doc_11380_de79a3c1
11801,11801,doc_11381_c7b7bb3a_chunk_0,doc_11381_c7b7bb3a
11802,11802,doc_11382_c75c7004_chunk_0,doc_11382_c75c7004
11803,11803,doc_11383_450520bc_chunk_0,doc_11383_450520bc
11804,11804,doc_11384_678df157_chunk_0,doc_11384_678df157
11805,11805,doc_11385_ebb01ddc_chunk_0,doc_11385_ebb01ddc
11806,11806,doc_11386_88b92ff0_chunk_0,doc_11386_88b92ff0
11807,11807,doc_11386_88b92ff0_chunk_1,doc_11386_88b92ff0
11808,11808,doc_11387_ea91993f_chunk_0,doc_11387_ea91993f
11809,11809,doc_11388_5efdb81e_chunk_0,doc_11388_5efdb81e
11810,11810,doc_11389_01ac3385_chunk_0,doc_11389_01ac3385
11811,11811,doc_11390_279889c9_chunk_0,doc_11390_279889c9
11812,11812,doc_11391_8d560512_chunk_0,doc_11391_8d560512
11813,11813,doc_11392_efc1199e_chunk_0,doc_11392_efc1199e
11814,11814,doc_11393_e37eb0a8_chunk_0,doc_11393_e37eb0a8
11815,11815,doc_11394_cdfbeccb_chunk_0,doc_11394_cdfbeccb
11816,11816,doc_11395_fd5b9503_chunk_0,doc_11395_fd5b9503
11817,11817,doc_11396_45a00002_chunk_0,doc_11396_45a00002
11818,11818,doc_11397_1307aa33_chunk_0,doc_11397_1307aa33
11819,11819,doc_11398_51d2a985_chunk_0,doc_11398_51d2a985
11820,11820,doc_11399_b500493e_chunk_0,doc_11399_b500493e
11821,11821,doc_11400_946cc3ec_chunk_0,doc_11400_946cc3ec
11822,11822,doc_11401_b95f9db6_chunk_0,doc_11401_b95f9db6
11823,11823,doc_11402_1f8421cf_chunk_0,doc_11402_1f8421cf
11824,11824,doc_11403_1c55d4e9_chunk_0,doc_11403_1c55d4e9
11825,11825,doc_11404_aa140659_chunk_0,doc_11404_aa140659
11826,11826,doc_11405_a2bd77bc_chunk_0,doc_11405_a2bd77bc
11827,11827,doc_11406_2371aebb_chunk_0,doc_11406_2371aebb
11828,11828,doc_11407_23949373_chunk_0,doc_11407_23949373
11829,11829,doc_11408_a8d3bb4a_chunk_0,doc_11408_a8d3bb4a
11830,11830,doc_11409_e5b8631c_chunk_0,doc_11409_e5b8631c
11831,11831,doc_11410_199ff3ca_chunk_0,doc_11410_199ff3ca
11832,11832,doc_11411_1de2ba37_chunk_0,doc_11411_1de2ba37
11833,11833,doc_11412_8755359a_chunk_0,doc_11412_8755359a
11834,11834,doc_11413_0abb8bfa_chunk_0,doc_11413_0abb8bfa
11835,11835,doc_11414_0c65866b_chunk_0,doc_11414_0c65866b
11836,11836,doc_11415_a537cbe2_chunk_0,doc_11415_a537cbe2
11837,11837,doc_11416_c28213d5_chunk_0,doc_11416_c28213d5
11838,11838,doc_11417_ce051f81_chunk_0,doc_11417_ce051f81
11839,11839,doc_11418_0509e41b_chunk_0,doc_11418_0509e41b
11840,11840,doc_11419_a495f24e_chunk_0,doc_11419_a495f24e
11841,11841,doc_11420_1f1f7493_chunk_0,doc_11420_1f1f7493
11842,11842,doc_11421_f1cc6cb2_chunk_0,doc_11421_f1cc6cb2
11843,11843,doc_11422_8dd96182_chunk_0,doc_11422_8dd96182
11844,11844,doc_11423_2e734c79_chunk_0,doc_11423_2e734c79
11845,11845,doc_11424_249e57c3_chunk_0,doc_11424_249e57c3
11846,11846,doc_11425_ff887592_chunk_0,doc_11425_ff887592
11847,11847,doc_11426_6c532c15_chunk_0,doc_11426_6c532c15
11848,11848,doc_11427_3ea3a390_chunk_0,doc_11427_3ea3a390
11849,11849,doc_11428_80030137_chunk_0,doc_11428_80030137
11850,11850,doc_11429_e6ccb41b_chunk_0,doc_11429_e6ccb41b
11851,11851,doc_11430_f85435b4_chunk_0,doc_11430_f85435b4
11852,11852,doc_11431_649820ec_chunk_0,doc_11431_649820ec
11853,11853,doc_11432_0a8ab991_chunk_0,doc_11432_0a8ab991
11854,11854,doc_11433_95cd9a62_chunk_0,doc_11433_95cd9a62
11855,11855,doc_11434_b6ffeaee_chunk_0,doc_11434_b6ffeaee
11856,11856,doc_11435_ad4061f9_chunk_0,doc_11435_ad4061f9
11857,11857,doc_11436_1181f940_chunk_0,doc_11436_1181f940
11858,11858,doc_11437_f8e4277c_chunk_0,doc_11437_f8e4277c
11859,11859,doc_11438_c9d117fb_chunk_0,doc_11438_c9d117fb
11860,11860,doc_11439_9ae8a750_chunk_0,doc_11439_9ae8a750
11861,11861,doc_11440_5eec4180_chunk_0,doc_11440_5eec4180
11862,11862,doc_11441_6bef3b65_chunk_0,doc_11441_6bef3b65
11863,11863,doc_11442_7353b185_chunk_0,doc_11442_7353b185
11864,11864,doc_11443_3f7f2036_chunk_0,doc_11443_3f7f2036
11865,11865,doc_11444_1bb51ffd_chunk_0,doc_11444_1bb51ffd
11866,11866,doc_11445_dee5a3d5_chunk_0,doc_11445_dee5a3d5
11867,11867,doc_11446_f2c34023_chunk_0,doc_11446_f2c34023
11868,11868,doc_11447_2b7e56f9_chunk_0,doc_11447_2b7e56f9
11869,11869,doc_11448_6528b311_chunk_0,doc_11448_6528b311
11870,11870,doc_11449_d99e21f4_chunk_0,doc_11449_d99e21f4
11871,11871,doc_11450_6fc0decc_chunk_0,doc_11450_6fc0decc
11872,11872,doc_11451_067187c5_chunk_0,doc_11451_067187c5
11873,11873,doc_11452_db3637de_chunk_0,doc_11452_db3637de
11874,11874,doc_11453_fd502b33_chunk_0,doc_11453_fd502b33
11875,11875,doc_11454_177f8e91_chunk_0,doc_11454_177f8e91
11876,11876,doc_11455_76eba6ed_chunk_0,doc_11455_76eba6ed
11877,11877,doc_11456_cf0ac0da_chunk_0,doc_11456_cf0ac0da
11878,11878,doc_11457_279d4720_chunk_0,doc_11457_279d4720
11879,11879,doc_11458_097f9cd7_chunk_0,doc_11458_097f9cd7
11880,11880,doc_11459_85f06a2d_chunk_0,doc_11459_85f06a2d
11881,11881,doc_11460_f652524d_chunk_0,doc_11460_f652524d
11882,11882,doc_11461_f1d22f94_chunk_0,doc_11461_f1d22f94
11883,11883,doc_11462_a2a8d93e_chunk_0,doc_11462_a2a8d93e
11884,11884,doc_11463_9736498d_chunk_0,doc_11463_9736498d
11885,11885,doc_11464_8248f43a_chunk_0,doc_11464_8248f43a
11886,11886,doc_11465_5436bdf9_chunk_0,doc_11465_5436bdf9
11887,11887,doc_11465_5436bdf9_chunk_1,doc_11465_5436bdf9
11888,11888,doc_11466_9c3aa92a_chunk_0,doc_11466_9c3aa92a
11889,11889,doc_11467_12cc2cff_chunk_0,doc_11467_12cc2cff
11890,11890,doc_11467_12cc2cff_chunk_1,doc_11467_12cc2cff
11891,11891,doc_11468_a5cca715_chunk_0,doc_11468_a5cca715
11892,11892,doc_11469_84d14feb_chunk_0,doc_11469_84d14feb
11893,11893,doc_11470_93ec3548_chunk_0,doc_11470_93ec3548
11894,11894,doc_11471_c50fbd43_chunk_0,doc_11471_c50fbd43
11895,11895,doc_11472_3342243f_chunk_0,doc_11472_3342243f
11896,11896,doc_11472_3342243f_chunk_1,doc_11472_3342243f
11897,11897,doc_11473_7546f264_chunk_0,doc_11473_7546f264
11898,11898,doc_11474_195c8e0c_chunk_0,doc_11474_195c8e0c
11899,11899,doc_11475_6150b108_chunk_0,doc_11475_6150b108
11900,11900,doc_11476_599a81f1_chunk_0,doc_11476_599a81f1
11901,11901,doc_11476_599a81f1_chunk_1,doc_11476_599a81f1
11902,11902,doc_11477_e71bbf4a_chunk_0,doc_11477_e71bbf4a
11903,11903,doc_11478_9f3d48c9_chunk_0,doc_11478_9f3d48c9
11904,11904,doc_11479_44aa3b97_chunk_0,doc_11479_44aa3b97
11905,11905,doc_11480_31d91775_chunk_0,doc_11480_31d91775
11906,11906,doc_11481_fdbfff09_chunk_0,doc_11481_fdbfff09
11907,11907,doc_11482_c0b26372_chunk_0,doc_11482_c0b26372
11908,11908,doc_11483_c50697d3_chunk_0,doc_11483_c50697d3
11909,11909,doc_11484_7a987d86_chunk_0,doc_11484_7a987d86
11910,11910,doc_11485_b43c110e_chunk_0,doc_11485_b43c110e
11911,11911,doc_11486_c712d0ab_chunk_0,doc_11486_c712d0ab
11912,11912,doc_11487_e57405ae_chunk_0,doc_11487_e57405ae
11913,11913,doc_11488_4793c41b_chunk_0,doc_11488_4793c41b
11914,11914,doc_11489_4e2ec616_chunk_0,doc_11489_4e2ec616
11915,11915,doc_11490_f64f1b58_chunk_0,doc_11490_f64f1b58
11916,11916,doc_11491_0a410deb_chunk_0,doc_11491_0a410deb
11917,11917,doc_11492_883c9653_chunk_0,doc_11492_883c9653
11918,11918,doc_11493_9284b3a4_chunk_0,doc_11493_9284b3a4
11919,11919,doc_11494_1ac729d5_chunk_0,doc_11494_1ac729d5
11920,11920,doc_11495_d9e56540_chunk_0,doc_11495_d9e56540
11921,11921,doc_11496_45808b45_chunk_0,doc_11496_45808b45
11922,11922,doc_11497_afcf7138_chunk_0,doc_11497_afcf7138
11923,11923,doc_11498_ea741a64_chunk_0,doc_11498_ea741a64
11924,11924,doc_11499_25849c32_chunk_0,doc_11499_25849c32
11925,11925,doc_11500_fbb1563d_chunk_0,doc_11500_fbb1563d
11926,11926,doc_11501_e2d8c4fa_chunk_0,doc_11501_e2d8c4fa
11927,11927,doc_11502_f1483aef_chunk_0,doc_11502_f1483aef
11928,11928,doc_11503_64beaf9a_chunk_0,doc_11503_64beaf9a
11929,11929,doc_11504_ce12c839_chunk_0,doc_11504_ce12c839
11930,11930,doc_11505_b1e8c69a_chunk_0,doc_11505_b1e8c69a
11931,11931,doc_11506_fa671c62_chunk_0,doc_11506_fa671c62
11932,11932,doc_11507_a6c20f05_chunk_0,doc_11507_a6c20f05
11933,11933,doc_11508_db1cf1b8_chunk_0,doc_11508_db1cf1b8
11934,11934,doc_11509_98b8df1f_chunk_0,doc_11509_98b8df1f
11935,11935,doc_11510_c7dc68d0_chunk_0,doc_11510_c7dc68d0
11936,11936,doc_11511_cd67f6c5_chunk_0,doc_11511_cd67f6c5
11937,11937,doc_11512_72d63fc9_chunk_0,doc_11512_72d63fc9
11938,11938,doc_11513_5527ba67_chunk_0,doc_11513_5527ba67
11939,11939,doc_11513_5527ba67_chunk_1,doc_11513_5527ba67
11940,11940,doc_11514_c7d45236_chunk_0,doc_11514_c7d45236
11941,11941,doc_11515_97a18b92_chunk_0,doc_11515_97a18b92
11942,11942,doc_11516_139323fa_chunk_0,doc_11516_139323fa
11943,11943,doc_11517_d9a2ec68_chunk_0,doc_11517_d9a2ec68
11944,11944,doc_11518_8cfebab2_chunk_0,doc_11518_8cfebab2
11945,11945,doc_11519_ea2b6076_chunk_0,doc_11519_ea2b6076
11946,11946,doc_11520_37a6a703_chunk_0,doc_11520_37a6a703
11947,11947,doc_11521_f2eb3d23_chunk_0,doc_11521_f2eb3d23
11948,11948,doc_11522_75b0703f_chunk_0,doc_11522_75b0703f
11949,11949,doc_11522_75b0703f_chunk_1,doc_11522_75b0703f
11950,11950,doc_11523_f06513a6_chunk_0,doc_11523_f06513a6
11951,11951,doc_11524_c8192fa7_chunk_0,doc_11524_c8192fa7
11952,11952,doc_11525_db222d80_chunk_0,doc_11525_db222d80
11953,11953,doc_11526_bf0acf39_chunk_0,doc_11526_bf0acf39
11954,11954,doc_11527_e8d4d4e4_chunk_0,doc_11527_e8d4d4e4
11955,11955,doc_11528_692e57dd_chunk_0,doc_11528_692e57dd
11956,11956,doc_11529_38cf0910_chunk_0,doc_11529_38cf0910
11957,11957,doc_11530_27e3ed06_chunk_0,doc_11530_27e3ed06
11958,11958,doc_11531_238f8f48_chunk_0,doc_11531_238f8f48
11959,11959,doc_11532_4cdbfa0c_chunk_0,doc_11532_4cdbfa0c
11960,11960,doc_11533_5d8a75a2_chunk_0,doc_11533_5d8a75a2
11961,11961,doc_11534_2006ab9e_chunk_0,doc_11534_2006ab9e
11962,11962,doc_11535_fd14f1c1_chunk_0,doc_11535_fd14f1c1
11963,11963,doc_11536_73511f13_chunk_0,doc_11536_73511f13
11964,11964,doc_11537_ce073bb4_chunk_0,doc_11537_ce073bb4
11965,11965,doc_11538_8b69221e_chunk_0,doc_11538_8b69221e
11966,11966,doc_11539_68ce6f8a_chunk_0,doc_11539_68ce6f8a
11967,11967,doc_11540_096228ab_chunk_0,doc_11540_096228ab
11968,11968,doc_11541_b450f710_chunk_0,doc_11541_b450f710
11969,11969,doc_11542_a0375272_chunk_0,doc_11542_a0375272
11970,11970,doc_11543_62498055_chunk_0,doc_11543_62498055
11971,11971,doc_11544_92bc1e5b_chunk_0,doc_11544_92bc1e5b
11972,11972,doc_11544_92bc1e5b_chunk_1,doc_11544_92bc1e5b
11973,11973,doc_11545_45fb8818_chunk_0,doc_11545_45fb8818
11974,11974,doc_11545_45fb8818_chunk_1,doc_11545_45fb8818
11975,11975,doc_11546_bce10516_chunk_0,doc_11546_bce10516
11976,11976,doc_11547_007266f6_chunk_0,doc_11547_007266f6
11977,11977,doc_11548_ba5844f2_chunk_0,doc_11548_ba5844f2
11978,11978,doc_11549_feecac42_chunk_0,doc_11549_feecac42
11979,11979,doc_11550_17867995_chunk_0,doc_11550_17867995
11980,11980,doc_11551_65ae72a2_chunk_0,doc_11551_65ae72a2
11981,11981,doc_11552_f3259fe0_chunk_0,doc_11552_f3259fe0
11982,11982,doc_11553_4ee8e306_chunk_0,doc_11553_4ee8e306
11983,11983,doc_11554_d0dcecbf_chunk_0,doc_11554_d0dcecbf
11984,11984,doc_11555_1e4c94e0_chunk_0,doc_11555_1e4c94e0
11985,11985,doc_11555_1e4c94e0_chunk_1,doc_11555_1e4c94e0
11986,11986,doc_11556_38f98cd1_chunk_0,doc_11556_38f98cd1
11987,11987,doc_11557_7956aa86_chunk_0,doc_11557_7956aa86
11988,11988,doc_11558_9f997e86_chunk_0,doc_11558_9f997e86
11989,11989,doc_11559_86844f24_chunk_0,doc_11559_86844f24
11990,11990,doc_11560_85949ca9_chunk_0,doc_11560_85949ca9
11991,11991,doc_11561_0d24cd49_chunk_0,doc_11561_0d24cd49
11992,11992,doc_11562_80811e40_chunk_0,doc_11562_80811e40
11993,11993,doc_11563_c1d37bea_chunk_0,doc_11563_c1d37bea
11994,11994,doc_11564_cde4e92c_chunk_0,doc_11564_cde4e92c
11995,11995,doc_11565_c6173f86_chunk_0,doc_11565_c6173f86
11996,11996,doc_11566_5b847e3b_chunk_0,doc_11566_5b847e3b
11997,11997,doc_11567_84b4b789_chunk_0,doc_11567_84b4b789
11998,11998,doc_11568_67c60984_chunk_0,doc_11568_67c60984
11999,11999,doc_11569_b7ae857b_chunk_0,doc_11569_b7ae857b
12000,12000,doc_11570_9413789f_chunk_0,doc_11570_9413789f
12001,12001,doc_11571_fa275400_chunk_0,doc_11571_fa275400
12002,12002,doc_11572_20720c05_chunk_0,doc_11572_20720c05
12003,12003,doc_11573_acc2e97e_chunk_0,doc_11573_acc2e97e
12004,12004,doc_11574_6b639d4f_chunk_0,doc_11574_6b639d4f
12005,12005,doc_11575_e4a70b87_chunk_0,doc_11575_e4a70b87
12006,12006,doc_11575_e4a70b87_chunk_1,doc_11575_e4a70b87
12007,12007,doc_11576_1e0525d9_chunk_0,doc_11576_1e0525d9
12008,12008,doc_11576_1e0525d9_chunk_1,doc_11576_1e0525d9
12009,12009,doc_11577_bd35d4fd_chunk_0,doc_11577_bd35d4fd
12010,12010,doc_11578_90f33608_chunk_0,doc_11578_90f33608
12011,12011,doc_11579_e18267e1_chunk_0,doc_11579_e18267e1
12012,12012,doc_11580_96d5ca8f_chunk_0,doc_11580_96d5ca8f
12013,12013,doc_11580_96d5ca8f_chunk_1,doc_11580_96d5ca8f
12014,12014,doc_11581_10818a27_chunk_0,doc_11581_10818a27
12015,12015,doc_11582_d59fe6c8_chunk_0,doc_11582_d59fe6c8
12016,12016,doc_11583_f61cc3ae_chunk_0,doc_11583_f61cc3ae
12017,12017,doc_11583_f61cc3ae_chunk_1,doc_11583_f61cc3ae
12018,12018,doc_11584_3a8a9697_chunk_0,doc_11584_3a8a9697
12019,12019,doc_11584_3a8a9697_chunk_1,doc_11584_3a8a9697
12020,12020,doc_11585_b172f64b_chunk_0,doc_11585_b172f64b
12021,12021,doc_11585_b172f64b_chunk_1,doc_11585_b172f64b
12022,12022,doc_11586_564fa25b_chunk_0,doc_11586_564fa25b
12023,12023,doc_11586_564fa25b_chunk_1,doc_11586_564fa25b
12024,12024,doc_11587_96ca256d_chunk_0,doc_11587_96ca256d
12025,12025,doc_11587_96ca256d_chunk_1,doc_11587_96ca256d
12026,12026,doc_11588_98173410_chunk_0,doc_11588_98173410
12027,12027,doc_11589_c4dc3781_chunk_0,doc_11589_c4dc3781
12028,12028,doc_11590_e8e493b4_chunk_0,doc_11590_e8e493b4
12029,12029,doc_11591_b079c983_chunk_0,doc_11591_b079c983
12030,12030,doc_11592_a831bd4e_chunk_0,doc_11592_a831bd4e
12031,12031,doc_11593_bf1e7225_chunk_0,doc_11593_bf1e7225
12032,12032,doc_11594_9efb21df_chunk_0,doc_11594_9efb21df
12033,12033,doc_11595_1029b392_chunk_0,doc_11595_1029b392
12034,12034,doc_11596_ef2b2b73_chunk_0,doc_11596_ef2b2b73
12035,12035,doc_11597_1760c4c0_chunk_0,doc_11597_1760c4c0
12036,12036,doc_11598_4c35998f_chunk_0,doc_11598_4c35998f
12037,12037,doc_11599_3762293e_chunk_0,doc_11599_3762293e
12038,12038,doc_11600_16fc10e6_chunk_0,doc_11600_16fc10e6
12039,12039,doc_11601_ea164158_chunk_0,doc_11601_ea164158
12040,12040,doc_11602_0c536d34_chunk_0,doc_11602_0c536d34
12041,12041,doc_11603_5ffa88d5_chunk_0,doc_11603_5ffa88d5
12042,12042,doc_11604_2dfe207f_chunk_0,doc_11604_2dfe207f
12043,12043,doc_11605_c8a4fd6a_chunk_0,doc_11605_c8a4fd6a
12044,12044,doc_11606_b131072b_chunk_0,doc_11606_b131072b
12045,12045,doc_11607_6887bdbd_chunk_0,doc_11607_6887bdbd
12046,12046,doc_11608_0f08cc32_chunk_0,doc_11608_0f08cc32
12047,12047,doc_11609_7f71dd81_chunk_0,doc_11609_7f71dd81
12048,12048,doc_11609_7f71dd81_chunk_1,doc_11609_7f71dd81
12049,12049,doc_11610_5c3502f8_chunk_0,doc_11610_5c3502f8
12050,12050,doc_11611_6eb6b66c_chunk_0,doc_11611_6eb6b66c
12051,12051,doc_11612_90d13631_chunk_0,doc_11612_90d13631
12052,12052,doc_11612_90d13631_chunk_1,doc_11612_90d13631
12053,12053,doc_11613_017016c9_chunk_0,doc_11613_017016c9
12054,12054,doc_11614_37c99e0c_chunk_0,doc_11614_37c99e0c
12055,12055,doc_11615_a622f305_chunk_0,doc_11615_a622f305
12056,12056,doc_11616_8cd4e3db_chunk_0,doc_11616_8cd4e3db
12057,12057,doc_11617_651f77cc_chunk_0,doc_11617_651f77cc
12058,12058,doc_11618_5c033c6d_chunk_0,doc_11618_5c033c6d
12059,12059,doc_11619_a41b1d85_chunk_0,doc_11619_a41b1d85
12060,12060,doc_11620_92e943ce_chunk_0,doc_11620_92e943ce
12061,12061,doc_11621_1a1a133b_chunk_0,doc_11621_1a1a133b
12062,12062,doc_11621_1a1a133b_chunk_1,doc_11621_1a1a133b
12063,12063,doc_11622_b868390f_chunk_0,doc_11622_b868390f
12064,12064,doc_11623_f7c762b5_chunk_0,doc_11623_f7c762b5
12065,12065,doc_11624_4508159d_chunk_0,doc_11624_4508159d
12066,12066,doc_11625_5d6c5f82_chunk_0,doc_11625_5d6c5f82
12067,12067,doc_11626_abf0ab3a_chunk_0,doc_11626_abf0ab3a
12068,12068,doc_11627_febe0307_chunk_0,doc_11627_febe0307
12069,12069,doc_11628_46460628_chunk_0,doc_11628_46460628
12070,12070,doc_11629_9269615d_chunk_0,doc_11629_9269615d
12071,12071,doc_11630_a067b94b_chunk_0,doc_11630_a067b94b
12072,12072,doc_11631_efedc5cb_chunk_0,doc_11631_efedc5cb
12073,12073,doc_11632_3794fac4_chunk_0,doc_11632_3794fac4
12074,12074,doc_11633_22d9cb12_chunk_0,doc_11633_22d9cb12
12075,12075,doc_11634_e2ac37d7_chunk_0,doc_11634_e2ac37d7
12076,12076,doc_11635_efbd2a5c_chunk_0,doc_11635_efbd2a5c
12077,12077,doc_11636_d6a66a23_chunk_0,doc_11636_d6a66a23
12078,12078,doc_11637_370bca47_chunk_0,doc_11637_370bca47
12079,12079,doc_11638_0a45286a_chunk_0,doc_11638_0a45286a
12080,12080,doc_11639_45e53c6c_chunk_0,doc_11639_45e53c6c
12081,12081,doc_11640_bc208157_chunk_0,doc_11640_bc208157
12082,12082,doc_11641_58208e72_chunk_0,doc_11641_58208e72
12083,12083,doc_11642_78959605_chunk_0,doc_11642_78959605
12084,12084,doc_11643_09256cb7_chunk_0,doc_11643_09256cb7
12085,12085,doc_11644_fce95233_chunk_0,doc_11644_fce95233
12086,12086,doc_11645_c4f100f6_chunk_0,doc_11645_c4f100f6
12087,12087,doc_11646_631ffeac_chunk_0,doc_11646_631ffeac
12088,12088,doc_11647_16946040_chunk_0,doc_11647_16946040
12089,12089,doc_11648_ab0f106f_chunk_0,doc_11648_ab0f106f
12090,12090,doc_11649_c806b27e_chunk_0,doc_11649_c806b27e
12091,12091,doc_11650_d23225ee_chunk_0,doc_11650_d23225ee
12092,12092,doc_11651_5d261a65_chunk_0,doc_11651_5d261a65
12093,12093,doc_11652_1cc0b670_chunk_0,doc_11652_1cc0b670
12094,12094,doc_11653_a3149561_chunk_0,doc_11653_a3149561
12095,12095,doc_11654_87e5bd4b_chunk_0,doc_11654_87e5bd4b
12096,12096,doc_11655_649aa7c9_chunk_0,doc_11655_649aa7c9
12097,12097,doc_11656_f0baef74_chunk_0,doc_11656_f0baef74
12098,12098,doc_11657_861644da_chunk_0,doc_11657_861644da
12099,12099,doc_11658_bf9ae0ac_chunk_0,doc_11658_bf9ae0ac
12100,12100,doc_11659_c0b3bf2f_chunk_0,doc_11659_c0b3bf2f
12101,12101,doc_11660_b987600e_chunk_0,doc_11660_b987600e
12102,12102,doc_11661_ff1bde91_chunk_0,doc_11661_ff1bde91
12103,12103,doc_11662_ba7e0376_chunk_0,doc_11662_ba7e0376
12104,12104,doc_11663_77f72b44_chunk_0,doc_11663_77f72b44
12105,12105,doc_11664_0f6bad23_chunk_0,doc_11664_0f6bad23
12106,12106,doc_11665_85151e38_chunk_0,doc_11665_85151e38
12107,12107,doc_11666_4fb59e7e_chunk_0,doc_11666_4fb59e7e
12108,12108,doc_11667_28753e5e_chunk_0,doc_11667_28753e5e
12109,12109,doc_11668_63b434e1_chunk_0,doc_11668_63b434e1
12110,12110,doc_11669_ce28998e_chunk_0,doc_11669_ce28998e
12111,12111,doc_11670_5834d943_chunk_0,doc_11670_5834d943
12112,12112,doc_11671_228679d6_chunk_0,doc_11671_228679d6
12113,12113,doc_11672_3b789024_chunk_0,doc_11672_3b789024
12114,12114,doc_11673_a72e069e_chunk_0,doc_11673_a72e069e
12115,12115,doc_11674_e6a4f7fd_chunk_0,doc_11674_e6a4f7fd
12116,12116,doc_11675_ba83648f_chunk_0,doc_11675_ba83648f
12117,12117,doc_11676_806524f3_chunk_0,doc_11676_806524f3
12118,12118,doc_11677_2e3d318b_chunk_0,doc_11677_2e3d318b
12119,12119,doc_11677_2e3d318b_chunk_1,doc_11677_2e3d318b
12120,12120,doc_11678_b2c19eb6_chunk_0,doc_11678_b2c19eb6
12121,12121,doc_11679_439f1bbc_chunk_0,doc_11679_439f1bbc
12122,12122,doc_11679_439f1bbc_chunk_1,doc_11679_439f1bbc
12123,12123,doc_11680_25778ae3_chunk_0,doc_11680_25778ae3
12124,12124,doc_11680_25778ae3_chunk_1,doc_11680_25778ae3
12125,12125,doc_11681_bba7b44e_chunk_0,doc_11681_bba7b44e
12126,12126,doc_11682_2db485d6_chunk_0,doc_11682_2db485d6
12127,12127,doc_11683_5120b13a_chunk_0,doc_11683_5120b13a
12128,12128,doc_11684_e5874095_chunk_0,doc_11684_e5874095
12129,12129,doc_11685_bd8581ee_chunk_0,doc_11685_bd8581ee
12130,12130,doc_11686_1761a86a_chunk_0,doc_11686_1761a86a
12131,12131,doc_11687_8d4c87b1_chunk_0,doc_11687_8d4c87b1
12132,12132,doc_11688_3ee7f068_chunk_0,doc_11688_3ee7f068
12133,12133,doc_11689_9567f7fc_chunk_0,doc_11689_9567f7fc
12134,12134,doc_11690_e4d26e3d_chunk_0,doc_11690_e4d26e3d
12135,12135,doc_11691_1dde2b61_chunk_0,doc_11691_1dde2b61
12136,12136,doc_11692_3eefe685_chunk_0,doc_11692_3eefe685
12137,12137,doc_11693_709db32e_chunk_0,doc_11693_709db32e
12138,12138,doc_11694_87340db5_chunk_0,doc_11694_87340db5
12139,12139,doc_11695_8012f1f9_chunk_0,doc_11695_8012f1f9
12140,12140,doc_11696_07fa685c_chunk_0,doc_11696_07fa685c
12141,12141,doc_11697_a559ed97_chunk_0,doc_11697_a559ed97
12142,12142,doc_11698_e8794c46_chunk_0,doc_11698_e8794c46
12143,12143,doc_11699_ebe77605_chunk_0,doc_11699_ebe77605
12144,12144,doc_11700_a8243115_chunk_0,doc_11700_a8243115
12145,12145,doc_11701_7c4e1fc3_chunk_0,doc_11701_7c4e1fc3
12146,12146,doc_11702_7f283414_chunk_0,doc_11702_7f283414
12147,12147,doc_11703_5e915380_chunk_0,doc_11703_5e915380
12148,12148,doc_11704_844952b3_chunk_0,doc_11704_844952b3
12149,12149,doc_11705_d1dac5c5_chunk_0,doc_11705_d1dac5c5
12150,12150,doc_11706_aa8b3f0c_chunk_0,doc_11706_aa8b3f0c
12151,12151,doc_11707_0ff8a279_chunk_0,doc_11707_0ff8a279
12152,12152,doc_11708_4643de4c_chunk_0,doc_11708_4643de4c
12153,12153,doc_11709_48a01921_chunk_0,doc_11709_48a01921
12154,12154,doc_11710_33d7bc19_chunk_0,doc_11710_33d7bc19
12155,12155,doc_11711_194006e8_chunk_0,doc_11711_194006e8
12156,12156,doc_11712_63f931d3_chunk_0,doc_11712_63f931d3
12157,12157,doc_11713_11867f6f_chunk_0,doc_11713_11867f6f
12158,12158,doc_11714_38488942_chunk_0,doc_11714_38488942
12159,12159,doc_11715_d73b0f57_chunk_0,doc_11715_d73b0f57
12160,12160,doc_11716_d1d06abb_chunk_0,doc_11716_d1d06abb
12161,12161,doc_11717_9c19ff77_chunk_0,doc_11717_9c19ff77
12162,12162,doc_11718_704fd54e_chunk_0,doc_11718_704fd54e
12163,12163,doc_11719_44e002d8_chunk_0,doc_11719_44e002d8
12164,12164,doc_11720_d7c1db57_chunk_0,doc_11720_d7c1db57
12165,12165,doc_11721_5381545b_chunk_0,doc_11721_5381545b
12166,12166,doc_11722_5aa2988a_chunk_0,doc_11722_5aa2988a
12167,12167,doc_11723_39307acb_chunk_0,doc_11723_39307acb
12168,12168,doc_11724_5d4b0101_chunk_0,doc_11724_5d4b0101
12169,12169,doc_11725_a569ff0e_chunk_0,doc_11725_a569ff0e
12170,12170,doc_11726_db27d1dd_chunk_0,doc_11726_db27d1dd
12171,12171,doc_11727_f6b92853_chunk_0,doc_11727_f6b92853
12172,12172,doc_11728_ffcf83f9_chunk_0,doc_11728_ffcf83f9
12173,12173,doc_11729_2d53642e_chunk_0,doc_11729_2d53642e
12174,12174,doc_11730_2e5f31da_chunk_0,doc_11730_2e5f31da
12175,12175,doc_11731_17b83a83_chunk_0,doc_11731_17b83a83
12176,12176,doc_11732_e51be4f9_chunk_0,doc_11732_e51be4f9
12177,12177,doc_11733_9133dc55_chunk_0,doc_11733_9133dc55
12178,12178,doc_11734_de4d1411_chunk_0,doc_11734_de4d1411
12179,12179,doc_11735_866ac24a_chunk_0,doc_11735_866ac24a
12180,12180,doc_11736_1044a09c_chunk_0,doc_11736_1044a09c
12181,12181,doc_11737_9a695d76_chunk_0,doc_11737_9a695d76
12182,12182,doc_11737_9a695d76_chunk_1,doc_11737_9a695d76
12183,12183,doc_11738_2b4a495e_chunk_0,doc_11738_2b4a495e
12184,12184,doc_11739_3a6145cd_chunk_0,doc_11739_3a6145cd
12185,12185,doc_11739_3a6145cd_chunk_1,doc_11739_3a6145cd
12186,12186,doc_11740_cb1d72ba_chunk_0,doc_11740_cb1d72ba
12187,12187,doc_11740_cb1d72ba_chunk_1,doc_11740_cb1d72ba
12188,12188,doc_11741_f4c2ed4a_chunk_0,doc_11741_f4c2ed4a
12189,12189,doc_11741_f4c2ed4a_chunk_1,doc_11741_f4c2ed4a
12190,12190,doc_11742_77f0498e_chunk_0,doc_11742_77f0498e
12191,12191,doc_11743_d6ea5655_chunk_0,doc_11743_d6ea5655
12192,12192,doc_11744_829faad1_chunk_0,doc_11744_829faad1
12193,12193,doc_11745_4df6b189_chunk_0,doc_11745_4df6b189
12194,12194,doc_11746_10e39493_chunk_0,doc_11746_10e39493
12195,12195,doc_11747_f7108745_chunk_0,doc_11747_f7108745
12196,12196,doc_11748_e9301cf6_chunk_0,doc_11748_e9301cf6
12197,12197,doc_11749_1ceabc84_chunk_0,doc_11749_1ceabc84
12198,12198,doc_11750_09e5de89_chunk_0,doc_11750_09e5de89
12199,12199,doc_11751_40ed4430_chunk_0,doc_11751_40ed4430
12200,12200,doc_11752_c1f682b8_chunk_0,doc_11752_c1f682b8
12201,12201,doc_11753_3dcb4800_chunk_0,doc_11753_3dcb4800
12202,12202,doc_11754_c16617b0_chunk_0,doc_11754_c16617b0
12203,12203,doc_11755_f5119e1c_chunk_0,doc_11755_f5119e1c
12204,12204,doc_11756_85eeb97f_chunk_0,doc_11756_85eeb97f
12205,12205,doc_11757_126cf4d8_chunk_0,doc_11757_126cf4d8
12206,12206,doc_11758_be2105f1_chunk_0,doc_11758_be2105f1
12207,12207,doc_11759_ecdd7bef_chunk_0,doc_11759_ecdd7bef
12208,12208,doc_11760_6ae3a2d9_chunk_0,doc_11760_6ae3a2d9
12209,12209,doc_11761_6c8a8b41_chunk_0,doc_11761_6c8a8b41
12210,12210,doc_11762_8ea781fd_chunk_0,doc_11762_8ea781fd
12211,12211,doc_11763_a94c35d2_chunk_0,doc_11763_a94c35d2
12212,12212,doc_11764_4e190d86_chunk_0,doc_11764_4e190d86
12213,12213,doc_11765_ec6e2fe3_chunk_0,doc_11765_ec6e2fe3
12214,12214,doc_11766_7f7d0947_chunk_0,doc_11766_7f7d0947
12215,12215,doc_11767_d7043368_chunk_0,doc_11767_d7043368
12216,12216,doc_11768_e015daa0_chunk_0,doc_11768_e015daa0
12217,12217,doc_11769_c2bfa216_chunk_0,doc_11769_c2bfa216
12218,12218,doc_11770_d7ce8532_chunk_0,doc_11770_d7ce8532
12219,12219,doc_11771_3510de65_chunk_0,doc_11771_3510de65
12220,12220,doc_11772_cf7f30fe_chunk_0,doc_11772_cf7f30fe
12221,12221,doc_11773_357ba59b_chunk_0,doc_11773_357ba59b
12222,12222,doc_11774_559038b0_chunk_0,doc_11774_559038b0
12223,12223,doc_11775_db8f9f63_chunk_0,doc_11775_db8f9f63
12224,12224,doc_11776_8b7cea63_chunk_0,doc_11776_8b7cea63
12225,12225,doc_11777_e59c7520_chunk_0,doc_11777_e59c7520
12226,12226,doc_11778_26465202_chunk_0,doc_11778_26465202
12227,12227,doc_11779_9bdacba3_chunk_0,doc_11779_9bdacba3
12228,12228,doc_11780_fbd9a64f_chunk_0,doc_11780_fbd9a64f
12229,12229,doc_11781_85385c85_chunk_0,doc_11781_85385c85
12230,12230,doc_11782_fdc59e65_chunk_0,doc_11782_fdc59e65
12231,12231,doc_11783_dd5b62e1_chunk_0,doc_11783_dd5b62e1
12232,12232,doc_11784_7f74490a_chunk_0,doc_11784_7f74490a
12233,12233,doc_11785_44facea4_chunk_0,doc_11785_44facea4
12234,12234,doc_11786_544c0a8d_chunk_0,doc_11786_544c0a8d
12235,12235,doc_11787_0d00d4e2_chunk_0,doc_11787_0d00d4e2
12236,12236,doc_11788_56477eb0_chunk_0,doc_11788_56477eb0
12237,12237,doc_11789_5af872f8_chunk_0,doc_11789_5af872f8
12238,12238,doc_11789_5af872f8_chunk_1,doc_11789_5af872f8
12239,12239,doc_11790_0718e68d_chunk_0,doc_11790_0718e68d
12240,12240,doc_11791_54401522_chunk_0,doc_11791_54401522
12241,12241,doc_11792_2723e027_chunk_0,doc_11792_2723e027
12242,12242,doc_11793_ada11a1b_chunk_0,doc_11793_ada11a1b
12243,12243,doc_11794_b802e3cc_chunk_0,doc_11794_b802e3cc
12244,12244,doc_11795_1bbe50d2_chunk_0,doc_11795_1bbe50d2
12245,12245,doc_11796_1bb63b11_chunk_0,doc_11796_1bb63b11
12246,12246,doc_11797_037ff55c_chunk_0,doc_11797_037ff55c
12247,12247,doc_11798_9626eeb3_chunk_0,doc_11798_9626eeb3
12248,12248,doc_11799_05fc941a_chunk_0,doc_11799_05fc941a
12249,12249,doc_11800_8999ab88_chunk_0,doc_11800_8999ab88
12250,12250,doc_11801_f7e5ff4d_chunk_0,doc_11801_f7e5ff4d
12251,12251,doc_11802_712559d6_chunk_0,doc_11802_712559d6
12252,12252,doc_11803_2d3a06cd_chunk_0,doc_11803_2d3a06cd
12253,12253,doc_11804_b3fa1016_chunk_0,doc_11804_b3fa1016
12254,12254,doc_11805_cc8a0a24_chunk_0,doc_11805_cc8a0a24
12255,12255,doc_11806_9602635c_chunk_0,doc_11806_9602635c
12256,12256,doc_11807_677417de_chunk_0,doc_11807_677417de
12257,12257,doc_11808_cc7f808a_chunk_0,doc_11808_cc7f808a
12258,12258,doc_11809_3df2cb18_chunk_0,doc_11809_3df2cb18
12259,12259,doc_11810_9aec68a4_chunk_0,doc_11810_9aec68a4
12260,12260,doc_11811_a0b4d29e_chunk_0,doc_11811_a0b4d29e
12261,12261,doc_11812_0e21c0e0_chunk_0,doc_11812_0e21c0e0
12262,12262,doc_11813_350fb29a_chunk_0,doc_11813_350fb29a
12263,12263,doc_11814_65119ab8_chunk_0,doc_11814_65119ab8
12264,12264,doc_11815_1d316ba4_chunk_0,doc_11815_1d316ba4
12265,12265,doc_11816_51290b7c_chunk_0,doc_11816_51290b7c
12266,12266,doc_11817_67d3bcf8_chunk_0,doc_11817_67d3bcf8
12267,12267,doc_11818_c7abeb84_chunk_0,doc_11818_c7abeb84
12268,12268,doc_11819_399adc4c_chunk_0,doc_11819_399adc4c
12269,12269,doc_11820_7bfd66f0_chunk_0,doc_11820_7bfd66f0
12270,12270,doc_11821_b56b94b2_chunk_0,doc_11821_b56b94b2
12271,12271,doc_11822_73d45659_chunk_0,doc_11822_73d45659
12272,12272,doc_11823_e28850b7_chunk_0,doc_11823_e28850b7
12273,12273,doc_11824_d903c92b_chunk_0,doc_11824_d903c92b
12274,12274,doc_11825_9e9d988f_chunk_0,doc_11825_9e9d988f
12275,12275,doc_11826_039e058f_chunk_0,doc_11826_039e058f
12276,12276,doc_11827_82ac18e2_chunk_0,doc_11827_82ac18e2
12277,12277,doc_11828_57dbf26c_chunk_0,doc_11828_57dbf26c
12278,12278,doc_11829_3233d530_chunk_0,doc_11829_3233d530
12279,12279,doc_11830_3be2d91e_chunk_0,doc_11830_3be2d91e
12280,12280,doc_11831_7995979c_chunk_0,doc_11831_7995979c
12281,12281,doc_11832_521471c6_chunk_0,doc_11832_521471c6
12282,12282,doc_11833_4a70b303_chunk_0,doc_11833_4a70b303
12283,12283,doc_11834_f3bddbb1_chunk_0,doc_11834_f3bddbb1
12284,12284,doc_11835_5b5d3f8a_chunk_0,doc_11835_5b5d3f8a
12285,12285,doc_11836_c1b4e05b_chunk_0,doc_11836_c1b4e05b
12286,12286,doc_11837_e5ffc892_chunk_0,doc_11837_e5ffc892
12287,12287,doc_11838_1318a02f_chunk_0,doc_11838_1318a02f
12288,12288,doc_11839_843806b2_chunk_0,doc_11839_843806b2
12289,12289,doc_11840_3062f4f4_chunk_0,doc_11840_3062f4f4
12290,12290,doc_11841_d782e9e4_chunk_0,doc_11841_d782e9e4
12291,12291,doc_11842_0cd3b309_chunk_0,doc_11842_0cd3b309
12292,12292,doc_11843_a5a54eb9_chunk_0,doc_11843_a5a54eb9
12293,12293,doc_11844_e3667eb0_chunk_0,doc_11844_e3667eb0
12294,12294,doc_11845_83e8c571_chunk_0,doc_11845_83e8c571
12295,12295,doc_11846_fcff4bca_chunk_0,doc_11846_fcff4bca
12296,12296,doc_11847_e50451b0_chunk_0,doc_11847_e50451b0
12297,12297,doc_11848_9510da22_chunk_0,doc_11848_9510da22
12298,12298,doc_11849_28468f47_chunk_0,doc_11849_28468f47
12299,12299,doc_11850_fa86bae4_chunk_0,doc_11850_fa86bae4
12300,12300,doc_11851_dcef6cb4_chunk_0,doc_11851_dcef6cb4
12301,12301,doc_11852_436ea848_chunk_0,doc_11852_436ea848
12302,12302,doc_11853_5607389e_chunk_0,doc_11853_5607389e
12303,12303,doc_11854_aaac1985_chunk_0,doc_11854_aaac1985
12304,12304,doc_11855_1fe2cd9c_chunk_0,doc_11855_1fe2cd9c
12305,12305,doc_11856_43db788c_chunk_0,doc_11856_43db788c
12306,12306,doc_11857_884e5c00_chunk_0,doc_11857_884e5c00
12307,12307,doc_11858_cee0e3ba_chunk_0,doc_11858_cee0e3ba
12308,12308,doc_11859_bb313e86_chunk_0,doc_11859_bb313e86
12309,12309,doc_11860_6acde93a_chunk_0,doc_11860_6acde93a
12310,12310,doc_11861_b4e98302_chunk_0,doc_11861_b4e98302
12311,12311,doc_11862_577fcfdc_chunk_0,doc_11862_577fcfdc
12312,12312,doc_11863_9ff99cf7_chunk_0,doc_11863_9ff99cf7
12313,12313,doc_11864_7e4d1f3b_chunk_0,doc_11864_7e4d1f3b
12314,12314,doc_11865_ce1fddd2_chunk_0,doc_11865_ce1fddd2
12315,12315,doc_11866_783d5348_chunk_0,doc_11866_783d5348
12316,12316,doc_11867_102b5bd7_chunk_0,doc_11867_102b5bd7
12317,12317,doc_11868_31e6e3f2_chunk_0,doc_11868_31e6e3f2
12318,12318,doc_11869_c16fb421_chunk_0,doc_11869_c16fb421
12319,12319,doc_11870_736e45b4_chunk_0,doc_11870_736e45b4
12320,12320,doc_11871_0e29b100_chunk_0,doc_11871_0e29b100
12321,12321,doc_11872_4f5be705_chunk_0,doc_11872_4f5be705
12322,12322,doc_11873_2b1e65f3_chunk_0,doc_11873_2b1e65f3
12323,12323,doc_11874_9857d240_chunk_0,doc_11874_9857d240
12324,12324,doc_11875_01881c1e_chunk_0,doc_11875_01881c1e
12325,12325,doc_11876_f78c4dd2_chunk_0,doc_11876_f78c4dd2
12326,12326,doc_11877_62710ee1_chunk_0,doc_11877_62710ee1
12327,12327,doc_11878_206ff560_chunk_0,doc_11878_206ff560
12328,12328,doc_11879_ce0cdd58_chunk_0,doc_11879_ce0cdd58
12329,12329,doc_11880_858619f0_chunk_0,doc_11880_858619f0
12330,12330,doc_11881_22f94d53_chunk_0,doc_11881_22f94d53
12331,12331,doc_11882_53c96b38_chunk_0,doc_11882_53c96b38
12332,12332,doc_11883_3a53ad3b_chunk_0,doc_11883_3a53ad3b
12333,12333,doc_11884_562a0e28_chunk_0,doc_11884_562a0e28
12334,12334,doc_11885_a4115ffd_chunk_0,doc_11885_a4115ffd
12335,12335,doc_11886_c79cb7fa_chunk_0,doc_11886_c79cb7fa
12336,12336,doc_11887_7e4f884e_chunk_0,doc_11887_7e4f884e
12337,12337,doc_11888_d4f7079e_chunk_0,doc_11888_d4f7079e
12338,12338,doc_11889_2bf22175_chunk_0,doc_11889_2bf22175
12339,12339,doc_11890_1cec0400_chunk_0,doc_11890_1cec0400
12340,12340,doc_11891_c6145d44_chunk_0,doc_11891_c6145d44
12341,12341,doc_11892_7e6de259_chunk_0,doc_11892_7e6de259
12342,12342,doc_11893_91eb09fc_chunk_0,doc_11893_91eb09fc
12343,12343,doc_11894_3f45bd9a_chunk_0,doc_11894_3f45bd9a
12344,12344,doc_11895_eb897a0d_chunk_0,doc_11895_eb897a0d
12345,12345,doc_11896_e70fd622_chunk_0,doc_11896_e70fd622
12346,12346,doc_11897_d1aab97c_chunk_0,doc_11897_d1aab97c
12347,12347,doc_11898_e863b8b8_chunk_0,doc_11898_e863b8b8
12348,12348,doc_11899_d91d82b4_chunk_0,doc_11899_d91d82b4
12349,12349,doc_11900_341cfdd8_chunk_0,doc_11900_341cfdd8
12350,12350,doc_11901_9bf27909_chunk_0,doc_11901_9bf27909
12351,12351,doc_11902_7cab7c7b_chunk_0,doc_11902_7cab7c7b
12352,12352,doc_11903_c9a089e6_chunk_0,doc_11903_c9a089e6
12353,12353,doc_11904_c697675c_chunk_0,doc_11904_c697675c
12354,12354,doc_11905_1a3922c6_chunk_0,doc_11905_1a3922c6
12355,12355,doc_11906_19e0e812_chunk_0,doc_11906_19e0e812
12356,12356,doc_11907_5438547a_chunk_0,doc_11907_5438547a
12357,12357,doc_11908_a8f709aa_chunk_0,doc_11908_a8f709aa
12358,12358,doc_11909_be14aa3e_chunk_0,doc_11909_be14aa3e
12359,12359,doc_11910_4dd624a4_chunk_0,doc_11910_4dd624a4
12360,12360,doc_11911_07b22b36_chunk_0,doc_11911_07b22b36
12361,12361,doc_11912_35b574cf_chunk_0,doc_11912_35b574cf
12362,12362,doc_11913_78d79d7d_chunk_0,doc_11913_78d79d7d
12363,12363,doc_11914_7e88229d_chunk_0,doc_11914_7e88229d
12364,12364,doc_11915_8251c0be_chunk_0,doc_11915_8251c0be
12365,12365,doc_11916_23a03412_chunk_0,doc_11916_23a03412
12366,12366,doc_11917_e3213d54_chunk_0,doc_11917_e3213d54
12367,12367,doc_11918_ce3bcc69_chunk_0,doc_11918_ce3bcc69
12368,12368,doc_11919_ab9bd554_chunk_0,doc_11919_ab9bd554
12369,12369,doc_11920_511abc6b_chunk_0,doc_11920_511abc6b
12370,12370,doc_11921_8add3366_chunk_0,doc_11921_8add3366
12371,12371,doc_11922_a28a3e1d_chunk_0,doc_11922_a28a3e1d
12372,12372,doc_11923_2017d63c_chunk_0,doc_11923_2017d63c
12373,12373,doc_11924_89292fcd_chunk_0,doc_11924_89292fcd
12374,12374,doc_11925_945dadc4_chunk_0,doc_11925_945dadc4
12375,12375,doc_11926_5eae991c_chunk_0,doc_11926_5eae991c
12376,12376,doc_11927_a4d2aab6_chunk_0,doc_11927_a4d2aab6
12377,12377,doc_11928_1ea3b41b_chunk_0,doc_11928_1ea3b41b
12378,12378,doc_11929_24afe31d_chunk_0,doc_11929_24afe31d
12379,12379,doc_11930_a31e78b0_chunk_0,doc_11930_a31e78b0
12380,12380,doc_11931_30ef5f40_chunk_0,doc_11931_30ef5f40
12381,12381,doc_11932_fba588ef_chunk_0,doc_11932_fba588ef
12382,12382,doc_11933_d1158bc7_chunk_0,doc_11933_d1158bc7
12383,12383,doc_11934_ab0a28f9_chunk_0,doc_11934_ab0a28f9
12384,12384,doc_11935_76632158_chunk_0,doc_11935_76632158
12385,12385,doc_11936_9cd3f937_chunk_0,doc_11936_9cd3f937
12386,12386,doc_11937_44005013_chunk_0,doc_11937_44005013
12387,12387,doc_11938_952f345b_chunk_0,doc_11938_952f345b
12388,12388,doc_11939_d6d6611a_chunk_0,doc_11939_d6d6611a
12389,12389,doc_11940_5858bc78_chunk_0,doc_11940_5858bc78
12390,12390,doc_11941_bad5c9dc_chunk_0,doc_11941_bad5c9dc
12391,12391,doc_11941_bad5c9dc_chunk_1,doc_11941_bad5c9dc
12392,12392,doc_11942_06055170_chunk_0,doc_11942_06055170
12393,12393,doc_11942_06055170_chunk_1,doc_11942_06055170
12394,12394,doc_11943_d647f9ad_chunk_0,doc_11943_d647f9ad
12395,12395,doc_11944_74533f55_chunk_0,doc_11944_74533f55
12396,12396,doc_11945_ccd3dfd3_chunk_0,doc_11945_ccd3dfd3
12397,12397,doc_11946_005dba06_chunk_0,doc_11946_005dba06
12398,12398,doc_11947_79cd2326_chunk_0,doc_11947_79cd2326
12399,12399,doc_11948_18db0974_chunk_0,doc_11948_18db0974
12400,12400,doc_11949_d6fcceb5_chunk_0,doc_11949_d6fcceb5
12401,12401,doc_11949_d6fcceb5_chunk_1,doc_11949_d6fcceb5
12402,12402,doc_11950_87ed2cc5_chunk_0,doc_11950_87ed2cc5
12403,12403,doc_11951_b707fdde_chunk_0,doc_11951_b707fdde
12404,12404,doc_11951_b707fdde_chunk_1,doc_11951_b707fdde
12405,12405,doc_11952_08323b47_chunk_0,doc_11952_08323b47
12406,12406,doc_11952_08323b47_chunk_1,doc_11952_08323b47
12407,12407,doc_11953_f240841b_chunk_0,doc_11953_f240841b
12408,12408,doc_11953_f240841b_chunk_1,doc_11953_f240841b
12409,12409,doc_11954_b3866899_chunk_0,doc_11954_b3866899
12410,12410,doc_11954_b3866899_chunk_1,doc_11954_b3866899
12411,12411,doc_11955_0fa00c8e_chunk_0,doc_11955_0fa00c8e
12412,12412,doc_11955_0fa00c8e_chunk_1,doc_11955_0fa00c8e
12413,12413,doc_11956_e3c12012_chunk_0,doc_11956_e3c12012
12414,12414,doc_11956_e3c12012_chunk_1,doc_11956_e3c12012
12415,12415,doc_11957_888c2ccf_chunk_0,doc_11957_888c2ccf
12416,12416,doc_11957_888c2ccf_chunk_1,doc_11957_888c2ccf
12417,12417,doc_11958_83d447c2_chunk_0,doc_11958_83d447c2
12418,12418,doc_11959_c9612110_chunk_0,doc_11959_c9612110
12419,12419,doc_11960_1b8aa4d3_chunk_0,doc_11960_1b8aa4d3
12420,12420,doc_11961_7815a95b_chunk_0,doc_11961_7815a95b
12421,12421,doc_11962_fa61c53f_chunk_0,doc_11962_fa61c53f
12422,12422,doc_11963_19ed00d5_chunk_0,doc_11963_19ed00d5
12423,12423,doc_11963_19ed00d5_chunk_1,doc_11963_19ed00d5
12424,12424,doc_11964_545216f0_chunk_0,doc_11964_545216f0
12425,12425,doc_11965_0aaba5cd_chunk_0,doc_11965_0aaba5cd
12426,12426,doc_11966_7551af2e_chunk_0,doc_11966_7551af2e
12427,12427,doc_11967_81b87576_chunk_0,doc_11967_81b87576
12428,12428,doc_11968_eb94efd3_chunk_0,doc_11968_eb94efd3
12429,12429,doc_11969_929e93fb_chunk_0,doc_11969_929e93fb
12430,12430,doc_11970_91593f4a_chunk_0,doc_11970_91593f4a
12431,12431,doc_11971_247dfda0_chunk_0,doc_11971_247dfda0
12432,12432,doc_11972_e7ae1176_chunk_0,doc_11972_e7ae1176
12433,12433,doc_11973_594f4b96_chunk_0,doc_11973_594f4b96
12434,12434,doc_11974_8ed4bcbe_chunk_0,doc_11974_8ed4bcbe
12435,12435,doc_11975_2dafc518_chunk_0,doc_11975_2dafc518
12436,12436,doc_11976_24c42d43_chunk_0,doc_11976_24c42d43
12437,12437,doc_11977_a96fbfe0_chunk_0,doc_11977_a96fbfe0
12438,12438,doc_11978_f3602e71_chunk_0,doc_11978_f3602e71
12439,12439,doc_11979_33968099_chunk_0,doc_11979_33968099
12440,12440,doc_11980_3554babf_chunk_0,doc_11980_3554babf
12441,12441,doc_11981_b87a936d_chunk_0,doc_11981_b87a936d
12442,12442,doc_11982_db34a7f9_chunk_0,doc_11982_db34a7f9
12443,12443,doc_11983_eb177c45_chunk_0,doc_11983_eb177c45
12444,12444,doc_11984_3f99d50f_chunk_0,doc_11984_3f99d50f
12445,12445,doc_11985_ff206fd1_chunk_0,doc_11985_ff206fd1
12446,12446,doc_11986_922a54db_chunk_0,doc_11986_922a54db
12447,12447,doc_11987_264a3b05_chunk_0,doc_11987_264a3b05
12448,12448,doc_11988_39bad7ed_chunk_0,doc_11988_39bad7ed
12449,12449,doc_11989_ae9ba868_chunk_0,doc_11989_ae9ba868
12450,12450,doc_11990_8f90b0af_chunk_0,doc_11990_8f90b0af
12451,12451,doc_11991_c6e871e8_chunk_0,doc_11991_c6e871e8
12452,12452,doc_11992_034f7aa6_chunk_0,doc_11992_034f7aa6
12453,12453,doc_11993_10c7959f_chunk_0,doc_11993_10c7959f
12454,12454,doc_11994_fd72d715_chunk_0,doc_11994_fd72d715
12455,12455,doc_11995_2fbe00be_chunk_0,doc_11995_2fbe00be
12456,12456,doc_11996_5ac45e29_chunk_0,doc_11996_5ac45e29
12457,12457,doc_11997_8441c44a_chunk_0,doc_11997_8441c44a
12458,12458,doc_11998_669ad37b_chunk_0,doc_11998_669ad37b
12459,12459,doc_11999_457df0f5_chunk_0,doc_11999_457df0f5
12460,12460,doc_12000_3f740cf3_chunk_0,doc_12000_3f740cf3
12461,12461,doc_12001_2404d85f_chunk_0,doc_12001_2404d85f
12462,12462,doc_12002_a24d58d8_chunk_0,doc_12002_a24d58d8
12463,12463,doc_12003_c12d8ef5_chunk_0,doc_12003_c12d8ef5
12464,12464,doc_12004_eba01227_chunk_0,doc_12004_eba01227
12465,12465,doc_12005_03304e7b_chunk_0,doc_12005_03304e7b
12466,12466,doc_12006_f3140d0e_chunk_0,doc_12006_f3140d0e
12467,12467,doc_12007_d7a236c3_chunk_0,doc_12007_d7a236c3
12468,12468,doc_12008_1628ff5e_chunk_0,doc_12008_1628ff5e
12469,12469,doc_12009_4422482e_chunk_0,doc_12009_4422482e
12470,12470,doc_12010_e8aaf1f0_chunk_0,doc_12010_e8aaf1f0
12471,12471,doc_12011_fa4d292a_chunk_0,doc_12011_fa4d292a
12472,12472,doc_12012_a8662311_chunk_0,doc_12012_a8662311
12473,12473,doc_12013_6e280650_chunk_0,doc_12013_6e280650
12474,12474,doc_12014_7e38b51f_chunk_0,doc_12014_7e38b51f
12475,12475,doc_12015_f8e1c7f8_chunk_0,doc_12015_f8e1c7f8
12476,12476,doc_12016_bd9d3688_chunk_0,doc_12016_bd9d3688
12477,12477,doc_12017_84f7972d_chunk_0,doc_12017_84f7972d
12478,12478,doc_12018_966ac9fa_chunk_0,doc_12018_966ac9fa
12479,12479,doc_12019_b853bca4_chunk_0,doc_12019_b853bca4
12480,12480,doc_12020_e8314cda_chunk_0,doc_12020_e8314cda
12481,12481,doc_12021_b0f43d1a_chunk_0,doc_12021_b0f43d1a
12482,12482,doc_12022_6ea1345e_chunk_0,doc_12022_6ea1345e
12483,12483,doc_12023_2acf6ab0_chunk_0,doc_12023_2acf6ab0
12484,12484,doc_12024_fc83fa1a_chunk_0,doc_12024_fc83fa1a
12485,12485,doc_12025_06dd2d27_chunk_0,doc_12025_06dd2d27
12486,12486,doc_12026_72098459_chunk_0,doc_12026_72098459
12487,12487,doc_12027_d137ee8d_chunk_0,doc_12027_d137ee8d
12488,12488,doc_12028_d06db8fc_chunk_0,doc_12028_d06db8fc
12489,12489,doc_12029_f0ee0df9_chunk_0,doc_12029_f0ee0df9
12490,12490,doc_12030_5f49111f_chunk_0,doc_12030_5f49111f
12491,12491,doc_12031_9f30dbaf_chunk_0,doc_12031_9f30dbaf
12492,12492,doc_12032_7ee43cc0_chunk_0,doc_12032_7ee43cc0
12493,12493,doc_12033_d8866e89_chunk_0,doc_12033_d8866e89
12494,12494,doc_12034_9f501e01_chunk_0,doc_12034_9f501e01
12495,12495,doc_12035_e5a5f6e8_chunk_0,doc_12035_e5a5f6e8
12496,12496,doc_12036_ec69db4e_chunk_0,doc_12036_ec69db4e
12497,12497,doc_12037_51a95b19_chunk_0,doc_12037_51a95b19
12498,12498,doc_12038_44230595_chunk_0,doc_12038_44230595
12499,12499,doc_12039_3dc6c31c_chunk_0,doc_12039_3dc6c31c
12500,12500,doc_12040_86d8b896_chunk_0,doc_12040_86d8b896
12501,12501,doc_12041_02f5ec47_chunk_0,doc_12041_02f5ec47
12502,12502,doc_12042_61bb4c33_chunk_0,doc_12042_61bb4c33
12503,12503,doc_12043_903f2d20_chunk_0,doc_12043_903f2d20
12504,12504,doc_12044_b63b6913_chunk_0,doc_12044_b63b6913
12505,12505,doc_12045_d213d038_chunk_0,doc_12045_d213d038
12506,12506,doc_12046_7861ccb4_chunk_0,doc_12046_7861ccb4
12507,12507,doc_12047_4df4f585_chunk_0,doc_12047_4df4f585
12508,12508,doc_12048_dcab5e8c_chunk_0,doc_12048_dcab5e8c
12509,12509,doc_12049_f43b6f8f_chunk_0,doc_12049_f43b6f8f
12510,12510,doc_12050_b0505d34_chunk_0,doc_12050_b0505d34
12511,12511,doc_12051_2aa77a49_chunk_0,doc_12051_2aa77a49
12512,12512,doc_12052_74b3141a_chunk_0,doc_12052_74b3141a
12513,12513,doc_12053_96f2fbef_chunk_0,doc_12053_96f2fbef
12514,12514,doc_12054_3921e741_chunk_0,doc_12054_3921e741
12515,12515,doc_12055_7c8e8f1e_chunk_0,doc_12055_7c8e8f1e
12516,12516,doc_12056_4fad059f_chunk_0,doc_12056_4fad059f
12517,12517,doc_12057_2db8ffce_chunk_0,doc_12057_2db8ffce
12518,12518,doc_12058_1fef6e9a_chunk_0,doc_12058_1fef6e9a
12519,12519,doc_12059_f0b61560_chunk_0,doc_12059_f0b61560
12520,12520,doc_12060_7caf35ff_chunk_0,doc_12060_7caf35ff
12521,12521,doc_12061_d4a4c108_chunk_0,doc_12061_d4a4c108
12522,12522,doc_12062_bfa6e9cd_chunk_0,doc_12062_bfa6e9cd
12523,12523,doc_12063_61934d5a_chunk_0,doc_12063_61934d5a
12524,12524,doc_12064_ec1a0e2c_chunk_0,doc_12064_ec1a0e2c
12525,12525,doc_12065_93e92c29_chunk_0,doc_12065_93e92c29
12526,12526,doc_12066_a5d542ac_chunk_0,doc_12066_a5d542ac
12527,12527,doc_12067_d9582b6a_chunk_0,doc_12067_d9582b6a
12528,12528,doc_12068_7a026c67_chunk_0,doc_12068_7a026c67
12529,12529,doc_12069_50b46edd_chunk_0,doc_12069_50b46edd
12530,12530,doc_12070_d7365818_chunk_0,doc_12070_d7365818
12531,12531,doc_12071_afc112bc_chunk_0,doc_12071_afc112bc
12532,12532,doc_12072_18e68a20_chunk_0,doc_12072_18e68a20
12533,12533,doc_12073_bdbd764d_chunk_0,doc_12073_bdbd764d
12534,12534,doc_12074_a2892b9d_chunk_0,doc_12074_a2892b9d
12535,12535,doc_12075_731ef9b1_chunk_0,doc_12075_731ef9b1
12536,12536,doc_12076_e8f61b5d_chunk_0,doc_12076_e8f61b5d
12537,12537,doc_12077_9286f212_chunk_0,doc_12077_9286f212
12538,12538,doc_12078_bbe467aa_chunk_0,doc_12078_bbe467aa
12539,12539,doc_12078_bbe467aa_chunk_1,doc_12078_bbe467aa
12540,12540,doc_12079_c96ac808_chunk_0,doc_12079_c96ac808
12541,12541,doc_12080_aa67c6f4_chunk_0,doc_12080_aa67c6f4
12542,12542,doc_12081_5eedb9ab_chunk_0,doc_12081_5eedb9ab
12543,12543,doc_12082_bdc13a75_chunk_0,doc_12082_bdc13a75
12544,12544,doc_12083_210bdc5e_chunk_0,doc_12083_210bdc5e
12545,12545,doc_12084_647ea790_chunk_0,doc_12084_647ea790
12546,12546,doc_12085_90ce25d0_chunk_0,doc_12085_90ce25d0
12547,12547,doc_12086_d80df63d_chunk_0,doc_12086_d80df63d
12548,12548,doc_12087_81fb214f_chunk_0,doc_12087_81fb214f
12549,12549,doc_12088_74017edc_chunk_0,doc_12088_74017edc
12550,12550,doc_12089_e386dff5_chunk_0,doc_12089_e386dff5
12551,12551,doc_12090_eb04679c_chunk_0,doc_12090_eb04679c
12552,12552,doc_12091_cdc89aca_chunk_0,doc_12091_cdc89aca
12553,12553,doc_12092_afe3ba71_chunk_0,doc_12092_afe3ba71
12554,12554,doc_12093_3fad9994_chunk_0,doc_12093_3fad9994
12555,12555,doc_12094_0573483a_chunk_0,doc_12094_0573483a
12556,12556,doc_12095_da386c2b_chunk_0,doc_12095_da386c2b
12557,12557,doc_12096_e1625b74_chunk_0,doc_12096_e1625b74
12558,12558,doc_12097_e37b7384_chunk_0,doc_12097_e37b7384
12559,12559,doc_12098_e6f6cace_chunk_0,doc_12098_e6f6cace
12560,12560,doc_12099_99664f88_chunk_0,doc_12099_99664f88
12561,12561,doc_12100_2c5d5ef4_chunk_0,doc_12100_2c5d5ef4
12562,12562,doc_12101_f74ef85a_chunk_0,doc_12101_f74ef85a
12563,12563,doc_12102_c6a51609_chunk_0,doc_12102_c6a51609
12564,12564,doc_12103_e761400f_chunk_0,doc_12103_e761400f
12565,12565,doc_12104_4065058a_chunk_0,doc_12104_4065058a
12566,12566,doc_12105_7b707b40_chunk_0,doc_12105_7b707b40
12567,12567,doc_12106_924c6cd3_chunk_0,doc_12106_924c6cd3
12568,12568,doc_12107_c08a9061_chunk_0,doc_12107_c08a9061
12569,12569,doc_12108_859278f8_chunk_0,doc_12108_859278f8
12570,12570,doc_12109_bf6409e4_chunk_0,doc_12109_bf6409e4
12571,12571,doc_12110_4b8a14a5_chunk_0,doc_12110_4b8a14a5
12572,12572,doc_12111_c7bab05a_chunk_0,doc_12111_c7bab05a
12573,12573,doc_12112_8e950251_chunk_0,doc_12112_8e950251
12574,12574,doc_12113_53c392e6_chunk_0,doc_12113_53c392e6
12575,12575,doc_12114_37948497_chunk_0,doc_12114_37948497
12576,12576,doc_12115_7625f9ba_chunk_0,doc_12115_7625f9ba
12577,12577,doc_12116_ec43ba86_chunk_0,doc_12116_ec43ba86
12578,12578,doc_12117_b625181c_chunk_0,doc_12117_b625181c
12579,12579,doc_12118_f9257b0c_chunk_0,doc_12118_f9257b0c
12580,12580,doc_12119_28524497_chunk_0,doc_12119_28524497
12581,12581,doc_12120_8750f76a_chunk_0,doc_12120_8750f76a
12582,12582,doc_12121_a7b8cb85_chunk_0,doc_12121_a7b8cb85
12583,12583,doc_12122_b1aa20e5_chunk_0,doc_12122_b1aa20e5
12584,12584,doc_12123_5ffa06e8_chunk_0,doc_12123_5ffa06e8
12585,12585,doc_12124_30268a70_chunk_0,doc_12124_30268a70
12586,12586,doc_12125_4e50e087_chunk_0,doc_12125_4e50e087
12587,12587,doc_12126_aa13afc4_chunk_0,doc_12126_aa13afc4
12588,12588,doc_12127_5bb47d10_chunk_0,doc_12127_5bb47d10
12589,12589,doc_12128_be5660d2_chunk_0,doc_12128_be5660d2
12590,12590,doc_12129_ff505108_chunk_0,doc_12129_ff505108
12591,12591,doc_12130_d90fe3e7_chunk_0,doc_12130_d90fe3e7
12592,12592,doc_12131_98bd184b_chunk_0,doc_12131_98bd184b
12593,12593,doc_12132_4335e1e8_chunk_0,doc_12132_4335e1e8
12594,12594,doc_12133_8f7b0614_chunk_0,doc_12133_8f7b0614
12595,12595,doc_12134_b2a17739_chunk_0,doc_12134_b2a17739
12596,12596,doc_12135_76b9b290_chunk_0,doc_12135_76b9b290
12597,12597,doc_12136_aae2a2ae_chunk_0,doc_12136_aae2a2ae
12598,12598,doc_12137_50cb2b2d_chunk_0,doc_12137_50cb2b2d
12599,12599,doc_12138_6ba3dcb4_chunk_0,doc_12138_6ba3dcb4
12600,12600,doc_12139_117c0197_chunk_0,doc_12139_117c0197
12601,12601,doc_12140_dcd12a2a_chunk_0,doc_12140_dcd12a2a
12602,12602,doc_12141_4ac98aff_chunk_0,doc_12141_4ac98aff
12603,12603,doc_12142_61f0d664_chunk_0,doc_12142_61f0d664
12604,12604,doc_12143_1bfcc48d_chunk_0,doc_12143_1bfcc48d
12605,12605,doc_12144_fd85b76b_chunk_0,doc_12144_fd85b76b
12606,12606,doc_12145_8a2edcfa_chunk_0,doc_12145_8a2edcfa
12607,12607,doc_12146_c0133082_chunk_0,doc_12146_c0133082
12608,12608,doc_12147_ad6bbc77_chunk_0,doc_12147_ad6bbc77
12609,12609,doc_12148_05476604_chunk_0,doc_12148_05476604
12610,12610,doc_12149_ab3ae183_chunk_0,doc_12149_ab3ae183
12611,12611,doc_12150_eb6b4951_chunk_0,doc_12150_eb6b4951
12612,12612,doc_12151_f440d6b9_chunk_0,doc_12151_f440d6b9
12613,12613,doc_12152_af048a38_chunk_0,doc_12152_af048a38
12614,12614,doc_12153_1881ce02_chunk_0,doc_12153_1881ce02
12615,12615,doc_12154_d448307b_chunk_0,doc_12154_d448307b
12616,12616,doc_12155_a6867121_chunk_0,doc_12155_a6867121
12617,12617,doc_12156_c85f2cfc_chunk_0,doc_12156_c85f2cfc
12618,12618,doc_12157_752ec365_chunk_0,doc_12157_752ec365
12619,12619,doc_12158_42f5df90_chunk_0,doc_12158_42f5df90
12620,12620,doc_12159_307d372f_chunk_0,doc_12159_307d372f
12621,12621,doc_12160_70f4c96e_chunk_0,doc_12160_70f4c96e
12622,12622,doc_12161_4275fdba_chunk_0,doc_12161_4275fdba
12623,12623,doc_12162_c49849fb_chunk_0,doc_12162_c49849fb
12624,12624,doc_12163_049f648c_chunk_0,doc_12163_049f648c
12625,12625,doc_12164_e205c6bb_chunk_0,doc_12164_e205c6bb
12626,12626,doc_12165_f4858095_chunk_0,doc_12165_f4858095
12627,12627,doc_12166_221a3393_chunk_0,doc_12166_221a3393
12628,12628,doc_12167_77bb898f_chunk_0,doc_12167_77bb898f
12629,12629,doc_12168_68961471_chunk_0,doc_12168_68961471
12630,12630,doc_12169_a26b34ca_chunk_0,doc_12169_a26b34ca
12631,12631,doc_12170_6575d98d_chunk_0,doc_12170_6575d98d
12632,12632,doc_12171_bab98ebe_chunk_0,doc_12171_bab98ebe
12633,12633,doc_12172_067417d4_chunk_0,doc_12172_067417d4
12634,12634,doc_12173_727cc51d_chunk_0,doc_12173_727cc51d
12635,12635,doc_12174_27ed3369_chunk_0,doc_12174_27ed3369
12636,12636,doc_12175_5da13e49_chunk_0,doc_12175_5da13e49
12637,12637,doc_12176_4997c29c_chunk_0,doc_12176_4997c29c
12638,12638,doc_12177_e1af6cc9_chunk_0,doc_12177_e1af6cc9
12639,12639,doc_12178_60ce89e1_chunk_0,doc_12178_60ce89e1
12640,12640,doc_12179_ae2594a6_chunk_0,doc_12179_ae2594a6
12641,12641,doc_12180_043f9b68_chunk_0,doc_12180_043f9b68
12642,12642,doc_12181_c4e7f0e4_chunk_0,doc_12181_c4e7f0e4
12643,12643,doc_12182_49e0c63d_chunk_0,doc_12182_49e0c63d
12644,12644,doc_12183_7d024812_chunk_0,doc_12183_7d024812
12645,12645,doc_12184_efdb27da_chunk_0,doc_12184_efdb27da
12646,12646,doc_12185_c5a4abda_chunk_0,doc_12185_c5a4abda
12647,12647,doc_12185_c5a4abda_chunk_1,doc_12185_c5a4abda
12648,12648,doc_12186_a7353a64_chunk_0,doc_12186_a7353a64
12649,12649,doc_12187_94311da9_chunk_0,doc_12187_94311da9
12650,12650,doc_12188_7f17982e_chunk_0,doc_12188_7f17982e
12651,12651,doc_12189_d44bdc58_chunk_0,doc_12189_d44bdc58
12652,12652,doc_12190_825a60da_chunk_0,doc_12190_825a60da
12653,12653,doc_12191_80bb3dd3_chunk_0,doc_12191_80bb3dd3
12654,12654,doc_12192_d1be343a_chunk_0,doc_12192_d1be343a
12655,12655,doc_12193_8a5fae23_chunk_0,doc_12193_8a5fae23
12656,12656,doc_12194_3cf53e81_chunk_0,doc_12194_3cf53e81
12657,12657,doc_12195_b239dfbd_chunk_0,doc_12195_b239dfbd
12658,12658,doc_12196_b92f5436_chunk_0,doc_12196_b92f5436
12659,12659,doc_12197_9a58f8ac_chunk_0,doc_12197_9a58f8ac
12660,12660,doc_12198_512a26c3_chunk_0,doc_12198_512a26c3
12661,12661,doc_12199_73ee2515_chunk_0,doc_12199_73ee2515
12662,12662,doc_12200_95801301_chunk_0,doc_12200_95801301
12663,12663,doc_12201_c59fc9a0_chunk_0,doc_12201_c59fc9a0
12664,12664,doc_12202_705d9b8e_chunk_0,doc_12202_705d9b8e
12665,12665,doc_12203_a387e78f_chunk_0,doc_12203_a387e78f
12666,12666,doc_12204_6bdba59e_chunk_0,doc_12204_6bdba59e
12667,12667,doc_12205_1c096aef_chunk_0,doc_12205_1c096aef
12668,12668,doc_12206_b474aa0e_chunk_0,doc_12206_b474aa0e
12669,12669,doc_12207_f408afc7_chunk_0,doc_12207_f408afc7
12670,12670,doc_12208_cef980df_chunk_0,doc_12208_cef980df
12671,12671,doc_12209_1fe5ae36_chunk_0,doc_12209_1fe5ae36
12672,12672,doc_12210_61bd4297_chunk_0,doc_12210_61bd4297
12673,12673,doc_12211_e06e1ac0_chunk_0,doc_12211_e06e1ac0
12674,12674,doc_12212_2379ee00_chunk_0,doc_12212_2379ee00
12675,12675,doc_12213_afc725ec_chunk_0,doc_12213_afc725ec
12676,12676,doc_12214_3e905b9b_chunk_0,doc_12214_3e905b9b
12677,12677,doc_12215_10093ab7_chunk_0,doc_12215_10093ab7
12678,12678,doc_12216_096494fb_chunk_0,doc_12216_096494fb
12679,12679,doc_12217_b7e95c1c_chunk_0,doc_12217_b7e95c1c
12680,12680,doc_12218_008981a4_chunk_0,doc_12218_008981a4
12681,12681,doc_12219_16d49c39_chunk_0,doc_12219_16d49c39
12682,12682,doc_12220_a14c4c77_chunk_0,doc_12220_a14c4c77
12683,12683,doc_12221_0ff48fc5_chunk_0,doc_12221_0ff48fc5
12684,12684,doc_12222_17d0604d_chunk_0,doc_12222_17d0604d
12685,12685,doc_12223_cd1c2f54_chunk_0,doc_12223_cd1c2f54
12686,12686,doc_12224_57ad5508_chunk_0,doc_12224_57ad5508
12687,12687,doc_12225_1fcb636c_chunk_0,doc_12225_1fcb636c
12688,12688,doc_12226_82bbff4e_chunk_0,doc_12226_82bbff4e
12689,12689,doc_12227_7f8bb5b3_chunk_0,doc_12227_7f8bb5b3
12690,12690,doc_12228_3c6adbe1_chunk_0,doc_12228_3c6adbe1
12691,12691,doc_12229_7a864fc4_chunk_0,doc_12229_7a864fc4
12692,12692,doc_12230_59fda4b6_chunk_0,doc_12230_59fda4b6
12693,12693,doc_12231_47c60cbd_chunk_0,doc_12231_47c60cbd
12694,12694,doc_12232_8b79ca8b_chunk_0,doc_12232_8b79ca8b
12695,12695,doc_12233_59ceed9b_chunk_0,doc_12233_59ceed9b
12696,12696,doc_12234_3246b8be_chunk_0,doc_12234_3246b8be
12697,12697,doc_12235_43ecf62c_chunk_0,doc_12235_43ecf62c
12698,12698,doc_12236_86093641_chunk_0,doc_12236_86093641
12699,12699,doc_12236_86093641_chunk_1,doc_12236_86093641
12700,12700,doc_12237_87dcd40a_chunk_0,doc_12237_87dcd40a
12701,12701,doc_12237_87dcd40a_chunk_1,doc_12237_87dcd40a
12702,12702,doc_12238_125c81f7_chunk_0,doc_12238_125c81f7
12703,12703,doc_12238_125c81f7_chunk_1,doc_12238_125c81f7
12704,12704,doc_12239_5a8d9527_chunk_0,doc_12239_5a8d9527
12705,12705,doc_12240_b5052dc6_chunk_0,doc_12240_b5052dc6
12706,12706,doc_12241_c23f5058_chunk_0,doc_12241_c23f5058
12707,12707,doc_12242_7e436e98_chunk_0,doc_12242_7e436e98
12708,12708,doc_12242_7e436e98_chunk_1,doc_12242_7e436e98
12709,12709,doc_12243_e99d9201_chunk_0,doc_12243_e99d9201
12710,12710,doc_12243_e99d9201_chunk_1,doc_12243_e99d9201
12711,12711,doc_12244_f0a1863b_chunk_0,doc_12244_f0a1863b
12712,12712,doc_12245_7ee6b627_chunk_0,doc_12245_7ee6b627
12713,12713,doc_12245_7ee6b627_chunk_1,doc_12245_7ee6b627
12714,12714,doc_12246_7690e94a_chunk_0,doc_12246_7690e94a
12715,12715,doc_12247_823a1eea_chunk_0,doc_12247_823a1eea
12716,12716,doc_12247_823a1eea_chunk_1,doc_12247_823a1eea
12717,12717,doc_12248_9d53b141_chunk_0,doc_12248_9d53b141
12718,12718,doc_12248_9d53b141_chunk_1,doc_12248_9d53b141
12719,12719,doc_12249_a16cfcf2_chunk_0,doc_12249_a16cfcf2
12720,12720,doc_12249_a16cfcf2_chunk_1,doc_12249_a16cfcf2
12721,12721,doc_12250_21dc1d98_chunk_0,doc_12250_21dc1d98
12722,12722,doc_12251_525d440a_chunk_0,doc_12251_525d440a
12723,12723,doc_12252_7d9420de_chunk_0,doc_12252_7d9420de
12724,12724,doc_12252_7d9420de_chunk_1,doc_12252_7d9420de
12725,12725,doc_12253_28c691d1_chunk_0,doc_12253_28c691d1
12726,12726,doc_12254_14868867_chunk_0,doc_12254_14868867
12727,12727,doc_12255_d136f2bc_chunk_0,doc_12255_d136f2bc
12728,12728,doc_12256_7e8964e0_chunk_0,doc_12256_7e8964e0
12729,12729,doc_12257_75338ec0_chunk_0,doc_12257_75338ec0
12730,12730,doc_12258_bc27d003_chunk_0,doc_12258_bc27d003
12731,12731,doc_12259_d042e322_chunk_0,doc_12259_d042e322
12732,12732,doc_12259_d042e322_chunk_1,doc_12259_d042e322
12733,12733,doc_12260_41036e9d_chunk_0,doc_12260_41036e9d
12734,12734,doc_12261_827bfef9_chunk_0,doc_12261_827bfef9
12735,12735,doc_12262_d3625fc5_chunk_0,doc_12262_d3625fc5
12736,12736,doc_12263_019e35ec_chunk_0,doc_12263_019e35ec
12737,12737,doc_12264_aa425687_chunk_0,doc_12264_aa425687
12738,12738,doc_12265_3bb92507_chunk_0,doc_12265_3bb92507
12739,12739,doc_12266_45d25620_chunk_0,doc_12266_45d25620
12740,12740,doc_12267_e67dd373_chunk_0,doc_12267_e67dd373
12741,12741,doc_12268_78f3fcd8_chunk_0,doc_12268_78f3fcd8
12742,12742,doc_12269_36cbd6e4_chunk_0,doc_12269_36cbd6e4
12743,12743,doc_12270_de6cf860_chunk_0,doc_12270_de6cf860
12744,12744,doc_12271_ae0e5943_chunk_0,doc_12271_ae0e5943
12745,12745,doc_12272_8d5b19b6_chunk_0,doc_12272_8d5b19b6
12746,12746,doc_12273_73a1dbeb_chunk_0,doc_12273_73a1dbeb
12747,12747,doc_12274_024d23d3_chunk_0,doc_12274_024d23d3
12748,12748,doc_12275_64665259_chunk_0,doc_12275_64665259
12749,12749,doc_12276_60f7b1c7_chunk_0,doc_12276_60f7b1c7
12750,12750,doc_12277_0b47ae28_chunk_0,doc_12277_0b47ae28
12751,12751,doc_12278_d71123a4_chunk_0,doc_12278_d71123a4
12752,12752,doc_12279_02d34504_chunk_0,doc_12279_02d34504
12753,12753,doc_12280_b59ce366_chunk_0,doc_12280_b59ce366
12754,12754,doc_12281_59c6e776_chunk_0,doc_12281_59c6e776
12755,12755,doc_12282_53fedf16_chunk_0,doc_12282_53fedf16
12756,12756,doc_12283_086c5333_chunk_0,doc_12283_086c5333
12757,12757,doc_12284_e6e1ee2d_chunk_0,doc_12284_e6e1ee2d
12758,12758,doc_12285_54b24b92_chunk_0,doc_12285_54b24b92
12759,12759,doc_12286_9893bbbd_chunk_0,doc_12286_9893bbbd
12760,12760,doc_12287_49e404d2_chunk_0,doc_12287_49e404d2
12761,12761,doc_12288_45716bea_chunk_0,doc_12288_45716bea
12762,12762,doc_12289_5b0a5eaf_chunk_0,doc_12289_5b0a5eaf
12763,12763,doc_12290_4378b8a1_chunk_0,doc_12290_4378b8a1
12764,12764,doc_12291_f0ff14b6_chunk_0,doc_12291_f0ff14b6
12765,12765,doc_12292_03f2713c_chunk_0,doc_12292_03f2713c
12766,12766,doc_12293_26393862_chunk_0,doc_12293_26393862
12767,12767,doc_12294_e153a3b2_chunk_0,doc_12294_e153a3b2
12768,12768,doc_12295_f8d6bdaa_chunk_0,doc_12295_f8d6bdaa
12769,12769,doc_12296_5cda5aa0_chunk_0,doc_12296_5cda5aa0
12770,12770,doc_12297_a9f91711_chunk_0,doc_12297_a9f91711
12771,12771,doc_12298_200e5230_chunk_0,doc_12298_200e5230
12772,12772,doc_12299_509d5cea_chunk_0,doc_12299_509d5cea
12773,12773,doc_12300_c56dc241_chunk_0,doc_12300_c56dc241
12774,12774,doc_12301_8e338082_chunk_0,doc_12301_8e338082
12775,12775,doc_12302_b704f41c_chunk_0,doc_12302_b704f41c
12776,12776,doc_12303_57c16368_chunk_0,doc_12303_57c16368
12777,12777,doc_12304_fe5deb7f_chunk_0,doc_12304_fe5deb7f
12778,12778,doc_12305_6744aa30_chunk_0,doc_12305_6744aa30
12779,12779,doc_12306_1c3b3af9_chunk_0,doc_12306_1c3b3af9
12780,12780,doc_12307_e8e498da_chunk_0,doc_12307_e8e498da
12781,12781,doc_12308_7410ba85_chunk_0,doc_12308_7410ba85
12782,12782,doc_12309_85757d5a_chunk_0,doc_12309_85757d5a
12783,12783,doc_12310_e5ee3711_chunk_0,doc_12310_e5ee3711
12784,12784,doc_12311_dee66c16_chunk_0,doc_12311_dee66c16
12785,12785,doc_12312_e47b9651_chunk_0,doc_12312_e47b9651
12786,12786,doc_12313_3132f176_chunk_0,doc_12313_3132f176
12787,12787,doc_12314_238648c7_chunk_0,doc_12314_238648c7
12788,12788,doc_12315_45713286_chunk_0,doc_12315_45713286
12789,12789,doc_12316_b66e19e3_chunk_0,doc_12316_b66e19e3
12790,12790,doc_12317_a6569fb6_chunk_0,doc_12317_a6569fb6
12791,12791,doc_12318_5a68f79d_chunk_0,doc_12318_5a68f79d
12792,12792,doc_12319_fbb5ee51_chunk_0,doc_12319_fbb5ee51
12793,12793,doc_12320_9312738b_chunk_0,doc_12320_9312738b
12794,12794,doc_12321_31c51677_chunk_0,doc_12321_31c51677
12795,12795,doc_12322_8b0afce5_chunk_0,doc_12322_8b0afce5
12796,12796,doc_12323_196f0828_chunk_0,doc_12323_196f0828
12797,12797,doc_12324_208be477_chunk_0,doc_12324_208be477
12798,12798,doc_12325_f018c6f4_chunk_0,doc_12325_f018c6f4
12799,12799,doc_12326_9eee0e8f_chunk_0,doc_12326_9eee0e8f
12800,12800,doc_12327_a6bd6a53_chunk_0,doc_12327_a6bd6a53
12801,12801,doc_12328_379512ae_chunk_0,doc_12328_379512ae
12802,12802,doc_12329_39e98abb_chunk_0,doc_12329_39e98abb
12803,12803,doc_12330_bf45fab1_chunk_0,doc_12330_bf45fab1
12804,12804,doc_12331_7725b1b6_chunk_0,doc_12331_7725b1b6
12805,12805,doc_12332_2acb31b5_chunk_0,doc_12332_2acb31b5
12806,12806,doc_12333_d8baacb7_chunk_0,doc_12333_d8baacb7
12807,12807,doc_12334_3ce64409_chunk_0,doc_12334_3ce64409
12808,12808,doc_12335_f0b8aa58_chunk_0,doc_12335_f0b8aa58
12809,12809,doc_12336_0fb8413f_chunk_0,doc_12336_0fb8413f
12810,12810,doc_12337_c34038a1_chunk_0,doc_12337_c34038a1
12811,12811,doc_12338_9e890688_chunk_0,doc_12338_9e890688
12812,12812,doc_12338_9e890688_chunk_1,doc_12338_9e890688
12813,12813,doc_12339_3a1269dc_chunk_0,doc_12339_3a1269dc
12814,12814,doc_12339_3a1269dc_chunk_1,doc_12339_3a1269dc
12815,12815,doc_12340_e8541b94_chunk_0,doc_12340_e8541b94
12816,12816,doc_12341_9d018047_chunk_0,doc_12341_9d018047
12817,12817,doc_12342_5808401c_chunk_0,doc_12342_5808401c
12818,12818,doc_12343_ce07b2d0_chunk_0,doc_12343_ce07b2d0
12819,12819,doc_12344_62e2ba45_chunk_0,doc_12344_62e2ba45
12820,12820,doc_12345_90166a61_chunk_0,doc_12345_90166a61
12821,12821,doc_12346_372156c8_chunk_0,doc_12346_372156c8
12822,12822,doc_12347_1f2cdc6c_chunk_0,doc_12347_1f2cdc6c
12823,12823,doc_12347_1f2cdc6c_chunk_1,doc_12347_1f2cdc6c
12824,12824,doc_12348_55d1f93d_chunk_0,doc_12348_55d1f93d
12825,12825,doc_12349_1bde4561_chunk_0,doc_12349_1bde4561
12826,12826,doc_12350_82cca910_chunk_0,doc_12350_82cca910
12827,12827,doc_12351_4f18b24f_chunk_0,doc_12351_4f18b24f
12828,12828,doc_12352_7492acee_chunk_0,doc_12352_7492acee
12829,12829,doc_12353_10923270_chunk_0,doc_12353_10923270
12830,12830,doc_12354_14fd77d4_chunk_0,doc_12354_14fd77d4
12831,12831,doc_12355_fd18555c_chunk_0,doc_12355_fd18555c
12832,12832,doc_12355_fd18555c_chunk_1,doc_12355_fd18555c
12833,12833,doc_12356_b4466d46_chunk_0,doc_12356_b4466d46
12834,12834,doc_12357_c6174275_chunk_0,doc_12357_c6174275
12835,12835,doc_12358_9ab0d968_chunk_0,doc_12358_9ab0d968
12836,12836,doc_12359_13c5a8a5_chunk_0,doc_12359_13c5a8a5
12837,12837,doc_12360_bcac5459_chunk_0,doc_12360_bcac5459
12838,12838,doc_12361_db2b0539_chunk_0,doc_12361_db2b0539
12839,12839,doc_12362_2bca574b_chunk_0,doc_12362_2bca574b
12840,12840,doc_12363_2e9827dc_chunk_0,doc_12363_2e9827dc
12841,12841,doc_12364_df9b9843_chunk_0,doc_12364_df9b9843
12842,12842,doc_12365_10733150_chunk_0,doc_12365_10733150
12843,12843,doc_12366_261648db_chunk_0,doc_12366_261648db
12844,12844,doc_12367_90b09ad3_chunk_0,doc_12367_90b09ad3
12845,12845,doc_12368_a046922d_chunk_0,doc_12368_a046922d
12846,12846,doc_12369_51ce446e_chunk_0,doc_12369_51ce446e
12847,12847,doc_12370_58af5c3f_chunk_0,doc_12370_58af5c3f
12848,12848,doc_12371_47e2f03f_chunk_0,doc_12371_47e2f03f
12849,12849,doc_12372_4e11351c_chunk_0,doc_12372_4e11351c
12850,12850,doc_12373_4e9bfb5d_chunk_0,doc_12373_4e9bfb5d
12851,12851,doc_12374_ba65d0f7_chunk_0,doc_12374_ba65d0f7
12852,12852,doc_12375_1a50436f_chunk_0,doc_12375_1a50436f
12853,12853,doc_12375_1a50436f_chunk_1,doc_12375_1a50436f
12854,12854,doc_12376_96b665b1_chunk_0,doc_12376_96b665b1
12855,12855,doc_12377_67878f7c_chunk_0,doc_12377_67878f7c
12856,12856,doc_12378_636c342c_chunk_0,doc_12378_636c342c
12857,12857,doc_12379_54da28a9_chunk_0,doc_12379_54da28a9
12858,12858,doc_12380_0c67d1ed_chunk_0,doc_12380_0c67d1ed
12859,12859,doc_12380_0c67d1ed_chunk_1,doc_12380_0c67d1ed
12860,12860,doc_12381_4d33398c_chunk_0,doc_12381_4d33398c
12861,12861,doc_12382_07e010b7_chunk_0,doc_12382_07e010b7
12862,12862,doc_12383_008ad650_chunk_0,doc_12383_008ad650
12863,12863,doc_12384_5dc12bd2_chunk_0,doc_12384_5dc12bd2
12864,12864,doc_12385_8581f2e6_chunk_0,doc_12385_8581f2e6
12865,12865,doc_12386_3a6af77e_chunk_0,doc_12386_3a6af77e
12866,12866,doc_12387_626a4206_chunk_0,doc_12387_626a4206
12867,12867,doc_12387_626a4206_chunk_1,doc_12387_626a4206
12868,12868,doc_12388_cf20ec04_chunk_0,doc_12388_cf20ec04
12869,12869,doc_12389_9b908eb7_chunk_0,doc_12389_9b908eb7
12870,12870,doc_12389_9b908eb7_chunk_1,doc_12389_9b908eb7
12871,12871,doc_12390_1b51527e_chunk_0,doc_12390_1b51527e
12872,12872,doc_12390_1b51527e_chunk_1,doc_12390_1b51527e
12873,12873,doc_12391_afcf8ad6_chunk_0,doc_12391_afcf8ad6
12874,12874,doc_12391_afcf8ad6_chunk_1,doc_12391_afcf8ad6
12875,12875,doc_12392_e317ec8e_chunk_0,doc_12392_e317ec8e
12876,12876,doc_12392_e317ec8e_chunk_1,doc_12392_e317ec8e
12877,12877,doc_12393_066bb847_chunk_0,doc_12393_066bb847
12878,12878,doc_12393_066bb847_chunk_1,doc_12393_066bb847
12879,12879,doc_12393_066bb847_chunk_2,doc_12393_066bb847
12880,12880,doc_12394_cd64d817_chunk_0,doc_12394_cd64d817
12881,12881,doc_12394_cd64d817_chunk_1,doc_12394_cd64d817
12882,12882,doc_12395_8704c450_chunk_0,doc_12395_8704c450
12883,12883,doc_12396_63a48e3b_chunk_0,doc_12396_63a48e3b
12884,12884,doc_12396_63a48e3b_chunk_1,doc_12396_63a48e3b
12885,12885,doc_12397_04638b55_chunk_0,doc_12397_04638b55
12886,12886,doc_12397_04638b55_chunk_1,doc_12397_04638b55
12887,12887,doc_12398_008455ff_chunk_0,doc_12398_008455ff
12888,12888,doc_12398_008455ff_chunk_1,doc_12398_008455ff
12889,12889,doc_12399_a59c186d_chunk_0,doc_12399_a59c186d
12890,12890,doc_12399_a59c186d_chunk_1,doc_12399_a59c186d
12891,12891,doc_12400_9b08fe75_chunk_0,doc_12400_9b08fe75
12892,12892,doc_12400_9b08fe75_chunk_1,doc_12400_9b08fe75
12893,12893,doc_12400_9b08fe75_chunk_2,doc_12400_9b08fe75
12894,12894,doc_12401_e516d7f8_chunk_0,doc_12401_e516d7f8
12895,12895,doc_12401_e516d7f8_chunk_1,doc_12401_e516d7f8
12896,12896,doc_12402_34eba982_chunk_0,doc_12402_34eba982
12897,12897,doc_12402_34eba982_chunk_1,doc_12402_34eba982
12898,12898,doc_12403_44a1cd02_chunk_0,doc_12403_44a1cd02
12899,12899,doc_12403_44a1cd02_chunk_1,doc_12403_44a1cd02
12900,12900,doc_12404_e72f90b3_chunk_0,doc_12404_e72f90b3
12901,12901,doc_12404_e72f90b3_chunk_1,doc_12404_e72f90b3
12902,12902,doc_12405_f07071eb_chunk_0,doc_12405_f07071eb
12903,12903,doc_12405_f07071eb_chunk_1,doc_12405_f07071eb
12904,12904,doc_12406_83b4cafe_chunk_0,doc_12406_83b4cafe
12905,12905,doc_12406_83b4cafe_chunk_1,doc_12406_83b4cafe
12906,12906,doc_12407_1ac343a7_chunk_0,doc_12407_1ac343a7
12907,12907,doc_12407_1ac343a7_chunk_1,doc_12407_1ac343a7
12908,12908,doc_12407_1ac343a7_chunk_2,doc_12407_1ac343a7
12909,12909,doc_12408_024075e6_chunk_0,doc_12408_024075e6
12910,12910,doc_12408_024075e6_chunk_1,doc_12408_024075e6
12911,12911,doc_12409_86dee098_chunk_0,doc_12409_86dee098
12912,12912,doc_12409_86dee098_chunk_1,doc_12409_86dee098
12913,12913,doc_12410_79e4c7ba_chunk_0,doc_12410_79e4c7ba
12914,12914,doc_12410_79e4c7ba_chunk_1,doc_12410_79e4c7ba
12915,12915,doc_12411_4a6b4cc6_chunk_0,doc_12411_4a6b4cc6
12916,12916,doc_12411_4a6b4cc6_chunk_1,doc_12411_4a6b4cc6
12917,12917,doc_12412_00da37eb_chunk_0,doc_12412_00da37eb
12918,12918,doc_12412_00da37eb_chunk_1,doc_12412_00da37eb
12919,12919,doc_12413_6b3c11ac_chunk_0,doc_12413_6b3c11ac
12920,12920,doc_12413_6b3c11ac_chunk_1,doc_12413_6b3c11ac
12921,12921,doc_12414_b83dcba6_chunk_0,doc_12414_b83dcba6
12922,12922,doc_12414_b83dcba6_chunk_1,doc_12414_b83dcba6
12923,12923,doc_12414_b83dcba6_chunk_2,doc_12414_b83dcba6
12924,12924,doc_12415_7de3e4cc_chunk_0,doc_12415_7de3e4cc
12925,12925,doc_12415_7de3e4cc_chunk_1,doc_12415_7de3e4cc
12926,12926,doc_12416_8eb6b2bf_chunk_0,doc_12416_8eb6b2bf
12927,12927,doc_12417_d40af114_chunk_0,doc_12417_d40af114
12928,12928,doc_12418_5df05efc_chunk_0,doc_12418_5df05efc
12929,12929,doc_12419_39a400f5_chunk_0,doc_12419_39a400f5
12930,12930,doc_12420_8152f2ce_chunk_0,doc_12420_8152f2ce
12931,12931,doc_12421_3fa45dad_chunk_0,doc_12421_3fa45dad
12932,12932,doc_12422_ddd1ab21_chunk_0,doc_12422_ddd1ab21
12933,12933,doc_12423_09255d04_chunk_0,doc_12423_09255d04
12934,12934,doc_12424_06c80112_chunk_0,doc_12424_06c80112
12935,12935,doc_12425_92aa22bf_chunk_0,doc_12425_92aa22bf
12936,12936,doc_12426_e32a541c_chunk_0,doc_12426_e32a541c
12937,12937,doc_12427_bb509628_chunk_0,doc_12427_bb509628
12938,12938,doc_12428_002f005b_chunk_0,doc_12428_002f005b
12939,12939,doc_12429_0fb34931_chunk_0,doc_12429_0fb34931
12940,12940,doc_12430_9973cb8b_chunk_0,doc_12430_9973cb8b
12941,12941,doc_12431_92712f5b_chunk_0,doc_12431_92712f5b
12942,12942,doc_12432_4e60373f_chunk_0,doc_12432_4e60373f
12943,12943,doc_12433_0c703df4_chunk_0,doc_12433_0c703df4
12944,12944,doc_12434_bf6f6f1d_chunk_0,doc_12434_bf6f6f1d
12945,12945,doc_12435_1daf1024_chunk_0,doc_12435_1daf1024
12946,12946,doc_12436_f457f9fe_chunk_0,doc_12436_f457f9fe
12947,12947,doc_12437_99ffb466_chunk_0,doc_12437_99ffb466
12948,12948,doc_12438_9997bca1_chunk_0,doc_12438_9997bca1
12949,12949,doc_12439_be869be9_chunk_0,doc_12439_be869be9
12950,12950,doc_12440_7184781b_chunk_0,doc_12440_7184781b
12951,12951,doc_12441_9aa04aa9_chunk_0,doc_12441_9aa04aa9
12952,12952,doc_12442_cefc4718_chunk_0,doc_12442_cefc4718
12953,12953,doc_12443_1ac6fb61_chunk_0,doc_12443_1ac6fb61
12954,12954,doc_12444_2c64ff51_chunk_0,doc_12444_2c64ff51
12955,12955,doc_12445_1ac82d3e_chunk_0,doc_12445_1ac82d3e
12956,12956,doc_12446_0603ab33_chunk_0,doc_12446_0603ab33
12957,12957,doc_12447_2e797244_chunk_0,doc_12447_2e797244
12958,12958,doc_12448_80183002_chunk_0,doc_12448_80183002
12959,12959,doc_12449_468e8e88_chunk_0,doc_12449_468e8e88
12960,12960,doc_12450_caa0dde4_chunk_0,doc_12450_caa0dde4
12961,12961,doc_12451_508a8050_chunk_0,doc_12451_508a8050
12962,12962,doc_12452_fd909048_chunk_0,doc_12452_fd909048
12963,12963,doc_12453_1db578c9_chunk_0,doc_12453_1db578c9
12964,12964,doc_12454_b847b18c_chunk_0,doc_12454_b847b18c
12965,12965,doc_12455_ce3c32a1_chunk_0,doc_12455_ce3c32a1
12966,12966,doc_12456_d87946e0_chunk_0,doc_12456_d87946e0
12967,12967,doc_12457_ac3381d6_chunk_0,doc_12457_ac3381d6
12968,12968,doc_12458_c9bfc59f_chunk_0,doc_12458_c9bfc59f
12969,12969,doc_12459_0ee267bb_chunk_0,doc_12459_0ee267bb
12970,12970,doc_12460_07ff4417_chunk_0,doc_12460_07ff4417
12971,12971,doc_12461_bf9c34c1_chunk_0,doc_12461_bf9c34c1
12972,12972,doc_12462_cb94e592_chunk_0,doc_12462_cb94e592
12973,12973,doc_12463_5634c367_chunk_0,doc_12463_5634c367
12974,12974,doc_12464_698f5c1c_chunk_0,doc_12464_698f5c1c
12975,12975,doc_12465_ff5484d3_chunk_0,doc_12465_ff5484d3
12976,12976,doc_12466_d0712806_chunk_0,doc_12466_d0712806
12977,12977,doc_12467_b0c79b86_chunk_0,doc_12467_b0c79b86
12978,12978,doc_12468_642c5d34_chunk_0,doc_12468_642c5d34
12979,12979,doc_12469_50f389c7_chunk_0,doc_12469_50f389c7
12980,12980,doc_12470_d86fd1ab_chunk_0,doc_12470_d86fd1ab
12981,12981,doc_12471_4d54533e_chunk_0,doc_12471_4d54533e
12982,12982,doc_12472_ba1c3a79_chunk_0,doc_12472_ba1c3a79
12983,12983,doc_12473_d9228f68_chunk_0,doc_12473_d9228f68
12984,12984,doc_12474_1586ce15_chunk_0,doc_12474_1586ce15
12985,12985,doc_12475_ebe75002_chunk_0,doc_12475_ebe75002
12986,12986,doc_12476_d5ce39b7_chunk_0,doc_12476_d5ce39b7
12987,12987,doc_12477_6aae3a03_chunk_0,doc_12477_6aae3a03
12988,12988,doc_12478_59c2928e_chunk_0,doc_12478_59c2928e
12989,12989,doc_12479_b90c26ff_chunk_0,doc_12479_b90c26ff
12990,12990,doc_12480_9e9bc626_chunk_0,doc_12480_9e9bc626
12991,12991,doc_12481_781acc30_chunk_0,doc_12481_781acc30
12992,12992,doc_12482_3282ad1a_chunk_0,doc_12482_3282ad1a
12993,12993,doc_12483_13ff6a10_chunk_0,doc_12483_13ff6a10
12994,12994,doc_12484_680a9f07_chunk_0,doc_12484_680a9f07
12995,12995,doc_12485_554727fc_chunk_0,doc_12485_554727fc
12996,12996,doc_12486_2c17f147_chunk_0,doc_12486_2c17f147
12997,12997,doc_12487_fadb1543_chunk_0,doc_12487_fadb1543
12998,12998,doc_12488_3059bfe7_chunk_0,doc_12488_3059bfe7
12999,12999,doc_12489_10ac86d9_chunk_0,doc_12489_10ac86d9
13000,13000,doc_12490_7e33710b_chunk_0,doc_12490_7e33710b
13001,13001,doc_12491_8412e579_chunk_0,doc_12491_8412e579
13002,13002,doc_12492_fb663239_chunk_0,doc_12492_fb663239
13003,13003,doc_12493_ea0461f7_chunk_0,doc_12493_ea0461f7
13004,13004,doc_12494_ce35681a_chunk_0,doc_12494_ce35681a
13005,13005,doc_12495_2f91261d_chunk_0,doc_12495_2f91261d
13006,13006,doc_12496_8e20f66d_chunk_0,doc_12496_8e20f66d
13007,13007,doc_12497_7db568ca_chunk_0,doc_12497_7db568ca
13008,13008,doc_12498_795d86c3_chunk_0,doc_12498_795d86c3
13009,13009,doc_12499_cc1b6a5a_chunk_0,doc_12499_cc1b6a5a
13010,13010,doc_12500_a6941c5a_chunk_0,doc_12500_a6941c5a
13011,13011,doc_12501_9cf8318b_chunk_0,doc_12501_9cf8318b
13012,13012,doc_12502_598846d8_chunk_0,doc_12502_598846d8
13013,13013,doc_12503_4fc7bf99_chunk_0,doc_12503_4fc7bf99
13014,13014,doc_12504_be54837d_chunk_0,doc_12504_be54837d
13015,13015,doc_12505_78ee7e85_chunk_0,doc_12505_78ee7e85
13016,13016,doc_12506_43f67e91_chunk_0,doc_12506_43f67e91
13017,13017,doc_12507_03f54684_chunk_0,doc_12507_03f54684
13018,13018,doc_12508_8877955a_chunk_0,doc_12508_8877955a
13019,13019,doc_12509_a79c6ebc_chunk_0,doc_12509_a79c6ebc
13020,13020,doc_12510_6858cde4_chunk_0,doc_12510_6858cde4
13021,13021,doc_12511_497dd6ea_chunk_0,doc_12511_497dd6ea
13022,13022,doc_12512_65fc9aa4_chunk_0,doc_12512_65fc9aa4
13023,13023,doc_12513_5b8dba58_chunk_0,doc_12513_5b8dba58
13024,13024,doc_12514_b188ceb8_chunk_0,doc_12514_b188ceb8
13025,13025,doc_12515_1c954c3b_chunk_0,doc_12515_1c954c3b
13026,13026,doc_12516_40db3258_chunk_0,doc_12516_40db3258
13027,13027,doc_12517_7fcd226a_chunk_0,doc_12517_7fcd226a
13028,13028,doc_12518_1223c32f_chunk_0,doc_12518_1223c32f
13029,13029,doc_12519_25432b97_chunk_0,doc_12519_25432b97
13030,13030,doc_12520_683a0a2e_chunk_0,doc_12520_683a0a2e
13031,13031,doc_12521_43808644_chunk_0,doc_12521_43808644
13032,13032,doc_12522_092b802b_chunk_0,doc_12522_092b802b
13033,13033,doc_12523_be7ec67a_chunk_0,doc_12523_be7ec67a
13034,13034,doc_12524_8d834c58_chunk_0,doc_12524_8d834c58
13035,13035,doc_12525_3a6becac_chunk_0,doc_12525_3a6becac
13036,13036,doc_12526_2025871c_chunk_0,doc_12526_2025871c
13037,13037,doc_12527_0e2a3219_chunk_0,doc_12527_0e2a3219
13038,13038,doc_12528_b0a4de61_chunk_0,doc_12528_b0a4de61
13039,13039,doc_12529_de9d92cd_chunk_0,doc_12529_de9d92cd
13040,13040,doc_12530_3bf41d50_chunk_0,doc_12530_3bf41d50
13041,13041,doc_12531_11e1329d_chunk_0,doc_12531_11e1329d
13042,13042,doc_12532_b5b87401_chunk_0,doc_12532_b5b87401
13043,13043,doc_12533_41c01fc0_chunk_0,doc_12533_41c01fc0
13044,13044,doc_12534_289873bf_chunk_0,doc_12534_289873bf
13045,13045,doc_12535_d2a6453e_chunk_0,doc_12535_d2a6453e
13046,13046,doc_12536_09775730_chunk_0,doc_12536_09775730
13047,13047,doc_12537_69f4f909_chunk_0,doc_12537_69f4f909
13048,13048,doc_12538_a6d55766_chunk_0,doc_12538_a6d55766
13049,13049,doc_12538_a6d55766_chunk_1,doc_12538_a6d55766
13050,13050,doc_12539_a884e498_chunk_0,doc_12539_a884e498
13051,13051,doc_12540_a57861d3_chunk_0,doc_12540_a57861d3
13052,13052,doc_12541_581b5863_chunk_0,doc_12541_581b5863
13053,13053,doc_12542_e0227d94_chunk_0,doc_12542_e0227d94
13054,13054,doc_12543_984c84db_chunk_0,doc_12543_984c84db
13055,13055,doc_12544_40edad82_chunk_0,doc_12544_40edad82
13056,13056,doc_12545_c31e5496_chunk_0,doc_12545_c31e5496
13057,13057,doc_12546_792e5ac3_chunk_0,doc_12546_792e5ac3
13058,13058,doc_12547_635bd155_chunk_0,doc_12547_635bd155
13059,13059,doc_12547_635bd155_chunk_1,doc_12547_635bd155
13060,13060,doc_12548_473ea332_chunk_0,doc_12548_473ea332
13061,13061,doc_12549_343814a3_chunk_0,doc_12549_343814a3
13062,13062,doc_12550_2f1be2a1_chunk_0,doc_12550_2f1be2a1
13063,13063,doc_12551_5c0e53ba_chunk_0,doc_12551_5c0e53ba
13064,13064,doc_12552_cef1897f_chunk_0,doc_12552_cef1897f
13065,13065,doc_12553_302bc401_chunk_0,doc_12553_302bc401
13066,13066,doc_12554_fadb9ca2_chunk_0,doc_12554_fadb9ca2
13067,13067,doc_12554_fadb9ca2_chunk_1,doc_12554_fadb9ca2
13068,13068,doc_12555_ea00aee5_chunk_0,doc_12555_ea00aee5
13069,13069,doc_12556_fe139bdb_chunk_0,doc_12556_fe139bdb
13070,13070,doc_12557_02e9476b_chunk_0,doc_12557_02e9476b
13071,13071,doc_12558_5cf98ec2_chunk_0,doc_12558_5cf98ec2
13072,13072,doc_12558_5cf98ec2_chunk_1,doc_12558_5cf98ec2
13073,13073,doc_12559_457df2a1_chunk_0,doc_12559_457df2a1
13074,13074,doc_12560_00ab8aaf_chunk_0,doc_12560_00ab8aaf
13075,13075,doc_12561_0b5579f3_chunk_0,doc_12561_0b5579f3
13076,13076,doc_12562_7ff90329_chunk_0,doc_12562_7ff90329
13077,13077,doc_12563_297594c7_chunk_0,doc_12563_297594c7
13078,13078,doc_12563_297594c7_chunk_1,doc_12563_297594c7
13079,13079,doc_12564_4fe3e028_chunk_0,doc_12564_4fe3e028
13080,13080,doc_12565_1129b016_chunk_0,doc_12565_1129b016
13081,13081,doc_12566_9c8fd063_chunk_0,doc_12566_9c8fd063
13082,13082,doc_12567_56a3c8cd_chunk_0,doc_12567_56a3c8cd
13083,13083,doc_12568_03c17d5d_chunk_0,doc_12568_03c17d5d
13084,13084,doc_12569_f10ad044_chunk_0,doc_12569_f10ad044
13085,13085,doc_12570_574d592f_chunk_0,doc_12570_574d592f
13086,13086,doc_12571_3dd4b998_chunk_0,doc_12571_3dd4b998
13087,13087,doc_12572_8e0b8adf_chunk_0,doc_12572_8e0b8adf
13088,13088,doc_12573_4588cf1c_chunk_0,doc_12573_4588cf1c
13089,13089,doc_12574_4262a31e_chunk_0,doc_12574_4262a31e
13090,13090,doc_12575_8da164a5_chunk_0,doc_12575_8da164a5
13091,13091,doc_12576_91f73d01_chunk_0,doc_12576_91f73d01
13092,13092,doc_12577_efdb6285_chunk_0,doc_12577_efdb6285
13093,13093,doc_12578_3b1113ae_chunk_0,doc_12578_3b1113ae
13094,13094,doc_12578_3b1113ae_chunk_1,doc_12578_3b1113ae
13095,13095,doc_12579_bf9d7155_chunk_0,doc_12579_bf9d7155
13096,13096,doc_12580_25b5d90a_chunk_0,doc_12580_25b5d90a
13097,13097,doc_12581_4f0d13aa_chunk_0,doc_12581_4f0d13aa
13098,13098,doc_12582_d39a1a58_chunk_0,doc_12582_d39a1a58
13099,13099,doc_12583_adbb5bf2_chunk_0,doc_12583_adbb5bf2
13100,13100,doc_12584_1fe289bf_chunk_0,doc_12584_1fe289bf
13101,13101,doc_12585_00b35b4c_chunk_0,doc_12585_00b35b4c
13102,13102,doc_12586_dc065445_chunk_0,doc_12586_dc065445
13103,13103,doc_12587_c03aa23c_chunk_0,doc_12587_c03aa23c
13104,13104,doc_12588_160d29af_chunk_0,doc_12588_160d29af
13105,13105,doc_12589_2110f6f5_chunk_0,doc_12589_2110f6f5
13106,13106,doc_12590_6faab209_chunk_0,doc_12590_6faab209
13107,13107,doc_12591_185c757d_chunk_0,doc_12591_185c757d
13108,13108,doc_12592_8183cda9_chunk_0,doc_12592_8183cda9
13109,13109,doc_12593_5f941f86_chunk_0,doc_12593_5f941f86
13110,13110,doc_12594_278dc439_chunk_0,doc_12594_278dc439
13111,13111,doc_12595_3929d84d_chunk_0,doc_12595_3929d84d
13112,13112,doc_12596_5c79e463_chunk_0,doc_12596_5c79e463
13113,13113,doc_12597_e9e6a64c_chunk_0,doc_12597_e9e6a64c
13114,13114,doc_12598_2f358c22_chunk_0,doc_12598_2f358c22
13115,13115,doc_12599_73a5831f_chunk_0,doc_12599_73a5831f
13116,13116,doc_12600_dad38e23_chunk_0,doc_12600_dad38e23
13117,13117,doc_12601_9dede479_chunk_0,doc_12601_9dede479
13118,13118,doc_12602_4d3f1c77_chunk_0,doc_12602_4d3f1c77
13119,13119,doc_12603_e17cef19_chunk_0,doc_12603_e17cef19
13120,13120,doc_12604_c4f2bd43_chunk_0,doc_12604_c4f2bd43
13121,13121,doc_12605_b25523be_chunk_0,doc_12605_b25523be
13122,13122,doc_12606_659505d5_chunk_0,doc_12606_659505d5
13123,13123,doc_12607_32e65209_chunk_0,doc_12607_32e65209
13124,13124,doc_12608_b6f9ba23_chunk_0,doc_12608_b6f9ba23
13125,13125,doc_12609_4b268158_chunk_0,doc_12609_4b268158
13126,13126,doc_12610_8084b5d9_chunk_0,doc_12610_8084b5d9
13127,13127,doc_12611_8f5d266d_chunk_0,doc_12611_8f5d266d
13128,13128,doc_12612_791d3ae7_chunk_0,doc_12612_791d3ae7
13129,13129,doc_12613_e9322bc8_chunk_0,doc_12613_e9322bc8
13130,13130,doc_12614_3296127e_chunk_0,doc_12614_3296127e
13131,13131,doc_12615_33f9dc38_chunk_0,doc_12615_33f9dc38
13132,13132,doc_12616_0f5f76bc_chunk_0,doc_12616_0f5f76bc
13133,13133,doc_12616_0f5f76bc_chunk_1,doc_12616_0f5f76bc
13134,13134,doc_12617_d58efc8f_chunk_0,doc_12617_d58efc8f
13135,13135,doc_12618_7b4757a9_chunk_0,doc_12618_7b4757a9
13136,13136,doc_12619_168a5352_chunk_0,doc_12619_168a5352
13137,13137,doc_12620_747ee4cd_chunk_0,doc_12620_747ee4cd
13138,13138,doc_12621_77896900_chunk_0,doc_12621_77896900
13139,13139,doc_12622_a0cae2dc_chunk_0,doc_12622_a0cae2dc
13140,13140,doc_12623_ce386f54_chunk_0,doc_12623_ce386f54
13141,13141,doc_12624_49491e34_chunk_0,doc_12624_49491e34
13142,13142,doc_12625_e16fd111_chunk_0,doc_12625_e16fd111
13143,13143,doc_12626_69fbe274_chunk_0,doc_12626_69fbe274
13144,13144,doc_12627_9d091b8f_chunk_0,doc_12627_9d091b8f
13145,13145,doc_12628_6e715721_chunk_0,doc_12628_6e715721
13146,13146,doc_12629_667de053_chunk_0,doc_12629_667de053
13147,13147,doc_12630_ad912c06_chunk_0,doc_12630_ad912c06
13148,13148,doc_12631_0097094a_chunk_0,doc_12631_0097094a
13149,13149,doc_12632_e16f5242_chunk_0,doc_12632_e16f5242
13150,13150,doc_12633_b715e20b_chunk_0,doc_12633_b715e20b
13151,13151,doc_12634_1a61cb18_chunk_0,doc_12634_1a61cb18
13152,13152,doc_12635_9ce89fd8_chunk_0,doc_12635_9ce89fd8
13153,13153,doc_12636_001810ef_chunk_0,doc_12636_001810ef
13154,13154,doc_12637_cafbec6c_chunk_0,doc_12637_cafbec6c
13155,13155,doc_12638_c0d3f3f9_chunk_0,doc_12638_c0d3f3f9
13156,13156,doc_12639_0b7e7443_chunk_0,doc_12639_0b7e7443
13157,13157,doc_12640_00ac8009_chunk_0,doc_12640_00ac8009
13158,13158,doc_12641_461cc4c8_chunk_0,doc_12641_461cc4c8
13159,13159,doc_12642_01a0a8a3_chunk_0,doc_12642_01a0a8a3
13160,13160,doc_12643_28939d1c_chunk_0,doc_12643_28939d1c
13161,13161,doc_12644_197f60b1_chunk_0,doc_12644_197f60b1
13162,13162,doc_12645_58b1a91a_chunk_0,doc_12645_58b1a91a
13163,13163,doc_12646_d2560db2_chunk_0,doc_12646_d2560db2
13164,13164,doc_12647_b0568fd0_chunk_0,doc_12647_b0568fd0
13165,13165,doc_12648_a6f0c28f_chunk_0,doc_12648_a6f0c28f
13166,13166,doc_12649_b72c936d_chunk_0,doc_12649_b72c936d
13167,13167,doc_12650_9dd2f14a_chunk_0,doc_12650_9dd2f14a
13168,13168,doc_12651_6fb66991_chunk_0,doc_12651_6fb66991
13169,13169,doc_12652_94c3c680_chunk_0,doc_12652_94c3c680
13170,13170,doc_12653_9b463026_chunk_0,doc_12653_9b463026
13171,13171,doc_12654_ca046927_chunk_0,doc_12654_ca046927
13172,13172,doc_12655_a187a4f5_chunk_0,doc_12655_a187a4f5
13173,13173,doc_12656_0ef75f3c_chunk_0,doc_12656_0ef75f3c
13174,13174,doc_12657_bdbf7ce7_chunk_0,doc_12657_bdbf7ce7
13175,13175,doc_12658_1feb4cfb_chunk_0,doc_12658_1feb4cfb
13176,13176,doc_12659_a164114b_chunk_0,doc_12659_a164114b
13177,13177,doc_12660_12a7fa87_chunk_0,doc_12660_12a7fa87
13178,13178,doc_12661_f0b8cc2c_chunk_0,doc_12661_f0b8cc2c
13179,13179,doc_12662_16a12368_chunk_0,doc_12662_16a12368
13180,13180,doc_12663_970381cb_chunk_0,doc_12663_970381cb
13181,13181,doc_12664_43138545_chunk_0,doc_12664_43138545
13182,13182,doc_12665_d1ac11c7_chunk_0,doc_12665_d1ac11c7
13183,13183,doc_12666_441902e8_chunk_0,doc_12666_441902e8
13184,13184,doc_12667_0bb86bae_chunk_0,doc_12667_0bb86bae
13185,13185,doc_12668_d93d0522_chunk_0,doc_12668_d93d0522
13186,13186,doc_12669_69a398cf_chunk_0,doc_12669_69a398cf
13187,13187,doc_12670_45c5db51_chunk_0,doc_12670_45c5db51
13188,13188,doc_12671_54c2dfd1_chunk_0,doc_12671_54c2dfd1
13189,13189,doc_12672_3fb5a03e_chunk_0,doc_12672_3fb5a03e
13190,13190,doc_12673_5b24fc94_chunk_0,doc_12673_5b24fc94
13191,13191,doc_12674_efb6a062_chunk_0,doc_12674_efb6a062
13192,13192,doc_12675_026083e7_chunk_0,doc_12675_026083e7
13193,13193,doc_12676_83c90353_chunk_0,doc_12676_83c90353
13194,13194,doc_12677_4845eac4_chunk_0,doc_12677_4845eac4
13195,13195,doc_12678_26c3eee2_chunk_0,doc_12678_26c3eee2
13196,13196,doc_12679_abf33c44_chunk_0,doc_12679_abf33c44
13197,13197,doc_12680_44d85a07_chunk_0,doc_12680_44d85a07
13198,13198,doc_12681_835753f7_chunk_0,doc_12681_835753f7
13199,13199,doc_12682_6648d12b_chunk_0,doc_12682_6648d12b
13200,13200,doc_12683_968a7b65_chunk_0,doc_12683_968a7b65
13201,13201,doc_12684_4706afda_chunk_0,doc_12684_4706afda
13202,13202,doc_12685_5bede0d2_chunk_0,doc_12685_5bede0d2
13203,13203,doc_12686_f5c1c90e_chunk_0,doc_12686_f5c1c90e
13204,13204,doc_12687_afc5f50b_chunk_0,doc_12687_afc5f50b
13205,13205,doc_12688_a1436734_chunk_0,doc_12688_a1436734
13206,13206,doc_12689_0c1002bd_chunk_0,doc_12689_0c1002bd
13207,13207,doc_12690_c9ff61b8_chunk_0,doc_12690_c9ff61b8
13208,13208,doc_12691_d6fd8ca3_chunk_0,doc_12691_d6fd8ca3
13209,13209,doc_12692_acd14f67_chunk_0,doc_12692_acd14f67
13210,13210,doc_12693_1edb7c85_chunk_0,doc_12693_1edb7c85
13211,13211,doc_12694_4f3ac7ba_chunk_0,doc_12694_4f3ac7ba
13212,13212,doc_12695_b23e565d_chunk_0,doc_12695_b23e565d
13213,13213,doc_12696_2896c6aa_chunk_0,doc_12696_2896c6aa
13214,13214,doc_12697_8b777e95_chunk_0,doc_12697_8b777e95
13215,13215,doc_12698_d7a2c443_chunk_0,doc_12698_d7a2c443
13216,13216,doc_12699_75604cdc_chunk_0,doc_12699_75604cdc
13217,13217,doc_12700_4ec9692e_chunk_0,doc_12700_4ec9692e
13218,13218,doc_12701_1e0549ed_chunk_0,doc_12701_1e0549ed
13219,13219,doc_12702_c500afcd_chunk_0,doc_12702_c500afcd
13220,13220,doc_12703_619ee15e_chunk_0,doc_12703_619ee15e
13221,13221,doc_12704_7e916997_chunk_0,doc_12704_7e916997
13222,13222,doc_12705_948f9eb2_chunk_0,doc_12705_948f9eb2
13223,13223,doc_12706_744d5d07_chunk_0,doc_12706_744d5d07
13224,13224,doc_12707_4671a1f5_chunk_0,doc_12707_4671a1f5
13225,13225,doc_12708_6d869393_chunk_0,doc_12708_6d869393
13226,13226,doc_12709_5e2f1efd_chunk_0,doc_12709_5e2f1efd
13227,13227,doc_12710_f4ace662_chunk_0,doc_12710_f4ace662
13228,13228,doc_12711_511d1444_chunk_0,doc_12711_511d1444
13229,13229,doc_12712_cde9452c_chunk_0,doc_12712_cde9452c
13230,13230,doc_12713_3114b4c7_chunk_0,doc_12713_3114b4c7
13231,13231,doc_12714_6ffe135f_chunk_0,doc_12714_6ffe135f
13232,13232,doc_12715_3e5d0efa_chunk_0,doc_12715_3e5d0efa
13233,13233,doc_12716_a419d3af_chunk_0,doc_12716_a419d3af
13234,13234,doc_12717_3cee6133_chunk_0,doc_12717_3cee6133
13235,13235,doc_12718_5f3cb108_chunk_0,doc_12718_5f3cb108
13236,13236,doc_12719_e133691c_chunk_0,doc_12719_e133691c
13237,13237,doc_12720_4a16aff6_chunk_0,doc_12720_4a16aff6
13238,13238,doc_12721_64c3ef29_chunk_0,doc_12721_64c3ef29
13239,13239,doc_12722_5dd05bfe_chunk_0,doc_12722_5dd05bfe
13240,13240,doc_12723_a07aab25_chunk_0,doc_12723_a07aab25
13241,13241,doc_12724_d9783ac7_chunk_0,doc_12724_d9783ac7
13242,13242,doc_12725_2dfaddf8_chunk_0,doc_12725_2dfaddf8
13243,13243,doc_12726_e73b1eff_chunk_0,doc_12726_e73b1eff
13244,13244,doc_12727_6b3dffcd_chunk_0,doc_12727_6b3dffcd
13245,13245,doc_12728_7b4d145c_chunk_0,doc_12728_7b4d145c
13246,13246,doc_12729_739e93fa_chunk_0,doc_12729_739e93fa
13247,13247,doc_12730_2e9b0d73_chunk_0,doc_12730_2e9b0d73
13248,13248,doc_12731_7224479a_chunk_0,doc_12731_7224479a
13249,13249,doc_12732_3b193b3b_chunk_0,doc_12732_3b193b3b
13250,13250,doc_12733_42f344ba_chunk_0,doc_12733_42f344ba
13251,13251,doc_12734_b5c80df0_chunk_0,doc_12734_b5c80df0
13252,13252,doc_12735_83291861_chunk_0,doc_12735_83291861
13253,13253,doc_12736_400756c8_chunk_0,doc_12736_400756c8
13254,13254,doc_12737_f55d582f_chunk_0,doc_12737_f55d582f
13255,13255,doc_12738_bc2c17b9_chunk_0,doc_12738_bc2c17b9
13256,13256,doc_12739_406026de_chunk_0,doc_12739_406026de
13257,13257,doc_12740_83f0c73a_chunk_0,doc_12740_83f0c73a
13258,13258,doc_12741_e77d0f2f_chunk_0,doc_12741_e77d0f2f
13259,13259,doc_12742_fd3a6270_chunk_0,doc_12742_fd3a6270
13260,13260,doc_12743_dff071b3_chunk_0,doc_12743_dff071b3
13261,13261,doc_12744_03e1e587_chunk_0,doc_12744_03e1e587
13262,13262,doc_12745_99efb6e3_chunk_0,doc_12745_99efb6e3
13263,13263,doc_12746_42747916_chunk_0,doc_12746_42747916
13264,13264,doc_12747_b90ea8f9_chunk_0,doc_12747_b90ea8f9
13265,13265,doc_12748_17e174dc_chunk_0,doc_12748_17e174dc
13266,13266,doc_12749_f6e2fb19_chunk_0,doc_12749_f6e2fb19
13267,13267,doc_12750_43f5e93e_chunk_0,doc_12750_43f5e93e
13268,13268,doc_12751_49f2048a_chunk_0,doc_12751_49f2048a
13269,13269,doc_12752_bd85cfb9_chunk_0,doc_12752_bd85cfb9
13270,13270,doc_12753_948c86ce_chunk_0,doc_12753_948c86ce
13271,13271,doc_12754_8c4f7a66_chunk_0,doc_12754_8c4f7a66
13272,13272,doc_12755_14aa8336_chunk_0,doc_12755_14aa8336
13273,13273,doc_12756_e77fd32d_chunk_0,doc_12756_e77fd32d
13274,13274,doc_12757_71c76c37_chunk_0,doc_12757_71c76c37
13275,13275,doc_12758_ad759add_chunk_0,doc_12758_ad759add
13276,13276,doc_12759_6600339f_chunk_0,doc_12759_6600339f
13277,13277,doc_12760_3a3d6d07_chunk_0,doc_12760_3a3d6d07
13278,13278,doc_12761_399c0d21_chunk_0,doc_12761_399c0d21
13279,13279,doc_12762_ba6d58d7_chunk_0,doc_12762_ba6d58d7
13280,13280,doc_12763_4723f98f_chunk_0,doc_12763_4723f98f
13281,13281,doc_12764_92d84bdf_chunk_0,doc_12764_92d84bdf
13282,13282,doc_12765_0f7c01f8_chunk_0,doc_12765_0f7c01f8
13283,13283,doc_12766_61177b60_chunk_0,doc_12766_61177b60
13284,13284,doc_12767_633ed499_chunk_0,doc_12767_633ed499
13285,13285,doc_12768_25b5ed45_chunk_0,doc_12768_25b5ed45
13286,13286,doc_12769_d35f72e4_chunk_0,doc_12769_d35f72e4
13287,13287,doc_12770_661bf538_chunk_0,doc_12770_661bf538
13288,13288,doc_12771_32b3c0c3_chunk_0,doc_12771_32b3c0c3
13289,13289,doc_12772_2fb89ead_chunk_0,doc_12772_2fb89ead
13290,13290,doc_12773_b07be161_chunk_0,doc_12773_b07be161
13291,13291,doc_12774_0e599e47_chunk_0,doc_12774_0e599e47
13292,13292,doc_12775_42d8c78f_chunk_0,doc_12775_42d8c78f
13293,13293,doc_12776_fd61d7cf_chunk_0,doc_12776_fd61d7cf
13294,13294,doc_12777_178acc66_chunk_0,doc_12777_178acc66
13295,13295,doc_12778_77ced0b4_chunk_0,doc_12778_77ced0b4
13296,13296,doc_12779_3e6b987f_chunk_0,doc_12779_3e6b987f
13297,13297,doc_12780_cea7cfa4_chunk_0,doc_12780_cea7cfa4
13298,13298,doc_12781_63d1a239_chunk_0,doc_12781_63d1a239
13299,13299,doc_12782_379111e4_chunk_0,doc_12782_379111e4
13300,13300,doc_12783_6e836af8_chunk_0,doc_12783_6e836af8
13301,13301,doc_12784_83c23858_chunk_0,doc_12784_83c23858
13302,13302,doc_12785_0ffde578_chunk_0,doc_12785_0ffde578
13303,13303,doc_12786_b8f00797_chunk_0,doc_12786_b8f00797
13304,13304,doc_12787_5fc743d8_chunk_0,doc_12787_5fc743d8
13305,13305,doc_12788_2fb5b570_chunk_0,doc_12788_2fb5b570
13306,13306,doc_12789_3208d223_chunk_0,doc_12789_3208d223
13307,13307,doc_12790_abf54821_chunk_0,doc_12790_abf54821
13308,13308,doc_12791_0cf8a1ac_chunk_0,doc_12791_0cf8a1ac
13309,13309,doc_12792_d17ac2b7_chunk_0,doc_12792_d17ac2b7
13310,13310,doc_12793_3d380be0_chunk_0,doc_12793_3d380be0
13311,13311,doc_12794_78618f61_chunk_0,doc_12794_78618f61
13312,13312,doc_12795_fc346b54_chunk_0,doc_12795_fc346b54
13313,13313,doc_12796_156ada61_chunk_0,doc_12796_156ada61
13314,13314,doc_12797_f88adf0e_chunk_0,doc_12797_f88adf0e
13315,13315,doc_12798_53182e40_chunk_0,doc_12798_53182e40
13316,13316,doc_12799_d09bacb4_chunk_0,doc_12799_d09bacb4
13317,13317,doc_12800_527478e6_chunk_0,doc_12800_527478e6
13318,13318,doc_12801_6323f557_chunk_0,doc_12801_6323f557
13319,13319,doc_12802_e70d6aa5_chunk_0,doc_12802_e70d6aa5
13320,13320,doc_12803_36637769_chunk_0,doc_12803_36637769
13321,13321,doc_12804_2eff7f68_chunk_0,doc_12804_2eff7f68
13322,13322,doc_12805_4c00f703_chunk_0,doc_12805_4c00f703
13323,13323,doc_12806_c76d6d58_chunk_0,doc_12806_c76d6d58
13324,13324,doc_12807_58c27c62_chunk_0,doc_12807_58c27c62
13325,13325,doc_12808_f9c922cb_chunk_0,doc_12808_f9c922cb
13326,13326,doc_12809_2cc39288_chunk_0,doc_12809_2cc39288
13327,13327,doc_12810_179f8728_chunk_0,doc_12810_179f8728
13328,13328,doc_12811_8afa4ab4_chunk_0,doc_12811_8afa4ab4
13329,13329,doc_12812_77081085_chunk_0,doc_12812_77081085
13330,13330,doc_12813_95765e57_chunk_0,doc_12813_95765e57
13331,13331,doc_12814_043c2456_chunk_0,doc_12814_043c2456
13332,13332,doc_12815_7a9a8f38_chunk_0,doc_12815_7a9a8f38
13333,13333,doc_12816_d3fd24ae_chunk_0,doc_12816_d3fd24ae
13334,13334,doc_12817_ee544654_chunk_0,doc_12817_ee544654
13335,13335,doc_12818_cb4c0111_chunk_0,doc_12818_cb4c0111
13336,13336,doc_12819_7d807086_chunk_0,doc_12819_7d807086
13337,13337,doc_12820_b40248fe_chunk_0,doc_12820_b40248fe
13338,13338,doc_12821_6ee97062_chunk_0,doc_12821_6ee97062
13339,13339,doc_12822_3b4ea759_chunk_0,doc_12822_3b4ea759
13340,13340,doc_12823_72b9e484_chunk_0,doc_12823_72b9e484
13341,13341,doc_12824_f9857538_chunk_0,doc_12824_f9857538
13342,13342,doc_12825_7a76ff1c_chunk_0,doc_12825_7a76ff1c
13343,13343,doc_12826_7de1a0d7_chunk_0,doc_12826_7de1a0d7
13344,13344,doc_12827_f9b896f7_chunk_0,doc_12827_f9b896f7
13345,13345,doc_12828_c03241bf_chunk_0,doc_12828_c03241bf
13346,13346,doc_12829_1ffa0ee2_chunk_0,doc_12829_1ffa0ee2
13347,13347,doc_12830_a84e7b29_chunk_0,doc_12830_a84e7b29
13348,13348,doc_12831_8f271705_chunk_0,doc_12831_8f271705
13349,13349,doc_12832_c1f81f03_chunk_0,doc_12832_c1f81f03
13350,13350,doc_12833_865cc81d_chunk_0,doc_12833_865cc81d
13351,13351,doc_12834_e8648c93_chunk_0,doc_12834_e8648c93
13352,13352,doc_12835_36702d01_chunk_0,doc_12835_36702d01
13353,13353,doc_12836_42ab2907_chunk_0,doc_12836_42ab2907
13354,13354,doc_12837_d129a98c_chunk_0,doc_12837_d129a98c
13355,13355,doc_12838_b7cb6836_chunk_0,doc_12838_b7cb6836
13356,13356,doc_12839_1dfd401f_chunk_0,doc_12839_1dfd401f
13357,13357,doc_12840_62eeda83_chunk_0,doc_12840_62eeda83
13358,13358,doc_12841_31834ab7_chunk_0,doc_12841_31834ab7
13359,13359,doc_12842_e149948b_chunk_0,doc_12842_e149948b
13360,13360,doc_12843_d74e50cf_chunk_0,doc_12843_d74e50cf
13361,13361,doc_12844_8dab6aa6_chunk_0,doc_12844_8dab6aa6
13362,13362,doc_12845_a237785e_chunk_0,doc_12845_a237785e
13363,13363,doc_12846_56faf0ff_chunk_0,doc_12846_56faf0ff
13364,13364,doc_12847_144a54f6_chunk_0,doc_12847_144a54f6
13365,13365,doc_12848_f817f895_chunk_0,doc_12848_f817f895
13366,13366,doc_12849_dfd0aa8f_chunk_0,doc_12849_dfd0aa8f
13367,13367,doc_12850_946a7578_chunk_0,doc_12850_946a7578
13368,13368,doc_12851_d535b99c_chunk_0,doc_12851_d535b99c
13369,13369,doc_12852_6d544668_chunk_0,doc_12852_6d544668
13370,13370,doc_12853_066de3dd_chunk_0,doc_12853_066de3dd
13371,13371,doc_12854_3fca2801_chunk_0,doc_12854_3fca2801
13372,13372,doc_12855_297a2069_chunk_0,doc_12855_297a2069
13373,13373,doc_12856_2c188ecc_chunk_0,doc_12856_2c188ecc
13374,13374,doc_12857_0b966228_chunk_0,doc_12857_0b966228
13375,13375,doc_12858_3cb1e767_chunk_0,doc_12858_3cb1e767
13376,13376,doc_12859_7b692353_chunk_0,doc_12859_7b692353
13377,13377,doc_12860_45dbde84_chunk_0,doc_12860_45dbde84
13378,13378,doc_12861_b43f9913_chunk_0,doc_12861_b43f9913
13379,13379,doc_12862_6a5cad39_chunk_0,doc_12862_6a5cad39
13380,13380,doc_12863_af769cdb_chunk_0,doc_12863_af769cdb
13381,13381,doc_12864_94031178_chunk_0,doc_12864_94031178
13382,13382,doc_12865_7f85f2bf_chunk_0,doc_12865_7f85f2bf
13383,13383,doc_12866_d05c8da1_chunk_0,doc_12866_d05c8da1
13384,13384,doc_12867_5e159b03_chunk_0,doc_12867_5e159b03
13385,13385,doc_12868_ae944cd3_chunk_0,doc_12868_ae944cd3
13386,13386,doc_12869_0197f94a_chunk_0,doc_12869_0197f94a
13387,13387,doc_12870_ef6b753f_chunk_0,doc_12870_ef6b753f
13388,13388,doc_12871_844ddb89_chunk_0,doc_12871_844ddb89
13389,13389,doc_12872_a5cb0d26_chunk_0,doc_12872_a5cb0d26
13390,13390,doc_12873_a43c3343_chunk_0,doc_12873_a43c3343
13391,13391,doc_12874_9216d6a1_chunk_0,doc_12874_9216d6a1
13392,13392,doc_12874_9216d6a1_chunk_1,doc_12874_9216d6a1
13393,13393,doc_12875_b2a5dc89_chunk_0,doc_12875_b2a5dc89
13394,13394,doc_12876_266147ee_chunk_0,doc_12876_266147ee
13395,13395,doc_12877_7a5ed17d_chunk_0,doc_12877_7a5ed17d
13396,13396,doc_12878_d414587f_chunk_0,doc_12878_d414587f
13397,13397,doc_12879_930d34c5_chunk_0,doc_12879_930d34c5
13398,13398,doc_12880_c62a55f9_chunk_0,doc_12880_c62a55f9
13399,13399,doc_12881_8b7103ec_chunk_0,doc_12881_8b7103ec
13400,13400,doc_12882_3505726b_chunk_0,doc_12882_3505726b
13401,13401,doc_12883_a13d2fc4_chunk_0,doc_12883_a13d2fc4
13402,13402,doc_12884_c0462d0b_chunk_0,doc_12884_c0462d0b
13403,13403,doc_12885_5fbd3374_chunk_0,doc_12885_5fbd3374
13404,13404,doc_12886_0f419713_chunk_0,doc_12886_0f419713
13405,13405,doc_12887_f47a9b41_chunk_0,doc_12887_f47a9b41
13406,13406,doc_12888_2c8c8e7a_chunk_0,doc_12888_2c8c8e7a
13407,13407,doc_12889_5c744719_chunk_0,doc_12889_5c744719
13408,13408,doc_12890_8573b460_chunk_0,doc_12890_8573b460
13409,13409,doc_12891_75a7df3f_chunk_0,doc_12891_75a7df3f
13410,13410,doc_12892_08e02e4d_chunk_0,doc_12892_08e02e4d
13411,13411,doc_12893_ba618dbd_chunk_0,doc_12893_ba618dbd
13412,13412,doc_12894_7fde4827_chunk_0,doc_12894_7fde4827
13413,13413,doc_12895_dbcdaa6c_chunk_0,doc_12895_dbcdaa6c
13414,13414,doc_12896_d28f13fd_chunk_0,doc_12896_d28f13fd
13415,13415,doc_12897_9e9285bb_chunk_0,doc_12897_9e9285bb
13416,13416,doc_12898_4367b1a1_chunk_0,doc_12898_4367b1a1
13417,13417,doc_12899_bc5deb9a_chunk_0,doc_12899_bc5deb9a
13418,13418,doc_12900_bbfd7c78_chunk_0,doc_12900_bbfd7c78
13419,13419,doc_12901_83df6613_chunk_0,doc_12901_83df6613
13420,13420,doc_12902_16812eea_chunk_0,doc_12902_16812eea
13421,13421,doc_12903_f29bbfda_chunk_0,doc_12903_f29bbfda
13422,13422,doc_12904_4f01a6b0_chunk_0,doc_12904_4f01a6b0
13423,13423,doc_12905_9ad3ad8c_chunk_0,doc_12905_9ad3ad8c
13424,13424,doc_12906_fe791e5c_chunk_0,doc_12906_fe791e5c
13425,13425,doc_12907_8066b4a0_chunk_0,doc_12907_8066b4a0
13426,13426,doc_12908_57bc1cc6_chunk_0,doc_12908_57bc1cc6
13427,13427,doc_12909_a5bc600a_chunk_0,doc_12909_a5bc600a
13428,13428,doc_12910_0a9fda80_chunk_0,doc_12910_0a9fda80
13429,13429,doc_12911_28ee89b8_chunk_0,doc_12911_28ee89b8
13430,13430,doc_12912_20f20f69_chunk_0,doc_12912_20f20f69
13431,13431,doc_12913_7d3e7433_chunk_0,doc_12913_7d3e7433
13432,13432,doc_12914_741c805c_chunk_0,doc_12914_741c805c
13433,13433,doc_12915_da4286c6_chunk_0,doc_12915_da4286c6
13434,13434,doc_12916_169a7c03_chunk_0,doc_12916_169a7c03
13435,13435,doc_12917_b768ebad_chunk_0,doc_12917_b768ebad
13436,13436,doc_12918_0fa33c0c_chunk_0,doc_12918_0fa33c0c
13437,13437,doc_12919_aa0a517c_chunk_0,doc_12919_aa0a517c
13438,13438,doc_12920_95f9d9f7_chunk_0,doc_12920_95f9d9f7
13439,13439,doc_12920_95f9d9f7_chunk_1,doc_12920_95f9d9f7
13440,13440,doc_12920_95f9d9f7_chunk_2,doc_12920_95f9d9f7
13441,13441,doc_12921_da4c71c1_chunk_0,doc_12921_da4c71c1
13442,13442,doc_12922_c43e3ca1_chunk_0,doc_12922_c43e3ca1
13443,13443,doc_12923_63db4230_chunk_0,doc_12923_63db4230
13444,13444,doc_12924_4cf44cda_chunk_0,doc_12924_4cf44cda
13445,13445,doc_12925_cbb620e6_chunk_0,doc_12925_cbb620e6
13446,13446,doc_12926_78c6da2d_chunk_0,doc_12926_78c6da2d
13447,13447,doc_12927_b9dbb323_chunk_0,doc_12927_b9dbb323
13448,13448,doc_12928_a97547fd_chunk_0,doc_12928_a97547fd
13449,13449,doc_12928_a97547fd_chunk_1,doc_12928_a97547fd
13450,13450,doc_12929_55bd6925_chunk_0,doc_12929_55bd6925
13451,13451,doc_12930_e490eaab_chunk_0,doc_12930_e490eaab
13452,13452,doc_12931_f9326e1f_chunk_0,doc_12931_f9326e1f
13453,13453,doc_12932_ba4ce34b_chunk_0,doc_12932_ba4ce34b
13454,13454,doc_12933_a9457f37_chunk_0,doc_12933_a9457f37
13455,13455,doc_12934_24ca5ea6_chunk_0,doc_12934_24ca5ea6
13456,13456,doc_12935_3b3c8ceb_chunk_0,doc_12935_3b3c8ceb
13457,13457,doc_12936_a98b84d4_chunk_0,doc_12936_a98b84d4
13458,13458,doc_12937_05217286_chunk_0,doc_12937_05217286
13459,13459,doc_12938_85c66b62_chunk_0,doc_12938_85c66b62
13460,13460,doc_12939_620e2f74_chunk_0,doc_12939_620e2f74
13461,13461,doc_12940_1452ed6f_chunk_0,doc_12940_1452ed6f
13462,13462,doc_12941_be9244c0_chunk_0,doc_12941_be9244c0
13463,13463,doc_12942_183d4ca2_chunk_0,doc_12942_183d4ca2
13464,13464,doc_12943_dfcc2420_chunk_0,doc_12943_dfcc2420
13465,13465,doc_12944_bcabe858_chunk_0,doc_12944_bcabe858
13466,13466,doc_12945_64bf2f8f_chunk_0,doc_12945_64bf2f8f
13467,13467,doc_12946_b586eace_chunk_0,doc_12946_b586eace
13468,13468,doc_12947_d68c0892_chunk_0,doc_12947_d68c0892
13469,13469,doc_12948_ffe15a7c_chunk_0,doc_12948_ffe15a7c
13470,13470,doc_12949_22d54739_chunk_0,doc_12949_22d54739
13471,13471,doc_12950_9d1c2a28_chunk_0,doc_12950_9d1c2a28
13472,13472,doc_12951_47d58b35_chunk_0,doc_12951_47d58b35
13473,13473,doc_12952_d7858e94_chunk_0,doc_12952_d7858e94
13474,13474,doc_12953_32b9eb1d_chunk_0,doc_12953_32b9eb1d
13475,13475,doc_12954_0ce9ef40_chunk_0,doc_12954_0ce9ef40
13476,13476,doc_12955_36a19aa3_chunk_0,doc_12955_36a19aa3
13477,13477,doc_12956_853cac0f_chunk_0,doc_12956_853cac0f
13478,13478,doc_12957_7cd951a1_chunk_0,doc_12957_7cd951a1
13479,13479,doc_12958_c2893aaf_chunk_0,doc_12958_c2893aaf
13480,13480,doc_12959_454d2fb0_chunk_0,doc_12959_454d2fb0
13481,13481,doc_12960_6c867a70_chunk_0,doc_12960_6c867a70
13482,13482,doc_12961_a3434ac9_chunk_0,doc_12961_a3434ac9
13483,13483,doc_12962_41ef7f84_chunk_0,doc_12962_41ef7f84
13484,13484,doc_12963_b34b34f1_chunk_0,doc_12963_b34b34f1
13485,13485,doc_12964_e66cf6ef_chunk_0,doc_12964_e66cf6ef
13486,13486,doc_12965_e5aad06c_chunk_0,doc_12965_e5aad06c
13487,13487,doc_12966_f438ac70_chunk_0,doc_12966_f438ac70
13488,13488,doc_12967_e9b0e721_chunk_0,doc_12967_e9b0e721
13489,13489,doc_12968_7e497fc5_chunk_0,doc_12968_7e497fc5
13490,13490,doc_12969_ae753494_chunk_0,doc_12969_ae753494
13491,13491,doc_12970_4e7beffb_chunk_0,doc_12970_4e7beffb
13492,13492,doc_12971_e3458df3_chunk_0,doc_12971_e3458df3
13493,13493,doc_12972_b63793f7_chunk_0,doc_12972_b63793f7
13494,13494,doc_12973_b1174b04_chunk_0,doc_12973_b1174b04
13495,13495,doc_12974_2e3067bf_chunk_0,doc_12974_2e3067bf
13496,13496,doc_12975_1006305c_chunk_0,doc_12975_1006305c
13497,13497,doc_12976_cc172f67_chunk_0,doc_12976_cc172f67
13498,13498,doc_12977_da2ba0f3_chunk_0,doc_12977_da2ba0f3
13499,13499,doc_12978_28662d14_chunk_0,doc_12978_28662d14
13500,13500,doc_12979_41c51226_chunk_0,doc_12979_41c51226
13501,13501,doc_12980_edffc3bf_chunk_0,doc_12980_edffc3bf
13502,13502,doc_12981_66b710b9_chunk_0,doc_12981_66b710b9
13503,13503,doc_12982_f0b48377_chunk_0,doc_12982_f0b48377
13504,13504,doc_12983_88f789ff_chunk_0,doc_12983_88f789ff
13505,13505,doc_12984_1f77efe1_chunk_0,doc_12984_1f77efe1
13506,13506,doc_12985_5ba6006a_chunk_0,doc_12985_5ba6006a
13507,13507,doc_12986_396e7ebf_chunk_0,doc_12986_396e7ebf
13508,13508,doc_12987_49e22880_chunk_0,doc_12987_49e22880
13509,13509,doc_12988_2487dce0_chunk_0,doc_12988_2487dce0
13510,13510,doc_12989_9a6cd82a_chunk_0,doc_12989_9a6cd82a
13511,13511,doc_12990_263efa9f_chunk_0,doc_12990_263efa9f
13512,13512,doc_12991_7f44ac8c_chunk_0,doc_12991_7f44ac8c
13513,13513,doc_12992_4567e671_chunk_0,doc_12992_4567e671
13514,13514,doc_12993_96f40113_chunk_0,doc_12993_96f40113
13515,13515,doc_12994_ce3e7db6_chunk_0,doc_12994_ce3e7db6
13516,13516,doc_12995_bae8ba56_chunk_0,doc_12995_bae8ba56
13517,13517,doc_12996_56fb0d7d_chunk_0,doc_12996_56fb0d7d
13518,13518,doc_12997_9ff41ddb_chunk_0,doc_12997_9ff41ddb
13519,13519,doc_12998_048251bf_chunk_0,doc_12998_048251bf
13520,13520,doc_12999_7661b052_chunk_0,doc_12999_7661b052
13521,13521,doc_13000_1724b998_chunk_0,doc_13000_1724b998
13522,13522,doc_13001_29b0ad42_chunk_0,doc_13001_29b0ad42
13523,13523,doc_13002_fbdb4b20_chunk_0,doc_13002_fbdb4b20
13524,13524,doc_13003_ccd4036e_chunk_0,doc_13003_ccd4036e
13525,13525,doc_13004_2cc62eb1_chunk_0,doc_13004_2cc62eb1
13526,13526,doc_13005_6916ffeb_chunk_0,doc_13005_6916ffeb
13527,13527,doc_13006_854b7601_chunk_0,doc_13006_854b7601
13528,13528,doc_13007_01afa31e_chunk_0,doc_13007_01afa31e
13529,13529,doc_13008_9822af2c_chunk_0,doc_13008_9822af2c
13530,13530,doc_13009_6eb089b8_chunk_0,doc_13009_6eb089b8
13531,13531,doc_13010_d6ac6c9e_chunk_0,doc_13010_d6ac6c9e
13532,13532,doc_13011_a82786e5_chunk_0,doc_13011_a82786e5
13533,13533,doc_13012_e5494c66_chunk_0,doc_13012_e5494c66
13534,13534,doc_13013_78b8edf4_chunk_0,doc_13013_78b8edf4
13535,13535,doc_13014_4eb6d788_chunk_0,doc_13014_4eb6d788
13536,13536,doc_13015_745c189e_chunk_0,doc_13015_745c189e
13537,13537,doc_13016_7e75418c_chunk_0,doc_13016_7e75418c
13538,13538,doc_13017_6173da93_chunk_0,doc_13017_6173da93
13539,13539,doc_13018_e6fd783f_chunk_0,doc_13018_e6fd783f
13540,13540,doc_13019_5f160504_chunk_0,doc_13019_5f160504
13541,13541,doc_13020_f2a55ff4_chunk_0,doc_13020_f2a55ff4
13542,13542,doc_13021_0b15c1bb_chunk_0,doc_13021_0b15c1bb
13543,13543,doc_13021_0b15c1bb_chunk_1,doc_13021_0b15c1bb
13544,13544,doc_13022_941b8a46_chunk_0,doc_13022_941b8a46
13545,13545,doc_13023_a20b0fb1_chunk_0,doc_13023_a20b0fb1
13546,13546,doc_13024_e6a675e8_chunk_0,doc_13024_e6a675e8
13547,13547,doc_13025_bc6975f9_chunk_0,doc_13025_bc6975f9
13548,13548,doc_13026_db7d1d06_chunk_0,doc_13026_db7d1d06
13549,13549,doc_13027_c1948e80_chunk_0,doc_13027_c1948e80
13550,13550,doc_13028_72fb5fe4_chunk_0,doc_13028_72fb5fe4
13551,13551,doc_13029_2e93118a_chunk_0,doc_13029_2e93118a
13552,13552,doc_13030_d26c7bcc_chunk_0,doc_13030_d26c7bcc
13553,13553,doc_13030_d26c7bcc_chunk_1,doc_13030_d26c7bcc
13554,13554,doc_13031_deb124fc_chunk_0,doc_13031_deb124fc
13555,13555,doc_13032_08c04130_chunk_0,doc_13032_08c04130
13556,13556,doc_13033_f6ae41a2_chunk_0,doc_13033_f6ae41a2
13557,13557,doc_13034_8910c38e_chunk_0,doc_13034_8910c38e
13558,13558,doc_13035_cbe3cde7_chunk_0,doc_13035_cbe3cde7
13559,13559,doc_13036_ed681c27_chunk_0,doc_13036_ed681c27
13560,13560,doc_13037_26ba5a30_chunk_0,doc_13037_26ba5a30
13561,13561,doc_13038_6c78d7e0_chunk_0,doc_13038_6c78d7e0
13562,13562,doc_13039_e7281c79_chunk_0,doc_13039_e7281c79
13563,13563,doc_13040_a665ff1b_chunk_0,doc_13040_a665ff1b
13564,13564,doc_13041_7d345df9_chunk_0,doc_13041_7d345df9
13565,13565,doc_13042_0e76bacf_chunk_0,doc_13042_0e76bacf
13566,13566,doc_13043_d55a35ea_chunk_0,doc_13043_d55a35ea
13567,13567,doc_13044_2c7358a7_chunk_0,doc_13044_2c7358a7
13568,13568,doc_13045_b3ad751c_chunk_0,doc_13045_b3ad751c
13569,13569,doc_13046_93cfb69c_chunk_0,doc_13046_93cfb69c
13570,13570,doc_13047_9decb112_chunk_0,doc_13047_9decb112
13571,13571,doc_13048_c9535bde_chunk_0,doc_13048_c9535bde
13572,13572,doc_13049_7a926192_chunk_0,doc_13049_7a926192
13573,13573,doc_13050_84f308b7_chunk_0,doc_13050_84f308b7
13574,13574,doc_13051_0f995bf0_chunk_0,doc_13051_0f995bf0
13575,13575,doc_13052_68575c95_chunk_0,doc_13052_68575c95
13576,13576,doc_13053_124dabbd_chunk_0,doc_13053_124dabbd
13577,13577,doc_13054_6b713573_chunk_0,doc_13054_6b713573
13578,13578,doc_13055_a5611c2f_chunk_0,doc_13055_a5611c2f
13579,13579,doc_13056_4b4eb6c7_chunk_0,doc_13056_4b4eb6c7
13580,13580,doc_13057_43d0f659_chunk_0,doc_13057_43d0f659
13581,13581,doc_13058_c2b4ab35_chunk_0,doc_13058_c2b4ab35
13582,13582,doc_13059_50490ac8_chunk_0,doc_13059_50490ac8
13583,13583,doc_13060_da864bdc_chunk_0,doc_13060_da864bdc
13584,13584,doc_13061_f49e2380_chunk_0,doc_13061_f49e2380
13585,13585,doc_13062_6f4a505a_chunk_0,doc_13062_6f4a505a
13586,13586,doc_13063_aa4ac8b6_chunk_0,doc_13063_aa4ac8b6
13587,13587,doc_13064_31d91301_chunk_0,doc_13064_31d91301
13588,13588,doc_13065_59b25627_chunk_0,doc_13065_59b25627
13589,13589,doc_13066_7a8198ba_chunk_0,doc_13066_7a8198ba
13590,13590,doc_13067_77268121_chunk_0,doc_13067_77268121
13591,13591,doc_13068_1588c4e9_chunk_0,doc_13068_1588c4e9
13592,13592,doc_13069_0e8949b3_chunk_0,doc_13069_0e8949b3
13593,13593,doc_13070_02c181b8_chunk_0,doc_13070_02c181b8
13594,13594,doc_13071_e5bbb2e5_chunk_0,doc_13071_e5bbb2e5
13595,13595,doc_13072_215c0812_chunk_0,doc_13072_215c0812
13596,13596,doc_13073_aa051716_chunk_0,doc_13073_aa051716
13597,13597,doc_13073_aa051716_chunk_1,doc_13073_aa051716
13598,13598,doc_13074_2639ea21_chunk_0,doc_13074_2639ea21
13599,13599,doc_13075_396fd7da_chunk_0,doc_13075_396fd7da
13600,13600,doc_13076_0f5d12c4_chunk_0,doc_13076_0f5d12c4
13601,13601,doc_13077_5cec31e2_chunk_0,doc_13077_5cec31e2
13602,13602,doc_13078_ee10ec86_chunk_0,doc_13078_ee10ec86
13603,13603,doc_13078_ee10ec86_chunk_1,doc_13078_ee10ec86
13604,13604,doc_13079_c3e813ce_chunk_0,doc_13079_c3e813ce
13605,13605,doc_13080_ea1327bd_chunk_0,doc_13080_ea1327bd
13606,13606,doc_13081_a7bbc945_chunk_0,doc_13081_a7bbc945
13607,13607,doc_13082_d8c841fa_chunk_0,doc_13082_d8c841fa
13608,13608,doc_13083_5b96921e_chunk_0,doc_13083_5b96921e
13609,13609,doc_13084_16737004_chunk_0,doc_13084_16737004
13610,13610,doc_13085_c6f49cc9_chunk_0,doc_13085_c6f49cc9
13611,13611,doc_13086_0e9c0960_chunk_0,doc_13086_0e9c0960
13612,13612,doc_13087_5c20f917_chunk_0,doc_13087_5c20f917
13613,13613,doc_13088_7467443d_chunk_0,doc_13088_7467443d
13614,13614,doc_13089_d3c66934_chunk_0,doc_13089_d3c66934
13615,13615,doc_13090_d9ec9b04_chunk_0,doc_13090_d9ec9b04
13616,13616,doc_13091_9b817bb3_chunk_0,doc_13091_9b817bb3
13617,13617,doc_13092_f32e0554_chunk_0,doc_13092_f32e0554
13618,13618,doc_13093_bf1558eb_chunk_0,doc_13093_bf1558eb
13619,13619,doc_13094_c083d0ca_chunk_0,doc_13094_c083d0ca
13620,13620,doc_13094_c083d0ca_chunk_1,doc_13094_c083d0ca
13621,13621,doc_13095_6eb8a827_chunk_0,doc_13095_6eb8a827
13622,13622,doc_13096_b36ef396_chunk_0,doc_13096_b36ef396
13623,13623,doc_13097_dbd32e5a_chunk_0,doc_13097_dbd32e5a
13624,13624,doc_13098_5f6ecaa2_chunk_0,doc_13098_5f6ecaa2
13625,13625,doc_13099_c505779a_chunk_0,doc_13099_c505779a
13626,13626,doc_13100_7e23b6f7_chunk_0,doc_13100_7e23b6f7
13627,13627,doc_13101_0f707549_chunk_0,doc_13101_0f707549
13628,13628,doc_13102_31e1af14_chunk_0,doc_13102_31e1af14
13629,13629,doc_13103_73b35c47_chunk_0,doc_13103_73b35c47
13630,13630,doc_13104_2f69f295_chunk_0,doc_13104_2f69f295
13631,13631,doc_13105_814cf83f_chunk_0,doc_13105_814cf83f
13632,13632,doc_13106_415f7b31_chunk_0,doc_13106_415f7b31
13633,13633,doc_13107_62a396c4_chunk_0,doc_13107_62a396c4
13634,13634,doc_13108_74ccf7df_chunk_0,doc_13108_74ccf7df
13635,13635,doc_13109_c27557d8_chunk_0,doc_13109_c27557d8
13636,13636,doc_13110_ed93bbf3_chunk_0,doc_13110_ed93bbf3
13637,13637,doc_13111_17165468_chunk_0,doc_13111_17165468
13638,13638,doc_13112_19abe85d_chunk_0,doc_13112_19abe85d
13639,13639,doc_13113_26fb7cc0_chunk_0,doc_13113_26fb7cc0
13640,13640,doc_13114_9dc18b26_chunk_0,doc_13114_9dc18b26
13641,13641,doc_13115_7f4c896c_chunk_0,doc_13115_7f4c896c
13642,13642,doc_13116_dae211d1_chunk_0,doc_13116_dae211d1
13643,13643,doc_13117_e3cb89a3_chunk_0,doc_13117_e3cb89a3
13644,13644,doc_13118_e44984d7_chunk_0,doc_13118_e44984d7
13645,13645,doc_13119_8a8a03ab_chunk_0,doc_13119_8a8a03ab
13646,13646,doc_13120_f1e5a8aa_chunk_0,doc_13120_f1e5a8aa
13647,13647,doc_13121_a4c2d24f_chunk_0,doc_13121_a4c2d24f
13648,13648,doc_13122_ef2a9e8d_chunk_0,doc_13122_ef2a9e8d
13649,13649,doc_13123_f9cfc2de_chunk_0,doc_13123_f9cfc2de
13650,13650,doc_13124_d7168aeb_chunk_0,doc_13124_d7168aeb
13651,13651,doc_13125_9aad34f8_chunk_0,doc_13125_9aad34f8
13652,13652,doc_13125_9aad34f8_chunk_1,doc_13125_9aad34f8
13653,13653,doc_13126_cece8479_chunk_0,doc_13126_cece8479
13654,13654,doc_13126_cece8479_chunk_1,doc_13126_cece8479
13655,13655,doc_13127_4240df48_chunk_0,doc_13127_4240df48
13656,13656,doc_13127_4240df48_chunk_1,doc_13127_4240df48
13657,13657,doc_13128_46056033_chunk_0,doc_13128_46056033
13658,13658,doc_13128_46056033_chunk_1,doc_13128_46056033
13659,13659,doc_13129_1f26b158_chunk_0,doc_13129_1f26b158
13660,13660,doc_13130_56570b19_chunk_0,doc_13130_56570b19
13661,13661,doc_13131_46855ad1_chunk_0,doc_13131_46855ad1
13662,13662,doc_13132_3e0edd15_chunk_0,doc_13132_3e0edd15
13663,13663,doc_13133_b434f892_chunk_0,doc_13133_b434f892
13664,13664,doc_13134_2d9c6944_chunk_0,doc_13134_2d9c6944
13665,13665,doc_13135_21a8946f_chunk_0,doc_13135_21a8946f
13666,13666,doc_13136_5f394760_chunk_0,doc_13136_5f394760
13667,13667,doc_13137_983dd6a1_chunk_0,doc_13137_983dd6a1
13668,13668,doc_13138_67b46d4f_chunk_0,doc_13138_67b46d4f
13669,13669,doc_13139_6c18447b_chunk_0,doc_13139_6c18447b
13670,13670,doc_13140_1afe900e_chunk_0,doc_13140_1afe900e
13671,13671,doc_13141_656902db_chunk_0,doc_13141_656902db
13672,13672,doc_13142_f4b861ca_chunk_0,doc_13142_f4b861ca
13673,13673,doc_13143_905f719e_chunk_0,doc_13143_905f719e
13674,13674,doc_13144_9a48022c_chunk_0,doc_13144_9a48022c
13675,13675,doc_13145_466d2255_chunk_0,doc_13145_466d2255
13676,13676,doc_13146_6e945ac2_chunk_0,doc_13146_6e945ac2
13677,13677,doc_13147_5785e175_chunk_0,doc_13147_5785e175
13678,13678,doc_13148_793dd207_chunk_0,doc_13148_793dd207
13679,13679,doc_13149_209a1831_chunk_0,doc_13149_209a1831
13680,13680,doc_13150_398fccef_chunk_0,doc_13150_398fccef
13681,13681,doc_13151_fc509765_chunk_0,doc_13151_fc509765
13682,13682,doc_13152_e6c19b6b_chunk_0,doc_13152_e6c19b6b
13683,13683,doc_13153_9107572a_chunk_0,doc_13153_9107572a
13684,13684,doc_13154_ba11ee5d_chunk_0,doc_13154_ba11ee5d
13685,13685,doc_13155_f2db76b4_chunk_0,doc_13155_f2db76b4
13686,13686,doc_13156_f034bc51_chunk_0,doc_13156_f034bc51
13687,13687,doc_13157_53f76701_chunk_0,doc_13157_53f76701
13688,13688,doc_13158_751b9cd7_chunk_0,doc_13158_751b9cd7
13689,13689,doc_13159_09cad70a_chunk_0,doc_13159_09cad70a
13690,13690,doc_13160_1cb173c3_chunk_0,doc_13160_1cb173c3
13691,13691,doc_13161_da9416ed_chunk_0,doc_13161_da9416ed
13692,13692,doc_13162_65c2b507_chunk_0,doc_13162_65c2b507
13693,13693,doc_13163_54ac5f67_chunk_0,doc_13163_54ac5f67
13694,13694,doc_13164_44439b8e_chunk_0,doc_13164_44439b8e
13695,13695,doc_13165_da3eb129_chunk_0,doc_13165_da3eb129
13696,13696,doc_13166_2e19bc60_chunk_0,doc_13166_2e19bc60
13697,13697,doc_13167_59e508f2_chunk_0,doc_13167_59e508f2
13698,13698,doc_13168_143dd4ad_chunk_0,doc_13168_143dd4ad
13699,13699,doc_13169_16261d83_chunk_0,doc_13169_16261d83
13700,13700,doc_13170_771729cc_chunk_0,doc_13170_771729cc
13701,13701,doc_13171_7115e1b6_chunk_0,doc_13171_7115e1b6
13702,13702,doc_13172_e29d7942_chunk_0,doc_13172_e29d7942
13703,13703,doc_13173_04ba25c0_chunk_0,doc_13173_04ba25c0
13704,13704,doc_13174_f0494ba0_chunk_0,doc_13174_f0494ba0
13705,13705,doc_13175_06a4ad55_chunk_0,doc_13175_06a4ad55
13706,13706,doc_13176_9c21c60f_chunk_0,doc_13176_9c21c60f
13707,13707,doc_13177_d6ae09d5_chunk_0,doc_13177_d6ae09d5
13708,13708,doc_13178_fd301e7b_chunk_0,doc_13178_fd301e7b
13709,13709,doc_13178_fd301e7b_chunk_1,doc_13178_fd301e7b
13710,13710,doc_13179_9289b7e5_chunk_0,doc_13179_9289b7e5
13711,13711,doc_13179_9289b7e5_chunk_1,doc_13179_9289b7e5
13712,13712,doc_13180_ef3da275_chunk_0,doc_13180_ef3da275
13713,13713,doc_13180_ef3da275_chunk_1,doc_13180_ef3da275
13714,13714,doc_13181_7d806a1c_chunk_0,doc_13181_7d806a1c
13715,13715,doc_13182_42bfb6f7_chunk_0,doc_13182_42bfb6f7
13716,13716,doc_13183_dd03f6c0_chunk_0,doc_13183_dd03f6c0
13717,13717,doc_13184_0a59d56c_chunk_0,doc_13184_0a59d56c
13718,13718,doc_13185_8a34da60_chunk_0,doc_13185_8a34da60
13719,13719,doc_13186_a45214c4_chunk_0,doc_13186_a45214c4
13720,13720,doc_13187_b441cadd_chunk_0,doc_13187_b441cadd
13721,13721,doc_13188_53ec222e_chunk_0,doc_13188_53ec222e
13722,13722,doc_13189_282afe02_chunk_0,doc_13189_282afe02
13723,13723,doc_13189_282afe02_chunk_1,doc_13189_282afe02
13724,13724,doc_13190_3eb622db_chunk_0,doc_13190_3eb622db
13725,13725,doc_13191_fb581266_chunk_0,doc_13191_fb581266
13726,13726,doc_13192_d43d215c_chunk_0,doc_13192_d43d215c
13727,13727,doc_13193_e46d95f9_chunk_0,doc_13193_e46d95f9
13728,13728,doc_13194_27a9e79f_chunk_0,doc_13194_27a9e79f
13729,13729,doc_13195_1a38c4ad_chunk_0,doc_13195_1a38c4ad
13730,13730,doc_13196_f0345a13_chunk_0,doc_13196_f0345a13
13731,13731,doc_13197_94d47bde_chunk_0,doc_13197_94d47bde
13732,13732,doc_13198_f6004d74_chunk_0,doc_13198_f6004d74
13733,13733,doc_13199_cfe03cee_chunk_0,doc_13199_cfe03cee
13734,13734,doc_13200_bfbaa0ec_chunk_0,doc_13200_bfbaa0ec
13735,13735,doc_13201_d25b720c_chunk_0,doc_13201_d25b720c
13736,13736,doc_13202_554114d1_chunk_0,doc_13202_554114d1
13737,13737,doc_13203_d13584fc_chunk_0,doc_13203_d13584fc
13738,13738,doc_13204_6228be40_chunk_0,doc_13204_6228be40
13739,13739,doc_13205_ba812d8c_chunk_0,doc_13205_ba812d8c
13740,13740,doc_13206_cde35f93_chunk_0,doc_13206_cde35f93
13741,13741,doc_13207_7e5598e6_chunk_0,doc_13207_7e5598e6
13742,13742,doc_13208_c3445f38_chunk_0,doc_13208_c3445f38
13743,13743,doc_13209_1e48337b_chunk_0,doc_13209_1e48337b
13744,13744,doc_13210_71d40273_chunk_0,doc_13210_71d40273
13745,13745,doc_13211_d9108418_chunk_0,doc_13211_d9108418
13746,13746,doc_13212_c22e4699_chunk_0,doc_13212_c22e4699
13747,13747,doc_13213_86c089e2_chunk_0,doc_13213_86c089e2
13748,13748,doc_13214_b1ef63d1_chunk_0,doc_13214_b1ef63d1
13749,13749,doc_13215_03d2f012_chunk_0,doc_13215_03d2f012
13750,13750,doc_13216_69fe644d_chunk_0,doc_13216_69fe644d
13751,13751,doc_13217_11a78bb4_chunk_0,doc_13217_11a78bb4
13752,13752,doc_13218_1ef3c7bc_chunk_0,doc_13218_1ef3c7bc
13753,13753,doc_13219_f5255ac1_chunk_0,doc_13219_f5255ac1
13754,13754,doc_13220_4678ef5f_chunk_0,doc_13220_4678ef5f
13755,13755,doc_13221_5680515c_chunk_0,doc_13221_5680515c
13756,13756,doc_13222_f6663486_chunk_0,doc_13222_f6663486
13757,13757,doc_13223_00b0cb08_chunk_0,doc_13223_00b0cb08
13758,13758,doc_13224_88300f4f_chunk_0,doc_13224_88300f4f
13759,13759,doc_13225_107e9d9e_chunk_0,doc_13225_107e9d9e
13760,13760,doc_13226_ea22a62a_chunk_0,doc_13226_ea22a62a
13761,13761,doc_13227_68a92cdb_chunk_0,doc_13227_68a92cdb
13762,13762,doc_13228_942d7bab_chunk_0,doc_13228_942d7bab
13763,13763,doc_13229_e0e51e7f_chunk_0,doc_13229_e0e51e7f
13764,13764,doc_13230_90a206e6_chunk_0,doc_13230_90a206e6
13765,13765,doc_13231_5784b82c_chunk_0,doc_13231_5784b82c
13766,13766,doc_13232_eba89f0e_chunk_0,doc_13232_eba89f0e
13767,13767,doc_13233_86d3a9b8_chunk_0,doc_13233_86d3a9b8
13768,13768,doc_13234_1d9224bf_chunk_0,doc_13234_1d9224bf
13769,13769,doc_13235_61ea99e6_chunk_0,doc_13235_61ea99e6
13770,13770,doc_13236_050f5a4f_chunk_0,doc_13236_050f5a4f
13771,13771,doc_13237_c87073d4_chunk_0,doc_13237_c87073d4
13772,13772,doc_13238_c79d74d1_chunk_0,doc_13238_c79d74d1
13773,13773,doc_13239_d4bcba40_chunk_0,doc_13239_d4bcba40
13774,13774,doc_13240_fefa5ed5_chunk_0,doc_13240_fefa5ed5
13775,13775,doc_13241_e11e43de_chunk_0,doc_13241_e11e43de
13776,13776,doc_13242_04003807_chunk_0,doc_13242_04003807
13777,13777,doc_13243_fe27ab88_chunk_0,doc_13243_fe27ab88
13778,13778,doc_13244_d7999d08_chunk_0,doc_13244_d7999d08
13779,13779,doc_13245_0fef4d7a_chunk_0,doc_13245_0fef4d7a
13780,13780,doc_13246_27086d9c_chunk_0,doc_13246_27086d9c
13781,13781,doc_13247_c06391e1_chunk_0,doc_13247_c06391e1
13782,13782,doc_13248_1138f154_chunk_0,doc_13248_1138f154
13783,13783,doc_13249_e450d89b_chunk_0,doc_13249_e450d89b
13784,13784,doc_13250_881a0af8_chunk_0,doc_13250_881a0af8
13785,13785,doc_13251_4a91ea8e_chunk_0,doc_13251_4a91ea8e
13786,13786,doc_13252_a1586825_chunk_0,doc_13252_a1586825
13787,13787,doc_13253_dcb9f999_chunk_0,doc_13253_dcb9f999
13788,13788,doc_13254_85fe1135_chunk_0,doc_13254_85fe1135
13789,13789,doc_13255_5ca02b4b_chunk_0,doc_13255_5ca02b4b
13790,13790,doc_13256_9c989ced_chunk_0,doc_13256_9c989ced
13791,13791,doc_13257_c1b8e4fe_chunk_0,doc_13257_c1b8e4fe
13792,13792,doc_13258_968f3dd7_chunk_0,doc_13258_968f3dd7
13793,13793,doc_13259_bd6a1117_chunk_0,doc_13259_bd6a1117
13794,13794,doc_13260_05c4692c_chunk_0,doc_13260_05c4692c
13795,13795,doc_13261_6456d11e_chunk_0,doc_13261_6456d11e
13796,13796,doc_13262_609f0dc1_chunk_0,doc_13262_609f0dc1
13797,13797,doc_13263_082000c2_chunk_0,doc_13263_082000c2
13798,13798,doc_13264_8ea42fa8_chunk_0,doc_13264_8ea42fa8
13799,13799,doc_13265_9790837f_chunk_0,doc_13265_9790837f
13800,13800,doc_13266_6a0e07a7_chunk_0,doc_13266_6a0e07a7
13801,13801,doc_13267_1d041499_chunk_0,doc_13267_1d041499
13802,13802,doc_13268_7439c8fe_chunk_0,doc_13268_7439c8fe
13803,13803,doc_13269_c4d76f30_chunk_0,doc_13269_c4d76f30
13804,13804,doc_13270_219278cd_chunk_0,doc_13270_219278cd
13805,13805,doc_13271_883016e9_chunk_0,doc_13271_883016e9
13806,13806,doc_13272_affd14a6_chunk_0,doc_13272_affd14a6
13807,13807,doc_13273_88eb4b85_chunk_0,doc_13273_88eb4b85
13808,13808,doc_13274_39dfd5cb_chunk_0,doc_13274_39dfd5cb
13809,13809,doc_13275_0f7b9543_chunk_0,doc_13275_0f7b9543
13810,13810,doc_13276_8eb9b556_chunk_0,doc_13276_8eb9b556
13811,13811,doc_13277_b7469874_chunk_0,doc_13277_b7469874
13812,13812,doc_13278_0559e96d_chunk_0,doc_13278_0559e96d
13813,13813,doc_13279_d108fab6_chunk_0,doc_13279_d108fab6
13814,13814,doc_13280_072b83fe_chunk_0,doc_13280_072b83fe
13815,13815,doc_13281_5c66f037_chunk_0,doc_13281_5c66f037
13816,13816,doc_13282_16f03b16_chunk_0,doc_13282_16f03b16
13817,13817,doc_13283_f8df31c1_chunk_0,doc_13283_f8df31c1
13818,13818,doc_13283_f8df31c1_chunk_1,doc_13283_f8df31c1
13819,13819,doc_13284_5c1baadf_chunk_0,doc_13284_5c1baadf
13820,13820,doc_13284_5c1baadf_chunk_1,doc_13284_5c1baadf
13821,13821,doc_13285_a87e5b3a_chunk_0,doc_13285_a87e5b3a
13822,13822,doc_13286_02f216e3_chunk_0,doc_13286_02f216e3
13823,13823,doc_13286_02f216e3_chunk_1,doc_13286_02f216e3
13824,13824,doc_13287_1fe2c9b9_chunk_0,doc_13287_1fe2c9b9
13825,13825,doc_13288_8cca7429_chunk_0,doc_13288_8cca7429
13826,13826,doc_13289_873d78e9_chunk_0,doc_13289_873d78e9
13827,13827,doc_13289_873d78e9_chunk_1,doc_13289_873d78e9
13828,13828,doc_13290_1602f498_chunk_0,doc_13290_1602f498
13829,13829,doc_13290_1602f498_chunk_1,doc_13290_1602f498
13830,13830,doc_13291_73cc6e9a_chunk_0,doc_13291_73cc6e9a
13831,13831,doc_13292_20638dda_chunk_0,doc_13292_20638dda
13832,13832,doc_13293_041d75ad_chunk_0,doc_13293_041d75ad
13833,13833,doc_13294_17d16216_chunk_0,doc_13294_17d16216
13834,13834,doc_13295_0b807fe6_chunk_0,doc_13295_0b807fe6
13835,13835,doc_13296_59f38dcf_chunk_0,doc_13296_59f38dcf
13836,13836,doc_13297_ab2c5d86_chunk_0,doc_13297_ab2c5d86
13837,13837,doc_13298_771d89cb_chunk_0,doc_13298_771d89cb
13838,13838,doc_13299_7006e21f_chunk_0,doc_13299_7006e21f
13839,13839,doc_13300_bdaa0504_chunk_0,doc_13300_bdaa0504
13840,13840,doc_13301_6878cd47_chunk_0,doc_13301_6878cd47
13841,13841,doc_13302_4d7c5c4f_chunk_0,doc_13302_4d7c5c4f
13842,13842,doc_13303_02b98679_chunk_0,doc_13303_02b98679
13843,13843,doc_13304_66ec68e7_chunk_0,doc_13304_66ec68e7
13844,13844,doc_13305_f819a61d_chunk_0,doc_13305_f819a61d
13845,13845,doc_13306_c35f1911_chunk_0,doc_13306_c35f1911
13846,13846,doc_13307_af603c18_chunk_0,doc_13307_af603c18
13847,13847,doc_13308_04053bf5_chunk_0,doc_13308_04053bf5
13848,13848,doc_13309_8e6e081f_chunk_0,doc_13309_8e6e081f
13849,13849,doc_13310_8e8e9a1f_chunk_0,doc_13310_8e8e9a1f
13850,13850,doc_13311_f365d6d2_chunk_0,doc_13311_f365d6d2
13851,13851,doc_13312_23fcf02a_chunk_0,doc_13312_23fcf02a
13852,13852,doc_13313_9044b2c3_chunk_0,doc_13313_9044b2c3
13853,13853,doc_13314_a3839619_chunk_0,doc_13314_a3839619
13854,13854,doc_13315_316bd661_chunk_0,doc_13315_316bd661
13855,13855,doc_13316_9baf2815_chunk_0,doc_13316_9baf2815
13856,13856,doc_13317_3a9206ef_chunk_0,doc_13317_3a9206ef
13857,13857,doc_13318_75594921_chunk_0,doc_13318_75594921
13858,13858,doc_13319_2fa3c842_chunk_0,doc_13319_2fa3c842
13859,13859,doc_13320_f1397926_chunk_0,doc_13320_f1397926
13860,13860,doc_13321_e2fe97d9_chunk_0,doc_13321_e2fe97d9
13861,13861,doc_13322_ccddadab_chunk_0,doc_13322_ccddadab
13862,13862,doc_13323_4e1feab8_chunk_0,doc_13323_4e1feab8
13863,13863,doc_13324_e1e13c90_chunk_0,doc_13324_e1e13c90
13864,13864,doc_13325_056b358d_chunk_0,doc_13325_056b358d
13865,13865,doc_13326_04879287_chunk_0,doc_13326_04879287
13866,13866,doc_13327_bc1bb064_chunk_0,doc_13327_bc1bb064
13867,13867,doc_13328_0b43cdaf_chunk_0,doc_13328_0b43cdaf
13868,13868,doc_13329_39b9efa2_chunk_0,doc_13329_39b9efa2
13869,13869,doc_13330_e1300e5a_chunk_0,doc_13330_e1300e5a
13870,13870,doc_13331_94abbca6_chunk_0,doc_13331_94abbca6
13871,13871,doc_13332_4bbe18a8_chunk_0,doc_13332_4bbe18a8
13872,13872,doc_13333_610373b8_chunk_0,doc_13333_610373b8
13873,13873,doc_13334_286a1b87_chunk_0,doc_13334_286a1b87
13874,13874,doc_13335_6ea89458_chunk_0,doc_13335_6ea89458
13875,13875,doc_13336_0ba153f0_chunk_0,doc_13336_0ba153f0
13876,13876,doc_13337_9a84ecfb_chunk_0,doc_13337_9a84ecfb
13877,13877,doc_13338_b5cf7055_chunk_0,doc_13338_b5cf7055
13878,13878,doc_13339_0e320f93_chunk_0,doc_13339_0e320f93
13879,13879,doc_13340_2968663e_chunk_0,doc_13340_2968663e
13880,13880,doc_13341_89ac2737_chunk_0,doc_13341_89ac2737
13881,13881,doc_13342_8454c8e5_chunk_0,doc_13342_8454c8e5
13882,13882,doc_13343_843a3e96_chunk_0,doc_13343_843a3e96
13883,13883,doc_13344_40f9a7ac_chunk_0,doc_13344_40f9a7ac
13884,13884,doc_13345_1ec7b160_chunk_0,doc_13345_1ec7b160
13885,13885,doc_13346_e8ee7cad_chunk_0,doc_13346_e8ee7cad
13886,13886,doc_13347_248ef6b8_chunk_0,doc_13347_248ef6b8
13887,13887,doc_13348_18a4f7b7_chunk_0,doc_13348_18a4f7b7
13888,13888,doc_13349_7229bc5b_chunk_0,doc_13349_7229bc5b
13889,13889,doc_13350_05a7a8d1_chunk_0,doc_13350_05a7a8d1
13890,13890,doc_13351_320306a6_chunk_0,doc_13351_320306a6
13891,13891,doc_13352_db751456_chunk_0,doc_13352_db751456
13892,13892,doc_13353_f2f120e7_chunk_0,doc_13353_f2f120e7
13893,13893,doc_13354_937d690e_chunk_0,doc_13354_937d690e
13894,13894,doc_13355_25a5863f_chunk_0,doc_13355_25a5863f
13895,13895,doc_13356_3a5b99d2_chunk_0,doc_13356_3a5b99d2
13896,13896,doc_13357_6aee89b3_chunk_0,doc_13357_6aee89b3
13897,13897,doc_13358_30160375_chunk_0,doc_13358_30160375
13898,13898,doc_13359_f5b14eb2_chunk_0,doc_13359_f5b14eb2
13899,13899,doc_13360_e8b62b6d_chunk_0,doc_13360_e8b62b6d
13900,13900,doc_13361_87c63b6a_chunk_0,doc_13361_87c63b6a
13901,13901,doc_13362_8b869533_chunk_0,doc_13362_8b869533
13902,13902,doc_13362_8b869533_chunk_1,doc_13362_8b869533
13903,13903,doc_13363_95ce28cd_chunk_0,doc_13363_95ce28cd
13904,13904,doc_13364_e958038c_chunk_0,doc_13364_e958038c
13905,13905,doc_13365_92a85a3b_chunk_0,doc_13365_92a85a3b
13906,13906,doc_13366_d647b232_chunk_0,doc_13366_d647b232
13907,13907,doc_13367_e44bada4_chunk_0,doc_13367_e44bada4
13908,13908,doc_13367_e44bada4_chunk_1,doc_13367_e44bada4
13909,13909,doc_13368_34a84835_chunk_0,doc_13368_34a84835
13910,13910,doc_13369_78d1a3d4_chunk_0,doc_13369_78d1a3d4
13911,13911,doc_13370_bc40372f_chunk_0,doc_13370_bc40372f
13912,13912,doc_13371_ac5d10cd_chunk_0,doc_13371_ac5d10cd
13913,13913,doc_13372_cf05a3ed_chunk_0,doc_13372_cf05a3ed
13914,13914,doc_13373_0a4b0a38_chunk_0,doc_13373_0a4b0a38
13915,13915,doc_13374_c6fcdf2f_chunk_0,doc_13374_c6fcdf2f
13916,13916,doc_13375_cd8f9eee_chunk_0,doc_13375_cd8f9eee
13917,13917,doc_13376_8724e229_chunk_0,doc_13376_8724e229
13918,13918,doc_13377_abe07c29_chunk_0,doc_13377_abe07c29
13919,13919,doc_13378_62e78fcd_chunk_0,doc_13378_62e78fcd
13920,13920,doc_13379_cb5b94d9_chunk_0,doc_13379_cb5b94d9
13921,13921,doc_13380_946ad9a4_chunk_0,doc_13380_946ad9a4
13922,13922,doc_13381_27b908dd_chunk_0,doc_13381_27b908dd
13923,13923,doc_13382_bcc47fb1_chunk_0,doc_13382_bcc47fb1
13924,13924,doc_13383_41fa3aa9_chunk_0,doc_13383_41fa3aa9
13925,13925,doc_13384_bb5c0dc6_chunk_0,doc_13384_bb5c0dc6
13926,13926,doc_13385_be1676ad_chunk_0,doc_13385_be1676ad
13927,13927,doc_13385_be1676ad_chunk_1,doc_13385_be1676ad
13928,13928,doc_13386_3522a583_chunk_0,doc_13386_3522a583
13929,13929,doc_13387_2094322f_chunk_0,doc_13387_2094322f
13930,13930,doc_13388_24f55aac_chunk_0,doc_13388_24f55aac
13931,13931,doc_13389_dae8d192_chunk_0,doc_13389_dae8d192
13932,13932,doc_13390_52947c2d_chunk_0,doc_13390_52947c2d
13933,13933,doc_13391_01d2f709_chunk_0,doc_13391_01d2f709
13934,13934,doc_13392_174931f6_chunk_0,doc_13392_174931f6
13935,13935,doc_13393_854b6ffe_chunk_0,doc_13393_854b6ffe
13936,13936,doc_13394_94dadeeb_chunk_0,doc_13394_94dadeeb
13937,13937,doc_13395_d9246c7f_chunk_0,doc_13395_d9246c7f
13938,13938,doc_13396_61953c4b_chunk_0,doc_13396_61953c4b
13939,13939,doc_13396_61953c4b_chunk_1,doc_13396_61953c4b
13940,13940,doc_13396_61953c4b_chunk_2,doc_13396_61953c4b
13941,13941,doc_13397_90b0b020_chunk_0,doc_13397_90b0b020
13942,13942,doc_13397_90b0b020_chunk_1,doc_13397_90b0b020
13943,13943,doc_13397_90b0b020_chunk_2,doc_13397_90b0b020
13944,13944,doc_13397_90b0b020_chunk_3,doc_13397_90b0b020
13945,13945,doc_13398_9dc04cbf_chunk_0,doc_13398_9dc04cbf
13946,13946,doc_13399_830d4b41_chunk_0,doc_13399_830d4b41
13947,13947,doc_13400_cd315225_chunk_0,doc_13400_cd315225
13948,13948,doc_13401_a7e095f1_chunk_0,doc_13401_a7e095f1
13949,13949,doc_13402_f3a3a287_chunk_0,doc_13402_f3a3a287
13950,13950,doc_13403_2dc9f5cc_chunk_0,doc_13403_2dc9f5cc
13951,13951,doc_13404_4ff6efdb_chunk_0,doc_13404_4ff6efdb
13952,13952,doc_13405_383c87d4_chunk_0,doc_13405_383c87d4
13953,13953,doc_13406_063675f3_chunk_0,doc_13406_063675f3
13954,13954,doc_13407_9c615152_chunk_0,doc_13407_9c615152
13955,13955,doc_13408_c7242c17_chunk_0,doc_13408_c7242c17
13956,13956,doc_13409_db7774bb_chunk_0,doc_13409_db7774bb
13957,13957,doc_13410_f4448212_chunk_0,doc_13410_f4448212
13958,13958,doc_13411_f6d23179_chunk_0,doc_13411_f6d23179
13959,13959,doc_13412_5368a92b_chunk_0,doc_13412_5368a92b
13960,13960,doc_13413_97d19d18_chunk_0,doc_13413_97d19d18
13961,13961,doc_13414_81be962a_chunk_0,doc_13414_81be962a
13962,13962,doc_13415_c674343f_chunk_0,doc_13415_c674343f
13963,13963,doc_13416_348a98f1_chunk_0,doc_13416_348a98f1
13964,13964,doc_13417_e9ea86f2_chunk_0,doc_13417_e9ea86f2
13965,13965,doc_13418_e60acf6c_chunk_0,doc_13418_e60acf6c
13966,13966,doc_13419_ca04e5d4_chunk_0,doc_13419_ca04e5d4
13967,13967,doc_13420_3e2a884b_chunk_0,doc_13420_3e2a884b
13968,13968,doc_13421_0108c9d5_chunk_0,doc_13421_0108c9d5
13969,13969,doc_13422_6ab26da1_chunk_0,doc_13422_6ab26da1
13970,13970,doc_13423_f2eaab16_chunk_0,doc_13423_f2eaab16
13971,13971,doc_13424_fb84a8c3_chunk_0,doc_13424_fb84a8c3
13972,13972,doc_13425_ab0faf04_chunk_0,doc_13425_ab0faf04
13973,13973,doc_13426_68e23d12_chunk_0,doc_13426_68e23d12
13974,13974,doc_13427_b27af54d_chunk_0,doc_13427_b27af54d
13975,13975,doc_13428_1f603054_chunk_0,doc_13428_1f603054
13976,13976,doc_13429_86a3ed02_chunk_0,doc_13429_86a3ed02
13977,13977,doc_13430_7cba6ced_chunk_0,doc_13430_7cba6ced
13978,13978,doc_13431_e0fa57d7_chunk_0,doc_13431_e0fa57d7
13979,13979,doc_13432_b5cab43e_chunk_0,doc_13432_b5cab43e
13980,13980,doc_13433_a3b5b2a9_chunk_0,doc_13433_a3b5b2a9
13981,13981,doc_13434_cd546a89_chunk_0,doc_13434_cd546a89
13982,13982,doc_13435_09ca1498_chunk_0,doc_13435_09ca1498
13983,13983,doc_13436_042d8da0_chunk_0,doc_13436_042d8da0
13984,13984,doc_13437_42e8b0b6_chunk_0,doc_13437_42e8b0b6
13985,13985,doc_13438_6f2d6fea_chunk_0,doc_13438_6f2d6fea
13986,13986,doc_13439_d53fceaa_chunk_0,doc_13439_d53fceaa
13987,13987,doc_13440_535b66a1_chunk_0,doc_13440_535b66a1
13988,13988,doc_13441_7ca83581_chunk_0,doc_13441_7ca83581
13989,13989,doc_13442_ab1966a1_chunk_0,doc_13442_ab1966a1
13990,13990,doc_13443_2fd1024d_chunk_0,doc_13443_2fd1024d
13991,13991,doc_13444_68fb3e32_chunk_0,doc_13444_68fb3e32
13992,13992,doc_13445_cf3f74b7_chunk_0,doc_13445_cf3f74b7
13993,13993,doc_13446_3f56102b_chunk_0,doc_13446_3f56102b
13994,13994,doc_13447_d518f268_chunk_0,doc_13447_d518f268
13995,13995,doc_13448_cd3b2fc2_chunk_0,doc_13448_cd3b2fc2
13996,13996,doc_13449_dab2a8ec_chunk_0,doc_13449_dab2a8ec
13997,13997,doc_13450_d03efe15_chunk_0,doc_13450_d03efe15
13998,13998,doc_13451_5dd169cd_chunk_0,doc_13451_5dd169cd
13999,13999,doc_13452_0fedc421_chunk_0,doc_13452_0fedc421
14000,14000,doc_13453_7ca701f9_chunk_0,doc_13453_7ca701f9
14001,14001,doc_13454_7ba3c4ec_chunk_0,doc_13454_7ba3c4ec
14002,14002,doc_13455_a76cf14a_chunk_0,doc_13455_a76cf14a
14003,14003,doc_13456_c89bbdda_chunk_0,doc_13456_c89bbdda
14004,14004,doc_13457_bdb5f577_chunk_0,doc_13457_bdb5f577
14005,14005,doc_13458_0f91253a_chunk_0,doc_13458_0f91253a
14006,14006,doc_13459_3ccbd504_chunk_0,doc_13459_3ccbd504
14007,14007,doc_13460_c0a7564b_chunk_0,doc_13460_c0a7564b
14008,14008,doc_13461_89a9d22f_chunk_0,doc_13461_89a9d22f
14009,14009,doc_13462_28bece42_chunk_0,doc_13462_28bece42
14010,14010,doc_13463_b389d4ec_chunk_0,doc_13463_b389d4ec
14011,14011,doc_13464_83475d76_chunk_0,doc_13464_83475d76
14012,14012,doc_13465_4344a43d_chunk_0,doc_13465_4344a43d
14013,14013,doc_13466_a4b83493_chunk_0,doc_13466_a4b83493
14014,14014,doc_13467_9088f725_chunk_0,doc_13467_9088f725
14015,14015,doc_13468_03029820_chunk_0,doc_13468_03029820
14016,14016,doc_13469_fdba3322_chunk_0,doc_13469_fdba3322
14017,14017,doc_13470_98810e30_chunk_0,doc_13470_98810e30
14018,14018,doc_13471_528afa4a_chunk_0,doc_13471_528afa4a
14019,14019,doc_13472_b48ffdce_chunk_0,doc_13472_b48ffdce
14020,14020,doc_13473_7a7c9d0a_chunk_0,doc_13473_7a7c9d0a
14021,14021,doc_13474_c3317d86_chunk_0,doc_13474_c3317d86
14022,14022,doc_13475_77f81255_chunk_0,doc_13475_77f81255
14023,14023,doc_13476_975ccc3f_chunk_0,doc_13476_975ccc3f
14024,14024,doc_13477_216a59cd_chunk_0,doc_13477_216a59cd
14025,14025,doc_13478_91dd1dbf_chunk_0,doc_13478_91dd1dbf
14026,14026,doc_13479_5fb929a6_chunk_0,doc_13479_5fb929a6
14027,14027,doc_13480_55b13b2a_chunk_0,doc_13480_55b13b2a
14028,14028,doc_13481_2517b0b8_chunk_0,doc_13481_2517b0b8
14029,14029,doc_13482_56dc7387_chunk_0,doc_13482_56dc7387
14030,14030,doc_13483_d905579b_chunk_0,doc_13483_d905579b
14031,14031,doc_13484_609f18b6_chunk_0,doc_13484_609f18b6
14032,14032,doc_13485_08fc7461_chunk_0,doc_13485_08fc7461
14033,14033,doc_13486_90df0ab1_chunk_0,doc_13486_90df0ab1
14034,14034,doc_13487_190f5e3a_chunk_0,doc_13487_190f5e3a
14035,14035,doc_13488_250af096_chunk_0,doc_13488_250af096
14036,14036,doc_13489_f1df0abe_chunk_0,doc_13489_f1df0abe
14037,14037,doc_13490_b400aa1c_chunk_0,doc_13490_b400aa1c
14038,14038,doc_13491_efc34938_chunk_0,doc_13491_efc34938
14039,14039,doc_13492_d9ae0a06_chunk_0,doc_13492_d9ae0a06
14040,14040,doc_13493_65c0b756_chunk_0,doc_13493_65c0b756
14041,14041,doc_13494_294d6bcd_chunk_0,doc_13494_294d6bcd
14042,14042,doc_13495_7995aeb5_chunk_0,doc_13495_7995aeb5
14043,14043,doc_13496_0749db92_chunk_0,doc_13496_0749db92
14044,14044,doc_13497_ee3a7963_chunk_0,doc_13497_ee3a7963
14045,14045,doc_13498_db311fc2_chunk_0,doc_13498_db311fc2
14046,14046,doc_13499_a847cf91_chunk_0,doc_13499_a847cf91
14047,14047,doc_13500_b46e527d_chunk_0,doc_13500_b46e527d
14048,14048,doc_13501_c8c95839_chunk_0,doc_13501_c8c95839
14049,14049,doc_13502_c3c54936_chunk_0,doc_13502_c3c54936
14050,14050,doc_13503_dc4ef630_chunk_0,doc_13503_dc4ef630
14051,14051,doc_13504_1ed35a65_chunk_0,doc_13504_1ed35a65
14052,14052,doc_13505_653b7bc7_chunk_0,doc_13505_653b7bc7
14053,14053,doc_13506_069d535e_chunk_0,doc_13506_069d535e
14054,14054,doc_13507_0cee46a0_chunk_0,doc_13507_0cee46a0
14055,14055,doc_13508_5771a21d_chunk_0,doc_13508_5771a21d
14056,14056,doc_13509_15c83350_chunk_0,doc_13509_15c83350
14057,14057,doc_13510_556ebce5_chunk_0,doc_13510_556ebce5
14058,14058,doc_13511_8827527f_chunk_0,doc_13511_8827527f
14059,14059,doc_13512_08ab5b8b_chunk_0,doc_13512_08ab5b8b
14060,14060,doc_13513_9b72cb99_chunk_0,doc_13513_9b72cb99
14061,14061,doc_13514_d85260c3_chunk_0,doc_13514_d85260c3
14062,14062,doc_13515_7ad3e3ba_chunk_0,doc_13515_7ad3e3ba
14063,14063,doc_13516_67320981_chunk_0,doc_13516_67320981
14064,14064,doc_13517_7d0530b1_chunk_0,doc_13517_7d0530b1
14065,14065,doc_13518_a95cd0e8_chunk_0,doc_13518_a95cd0e8
14066,14066,doc_13519_932c97b1_chunk_0,doc_13519_932c97b1
14067,14067,doc_13520_e5523c28_chunk_0,doc_13520_e5523c28
14068,14068,doc_13521_714940f9_chunk_0,doc_13521_714940f9
14069,14069,doc_13522_122957b0_chunk_0,doc_13522_122957b0
14070,14070,doc_13523_8b1a0301_chunk_0,doc_13523_8b1a0301
14071,14071,doc_13524_a1c08ed4_chunk_0,doc_13524_a1c08ed4
14072,14072,doc_13525_009ebfb5_chunk_0,doc_13525_009ebfb5
14073,14073,doc_13526_722e51b0_chunk_0,doc_13526_722e51b0
14074,14074,doc_13527_88eb204a_chunk_0,doc_13527_88eb204a
14075,14075,doc_13528_da43eede_chunk_0,doc_13528_da43eede
14076,14076,doc_13529_76ac90e9_chunk_0,doc_13529_76ac90e9
14077,14077,doc_13530_997ca625_chunk_0,doc_13530_997ca625
14078,14078,doc_13531_ec9dacfb_chunk_0,doc_13531_ec9dacfb
14079,14079,doc_13532_478c36bc_chunk_0,doc_13532_478c36bc
14080,14080,doc_13533_674d411b_chunk_0,doc_13533_674d411b
14081,14081,doc_13534_0f33236e_chunk_0,doc_13534_0f33236e
14082,14082,doc_13535_93655a58_chunk_0,doc_13535_93655a58
14083,14083,doc_13535_93655a58_chunk_1,doc_13535_93655a58
14084,14084,doc_13536_684ac60d_chunk_0,doc_13536_684ac60d
14085,14085,doc_13537_d226438e_chunk_0,doc_13537_d226438e
14086,14086,doc_13538_3eb23e70_chunk_0,doc_13538_3eb23e70
14087,14087,doc_13539_7eef1c0e_chunk_0,doc_13539_7eef1c0e
14088,14088,doc_13540_63222d70_chunk_0,doc_13540_63222d70
14089,14089,doc_13541_b8d4bd66_chunk_0,doc_13541_b8d4bd66
14090,14090,doc_13542_3e9f006b_chunk_0,doc_13542_3e9f006b
14091,14091,doc_13543_446b7a4c_chunk_0,doc_13543_446b7a4c
14092,14092,doc_13544_37b05b63_chunk_0,doc_13544_37b05b63
14093,14093,doc_13545_672797b3_chunk_0,doc_13545_672797b3
14094,14094,doc_13546_9406a4ba_chunk_0,doc_13546_9406a4ba
14095,14095,doc_13547_89247586_chunk_0,doc_13547_89247586
14096,14096,doc_13548_131d37bf_chunk_0,doc_13548_131d37bf
14097,14097,doc_13549_c1f3650f_chunk_0,doc_13549_c1f3650f
14098,14098,doc_13550_0a15468c_chunk_0,doc_13550_0a15468c
14099,14099,doc_13551_2ecf9c96_chunk_0,doc_13551_2ecf9c96
14100,14100,doc_13552_77aba6c9_chunk_0,doc_13552_77aba6c9
14101,14101,doc_13553_50058eca_chunk_0,doc_13553_50058eca
14102,14102,doc_13554_33b09a4a_chunk_0,doc_13554_33b09a4a
14103,14103,doc_13555_4df176a8_chunk_0,doc_13555_4df176a8
14104,14104,doc_13556_40ebbd4c_chunk_0,doc_13556_40ebbd4c
14105,14105,doc_13557_603f6037_chunk_0,doc_13557_603f6037
14106,14106,doc_13558_6ef92dce_chunk_0,doc_13558_6ef92dce
14107,14107,doc_13559_c9d8b582_chunk_0,doc_13559_c9d8b582
14108,14108,doc_13560_e183b075_chunk_0,doc_13560_e183b075
14109,14109,doc_13561_8195b019_chunk_0,doc_13561_8195b019
14110,14110,doc_13562_3ab833ca_chunk_0,doc_13562_3ab833ca
14111,14111,doc_13563_6fe59b7f_chunk_0,doc_13563_6fe59b7f
14112,14112,doc_13564_968d579a_chunk_0,doc_13564_968d579a
14113,14113,doc_13565_57da90c8_chunk_0,doc_13565_57da90c8
14114,14114,doc_13566_d35a38af_chunk_0,doc_13566_d35a38af
14115,14115,doc_13567_c99494f8_chunk_0,doc_13567_c99494f8
14116,14116,doc_13568_07f65aac_chunk_0,doc_13568_07f65aac
14117,14117,doc_13569_0669c510_chunk_0,doc_13569_0669c510
14118,14118,doc_13570_1fb7d5f4_chunk_0,doc_13570_1fb7d5f4
14119,14119,doc_13571_4c4b4bc2_chunk_0,doc_13571_4c4b4bc2
14120,14120,doc_13572_237ab7b9_chunk_0,doc_13572_237ab7b9
14121,14121,doc_13573_b618dfa9_chunk_0,doc_13573_b618dfa9
14122,14122,doc_13574_80ead5c7_chunk_0,doc_13574_80ead5c7
14123,14123,doc_13575_5928dd6e_chunk_0,doc_13575_5928dd6e
14124,14124,doc_13576_1f75d947_chunk_0,doc_13576_1f75d947
14125,14125,doc_13577_7eeb51ee_chunk_0,doc_13577_7eeb51ee
14126,14126,doc_13578_02a1a073_chunk_0,doc_13578_02a1a073
14127,14127,doc_13579_9a38d72b_chunk_0,doc_13579_9a38d72b
14128,14128,doc_13580_77cd368c_chunk_0,doc_13580_77cd368c
14129,14129,doc_13581_2fa14eb1_chunk_0,doc_13581_2fa14eb1
14130,14130,doc_13582_d9dacc9f_chunk_0,doc_13582_d9dacc9f
14131,14131,doc_13583_808de75a_chunk_0,doc_13583_808de75a
14132,14132,doc_13584_4f79706b_chunk_0,doc_13584_4f79706b
14133,14133,doc_13585_77205454_chunk_0,doc_13585_77205454
14134,14134,doc_13586_c22557f8_chunk_0,doc_13586_c22557f8
14135,14135,doc_13587_2fa45b44_chunk_0,doc_13587_2fa45b44
14136,14136,doc_13588_495bf9fd_chunk_0,doc_13588_495bf9fd
14137,14137,doc_13589_790fbc73_chunk_0,doc_13589_790fbc73
14138,14138,doc_13590_7668fc51_chunk_0,doc_13590_7668fc51
14139,14139,doc_13591_227ec02b_chunk_0,doc_13591_227ec02b
14140,14140,doc_13592_188d6c21_chunk_0,doc_13592_188d6c21
14141,14141,doc_13593_dab255c7_chunk_0,doc_13593_dab255c7
14142,14142,doc_13594_f3ceb9ad_chunk_0,doc_13594_f3ceb9ad
14143,14143,doc_13595_651ed74a_chunk_0,doc_13595_651ed74a
14144,14144,doc_13596_6306240e_chunk_0,doc_13596_6306240e
14145,14145,doc_13597_1a40704c_chunk_0,doc_13597_1a40704c
14146,14146,doc_13598_7115498c_chunk_0,doc_13598_7115498c
14147,14147,doc_13599_5bf5e638_chunk_0,doc_13599_5bf5e638
14148,14148,doc_13600_7108429a_chunk_0,doc_13600_7108429a
14149,14149,doc_13601_1f5ead0f_chunk_0,doc_13601_1f5ead0f
14150,14150,doc_13602_8c10f1a2_chunk_0,doc_13602_8c10f1a2
14151,14151,doc_13603_308f0117_chunk_0,doc_13603_308f0117
14152,14152,doc_13604_b2918cbb_chunk_0,doc_13604_b2918cbb
14153,14153,doc_13605_d9b7a85a_chunk_0,doc_13605_d9b7a85a
14154,14154,doc_13606_b940ad28_chunk_0,doc_13606_b940ad28
